direction,layer,rank,feature,a_donor,a_recipient_tune,noncapital_active_japan,noncapital_active_germany,noncapital_mean_japan,noncapital_mean_germany,n_noncapital_prefixes
to_Berlin,16,1,126668,16.5186710357666,0.0,0,16,0.0,13.864446640014648,16
to_Berlin,16,2,94001,13.174904823303223,0.0,0,16,0.0,8.428717613220215,16
to_Berlin,16,3,50675,7.474114418029785,0.0,0,16,0.0,5.994761943817139,16
to_Berlin,16,4,121007,0.0,9.78611946105957,16,0,8.273859977722168,0.0,16
to_Berlin,16,5,9693,2.541388511657715,0.07436776161193848,6,7,0.7685099244117737,0.9886492490768433,16
to_Berlin,16,6,23125,0.0,6.056192874908447,16,0,5.705609321594238,0.0,16
to_Berlin,16,7,115996,0.0,6.058162689208984,16,0,5.347082138061523,0.0,16
to_Berlin,16,8,13235,11.538517951965332,10.828113555908203,16,16,11.216897010803223,11.871742248535156,16
to_Berlin,16,9,139039,0.0,7.063127517700195,16,0,6.243929386138916,0.0,16
to_Berlin,16,10,70797,0.5637905597686768,0.0,2,1,0.19339527189731598,0.08295005559921265,16
to_Tokyo,16,1,121007,9.78611946105957,0.0,16,0,8.273859977722168,0.0,16
to_Tokyo,16,2,139039,7.063127517700195,0.0,16,0,6.243929386138916,0.0,16
to_Tokyo,16,3,23125,6.056192874908447,0.0,16,0,5.705609321594238,0.0,16
to_Tokyo,16,4,115996,6.058162689208984,0.0,16,0,5.347082138061523,0.0,16
to_Tokyo,16,5,50675,0.0,7.474114418029785,0,16,0.0,5.994761943817139,16
to_Tokyo,16,6,52503,3.9645915031433105,0.0,16,0,3.1677236557006836,0.0,16
to_Tokyo,16,7,126668,0.0,16.5186710357666,0,16,0.0,13.864446640014648,16
to_Tokyo,16,8,108301,2.1591107845306396,3.6750106811523438,12,14,1.1872502565383911,1.6823111772537231,16
to_Tokyo,16,9,9693,0.07436776161193848,2.541388511657715,6,7,0.7685099244117737,0.9886492490768433,16
to_Tokyo,16,10,4835,3.5248308181762695,1.7039713859558105,12,12,2.4776711463928223,1.8490660190582275,16
