layer,t_d10,t_d50,t_d90,width_10_90,peak_step_share,t_peak_step,path_length,endpoint_distance,probe_lofo_acc_min,probe_lofo_min_signed,probe_t0,probe_t1,probe_t_zero,probe_capital_original_japan,probe_capital_original_germany
0,0.098759663105011,0.5025422027334571,0.9030154187232257,0.8042557556182146,0.02524421364068985,0.9875,9.132074356079102,8.863547325134277,1.0,0.9254323840141296,1.0147815942764282,-0.9737914800643921,0.5096033029258251,1.0147815942764282,-0.9737913608551025
1,0.09550415128469468,0.49693966656923294,0.9029789466410876,0.8074747953563929,0.02536614239215851,0.0125,10.250581741333008,9.769270896911621,1.0,0.9289413094520569,1.0239683389663696,-0.9657891392707825,0.5137268856167794,1.0239683389663696,-0.9657891392707825
2,0.09047280699014665,0.4909276247024536,0.9051761463284492,0.8147033393383025,0.02640685811638832,0.0125,11.727363586425781,10.924018859863281,1.0,0.9351780414581299,1.0053845643997192,-0.994361937046051,0.49962596595287323,1.0053845643997192,-0.9943618774414062
3,0.08072521463036539,0.46609775722026825,0.9019365170970559,0.8212113024666905,0.02880469709634781,0.0125,13.219158172607422,11.903525352478027,1.0,0.862689733505249,1.016798496246338,-0.9772712588310242,0.48418849110603335,1.0167983770370483,-0.9772712588310242
4,0.07201480120420457,0.46220288649201396,0.9063459128141403,0.8343311116099358,0.03199640288949013,0.0125,14.769392013549805,12.935685157775879,1.0,0.8577452301979065,1.072009563446045,-1.0274128913879395,0.4869791708886624,1.0720093250274658,-1.0274128913879395
5,0.07684419862926008,0.49014030247926715,0.9071628138422966,0.8303186152130365,0.029824906960129738,0.0125,19.6607723236084,16.926254272460938,1.0,0.8144798278808594,1.0724897384643555,-1.0577781200408936,0.5015437502413989,1.0724892616271973,-1.057778239250183
6,0.07551803598180415,0.4860143482685089,0.9062108427286149,0.8306928067468107,0.030074015259742737,0.0125,20.59783935546875,17.54705238342285,1.0,0.7406256794929504,1.0783936977386475,-1.057660698890686,0.5003011320251971,1.0783936977386475,-1.057660698890686
7,0.08135325312614441,0.4936595678329468,0.8976843908429146,0.8163311377167702,0.02815220318734646,0.0125,23.2041072845459,19.784025192260742,1.0,0.8390018939971924,1.0348585844039917,-1.0460737943649292,0.5001537211588584,1.0348588228225708,-1.0460741519927979
8,0.08100541569292546,0.4977868139743805,0.8974500879645347,0.8164446722716092,0.027899468317627907,0.5625,24.95867919921875,20.608732223510742,1.0,0.8635860085487366,1.06196129322052,-1.0708951950073242,0.5050745628774166,1.0619615316390991,-1.0708956718444824
9,0.0889155775308609,0.5039548762142658,0.8935171633958817,0.8046015858650208,0.030958067625761032,0.5125,27.6669979095459,22.752479553222656,1.0,0.8527681231498718,1.0463472604751587,-1.0773805379867554,0.5068572431802749,1.0463476181030273,-1.077380895614624
10,0.10065541020594537,0.50049201361835,0.8765262000262737,0.7758707898203283,0.0370926670730114,0.5125,33.5342903137207,27.91741371154785,1.0,0.8362412452697754,1.0584701299667358,-1.189853310585022,0.48911604881286624,1.0584702491760254,-1.1898534297943115
11,0.10790556147694588,0.5130554556846618,0.8850154094398022,0.7771098479628563,0.03611397370696068,0.5125,38.593204498291016,32.64057540893555,1.0,0.8392890095710754,1.075982689857483,-1.141983151435852,0.5096425130963326,1.075982928276062,-1.141983151435852
12,0.10811873376369477,0.5138397350907326,0.8855832919478417,0.777464558184147,0.03584826737642288,0.5125,39.05082702636719,32.65751266479492,1.0,0.8312561511993408,1.0760607719421387,-1.1405175924301147,0.5077672712504864,1.0760610103607178,-1.1405175924301147
13,0.10578794367611409,0.5108692690730094,0.8859683632850647,0.7801804196089506,0.0354711189866066,0.5125,39.42646408081055,32.907371520996094,1.0,0.8423445224761963,1.0692638158798218,-1.1467043161392212,0.5030136035755277,1.0692640542984009,-1.1467043161392212
14,0.10285068396478891,0.5114304095506668,0.8867951393127441,0.7839444553479552,0.03517361357808113,0.5125,39.780784606933594,33.04895782470703,1.0,0.8443337082862854,1.0700953006744385,-1.1300898790359497,0.5060818370431661,1.0700955390930176,-1.1300898790359497
15,0.1018151916563511,0.5109033226966858,0.8869050927460194,0.7850899010896683,0.035188380628824234,0.5125,40.69338607788086,33.599674224853516,1.0,0.8269208669662476,1.0620468854904175,-1.1266288757324219,0.5033731147646904,1.0620472431182861,-1.1266289949417114
16,0.1139753520488739,0.5169901862740517,0.8875375539064407,0.7735622018575669,0.03495622053742409,0.5125,62.54835510253906,53.5512580871582,1.0,0.8376859426498413,1.0603679418563843,-1.1302728652954102,0.5064613871276379,1.060368299484253,-1.1302732229232788
17,0.12145749181509018,0.5181869626045227,0.8781754355877638,0.7567179437726737,0.039819709956645966,0.5125,73.04432678222656,60.96768569946289,1.0,0.8424904346466064,1.0927611589431763,-1.1348956823349,0.5132712706923485,1.0927612781524658,-1.1348960399627686
18,0.12304641753435135,0.522612102329731,0.8812296248972415,0.7581832073628902,0.039498522877693176,0.5375,79.3541030883789,66.08145141601562,1.0,0.8496645092964172,1.0942472219467163,-1.143365502357483,0.5172281697392463,1.0942473411560059,-1.1433658599853516
19,0.12251741588115692,0.5365328460931779,0.8913374468684196,0.7688200309872627,0.0364035926759243,0.5375,100.95152282714844,83.22029876708984,1.0,0.8397327661514282,1.0602866411209106,-1.1347359418869019,0.5265922939404846,1.0602866411209106,-1.1347360610961914
20,0.13663841709494592,0.5356428526341915,0.878888288512826,0.74224987141788,0.04533082991838455,0.5125,139.2823944091797,112.17943572998047,1.0,0.8566564917564392,1.0454496145248413,-1.0960060358047485,0.5289304446429014,1.0454492568969727,-1.0960060358047485
21,0.14359455555677417,0.5438008561730385,0.8711316376924515,0.7275370821356774,0.04811033606529236,0.5125,165.22215270996094,127.301513671875,1.0,0.8482351303100586,1.0505945682525635,-1.0671067237854004,0.5419520542025567,1.0505938529968262,-1.06710684299469
22,0.15347459912300113,0.5233987882733345,0.8534863587468863,0.7000117596238852,0.05326755344867706,0.5125,193.5758056640625,150.03778076171875,1.0,0.7793086767196655,1.0262951850891113,-1.1484603881835938,0.5118614956736565,1.026294469833374,-1.1484605073928833
23,0.16803796589374545,0.5180162236094475,0.8420296058058739,0.6739916399121285,0.05897228419780731,0.5125,222.0555419921875,171.59043884277344,1.0,0.8124757409095764,1.0422053337097168,-1.1410634517669678,0.5078114457428455,1.0422041416168213,-1.1410633325576782
24,0.16899828910827638,0.5209105774760246,0.8419134795665741,0.6729151904582977,0.05944279953837395,0.5125,235.59323120117188,181.12615966796875,1.0,0.8031609654426575,1.0164979696273804,-1.1756298542022705,0.5051985532045364,1.0164967775344849,-1.1756298542022705
25,0.17048616111278536,0.5218720644712448,0.8431091308593751,0.6726229697465897,0.06060122326016426,0.5125,253.8184814453125,191.94151306152344,1.0,0.809319794178009,1.0398597717285156,-1.1627916097640991,0.509209855645895,1.0398585796356201,-1.1627914905548096
26,0.17811625059694053,0.5148527711629868,0.8183004826307297,0.6401842320337892,0.06618082523345947,0.5125,241.32672119140625,177.3301239013672,1.0,0.7462694048881531,1.0520908832550049,-1.2087370157241821,0.5009814774617553,1.0520895719528198,-1.2087370157241821
27,0.17083066254854204,0.5131136134266854,0.820110858976841,0.6492801964282989,0.06512511521577835,0.5125,267.2838134765625,193.3534393310547,1.0,0.7625684142112732,1.0277711153030396,-1.2500983476638794,0.4967248409986496,1.0277698040008545,-1.2500982284545898
