layer,template,country,site,n_active,mlp_out_l2,rel_recon_error
0,tune,Japan,country,16,6.024669647216797,0.29003632068634033
0,tune,Japan,is,2,3.6859896183013916,0.3305394649505615
0,tune,Germany,country,14,6.247844696044922,0.25412946939468384
0,tune,Germany,is,4,3.958439588546753,0.31871888041496277
0,original,Japan,country,15,6.0552144050598145,0.27365928888320923
0,original,Japan,is,3,3.62428879737854,0.33715513348579407
0,original,Germany,country,13,6.009411334991455,0.22048775851726532
0,original,Germany,is,3,3.909451484680176,0.3209769129753113
1,tune,Japan,country,10,5.585287094116211,0.34926894307136536
1,tune,Japan,is,44,5.191725730895996,0.39439642429351807
1,tune,Germany,country,5,5.005416393280029,0.3609934151172638
1,tune,Germany,is,43,4.807309627532959,0.4468100965023041
1,original,Japan,country,9,5.254034042358398,0.3491123616695404
1,original,Japan,is,86,5.009725570678711,0.47533145546913147
1,original,Germany,country,5,4.902976989746094,0.32229238748550415
1,original,Germany,is,75,4.817197799682617,0.49400705099105835
2,tune,Japan,country,13,6.027651786804199,0.5497048497200012
2,tune,Japan,is,12,4.7709150314331055,0.5924343466758728
2,tune,Germany,country,6,5.565793037414551,0.3904596269130707
2,tune,Germany,is,4,4.505059242248535,0.6384977102279663
2,original,Japan,country,6,5.355669021606445,0.5149490833282471
2,original,Japan,is,18,4.671362400054932,0.646362841129303
2,original,Germany,country,5,5.532988548278809,0.4274298846721649
2,original,Germany,is,9,4.545517444610596,0.6387864947319031
3,tune,Japan,country,17,6.476675033569336,0.5613732933998108
3,tune,Japan,is,13,5.949223518371582,0.6124994158744812
3,tune,Germany,country,2,5.14176607131958,0.46031373739242554
3,tune,Germany,is,8,6.056780815124512,0.5301882028579712
3,original,Japan,country,5,5.924271106719971,0.4453771114349365
3,original,Japan,is,13,6.07185173034668,0.6079115271568298
3,original,Germany,country,3,5.164349555969238,0.5431640148162842
3,original,Germany,is,7,5.991612434387207,0.5956755876541138
4,tune,Japan,country,10,8.803592681884766,0.4875252842903137
4,tune,Japan,is,19,6.281367301940918,0.5354944467544556
4,tune,Germany,country,6,7.385676383972168,0.3530297577381134
4,tune,Germany,is,8,5.949820041656494,0.5369301438331604
4,original,Japan,country,5,7.959043025970459,0.3702234923839569
4,original,Japan,is,17,5.6667304039001465,0.6107947826385498
4,original,Germany,country,6,7.259947299957275,0.3778299391269684
4,original,Germany,is,10,5.608634948730469,0.6244358420372009
5,tune,Japan,country,8,8.673519134521484,0.5237104892730713
5,tune,Japan,is,6,7.171989440917969,0.6869806051254272
5,tune,Germany,country,4,6.633862495422363,0.5163520574569702
5,tune,Germany,is,5,6.757208347320557,0.6918280124664307
5,original,Japan,country,8,8.229020118713379,0.41405099630355835
5,original,Japan,is,8,6.746420383453369,0.8041725158691406
5,original,Germany,country,6,6.444608211517334,0.5127091407775879
5,original,Germany,is,7,6.44755744934082,0.8015393614768982
6,tune,Japan,country,9,8.743138313293457,0.6286248564720154
6,tune,Japan,is,4,7.20955228805542,0.7062360644340515
6,tune,Germany,country,4,7.986067771911621,0.5603426694869995
6,tune,Germany,is,6,7.931178569793701,0.7126946449279785
6,original,Japan,country,7,8.56534194946289,0.5308478474617004
6,original,Japan,is,9,7.902668476104736,0.653136670589447
6,original,Germany,country,5,8.481579780578613,0.5671135187149048
6,original,Germany,is,12,8.775871276855469,0.6510967016220093
7,tune,Japan,country,6,9.394749641418457,0.5815432667732239
7,tune,Japan,is,6,10.366039276123047,0.652977705001831
7,tune,Germany,country,8,9.828470230102539,0.4256090521812439
7,tune,Germany,is,9,10.662673950195312,0.6589532494544983
7,original,Japan,country,9,10.59931468963623,0.5044615864753723
7,original,Japan,is,15,11.435352325439453,0.6570339202880859
7,original,Germany,country,10,10.380603790283203,0.449448823928833
7,original,Germany,is,16,11.672189712524414,0.6603872179985046
8,tune,Japan,country,8,9.110848426818848,0.5661360025405884
8,tune,Japan,is,19,9.506648063659668,0.7300484776496887
8,tune,Germany,country,6,8.636858940124512,0.4842859208583832
8,tune,Germany,is,17,9.758394241333008,0.7469052076339722
8,original,Japan,country,9,9.908385276794434,0.5073114037513733
8,original,Japan,is,10,10.191082000732422,0.7104068994522095
8,original,Germany,country,8,9.906073570251465,0.5257723927497864
8,original,Germany,is,9,10.150888442993164,0.7232934236526489
9,tune,Japan,country,8,10.897998809814453,0.5339475870132446
9,tune,Japan,is,8,10.001291275024414,0.6986287832260132
9,tune,Germany,country,9,10.930437088012695,0.4811723530292511
9,tune,Germany,is,10,10.054058074951172,0.7365332245826721
9,original,Japan,country,8,11.140886306762695,0.5429463982582092
9,original,Japan,is,7,9.750537872314453,0.7545522451400757
9,original,Germany,country,12,11.424241065979004,0.558951735496521
9,original,Germany,is,8,10.117980003356934,0.7727169394493103
10,tune,Japan,country,11,16.456523895263672,0.5139293670654297
10,tune,Japan,is,14,13.103307723999023,0.633364200592041
10,tune,Germany,country,6,14.104670524597168,0.4971160590648651
10,tune,Germany,is,10,13.222074508666992,0.6599565744400024
10,original,Japan,country,11,16.299345016479492,0.5189980268478394
10,original,Japan,is,15,14.216917991638184,0.6134834885597229
10,original,Germany,country,8,15.325113296508789,0.556871771812439
10,original,Germany,is,13,14.585698127746582,0.6231681704521179
11,tune,Japan,country,7,13.766045570373535,0.5609570145606995
11,tune,Japan,is,10,11.933148384094238,0.7291644811630249
11,tune,Germany,country,7,12.4340238571167,0.516491174697876
11,tune,Germany,is,7,11.428363800048828,0.7522785663604736
11,original,Japan,country,7,12.914264678955078,0.5738426446914673
11,original,Japan,is,7,11.563183784484863,0.7300488352775574
11,original,Germany,country,7,12.375508308410645,0.6249548196792603
11,original,Germany,is,6,11.452159881591797,0.745327353477478
12,tune,Japan,country,6,11.037543296813965,0.6690608859062195
12,tune,Japan,is,14,11.342498779296875,0.7063848376274109
12,tune,Germany,country,7,10.696645736694336,0.5927930474281311
12,tune,Germany,is,13,11.933170318603516,0.7236203551292419
12,original,Japan,country,7,10.647456169128418,0.6534913778305054
12,original,Japan,is,15,11.628389358520508,0.6964277029037476
12,original,Germany,country,11,11.155411720275879,0.659591794013977
12,original,Germany,is,11,12.352285385131836,0.7282191514968872
13,tune,Japan,country,6,10.90510082244873,0.6613819599151611
13,tune,Japan,is,11,11.077548027038574,0.6935524344444275
13,tune,Germany,country,10,10.333937644958496,0.6565929651260376
13,tune,Germany,is,10,11.284361839294434,0.7131043672561646
13,original,Japan,country,8,11.24392032623291,0.6716254353523254
13,original,Japan,is,11,11.593832015991211,0.6914504766464233
13,original,Germany,country,8,9.898359298706055,0.7139112949371338
13,original,Germany,is,11,12.407947540283203,0.704352855682373
14,tune,Japan,country,7,11.448186874389648,0.6267345547676086
14,tune,Japan,is,20,12.869693756103516,0.6965281367301941
14,tune,Germany,country,7,11.384849548339844,0.6180091500282288
14,tune,Germany,is,17,12.104687690734863,0.7490554451942444
14,original,Japan,country,5,11.501609802246094,0.6233304142951965
14,original,Japan,is,19,12.32221508026123,0.6775575876235962
14,original,Germany,country,7,11.374506950378418,0.6955854296684265
14,original,Germany,is,17,12.905839920043945,0.7013007998466492
15,tune,Japan,country,9,15.847247123718262,0.5592000484466553
15,tune,Japan,is,14,16.66744613647461,0.7068933248519897
15,tune,Germany,country,10,16.8809814453125,0.49965301156044006
15,tune,Germany,is,10,15.763138771057129,0.7602017521858215
15,original,Japan,country,7,17.003860473632812,0.5419837236404419
15,original,Japan,is,12,15.748323440551758,0.6909195780754089
15,original,Germany,country,6,17.946035385131836,0.4989650249481201
15,original,Germany,is,14,15.737775802612305,0.7428848147392273
16,tune,Japan,country,12,31.774755477905273,0.392352819442749
16,tune,Japan,is,9,23.08950424194336,0.687791645526886
16,tune,Germany,country,11,33.487091064453125,0.3632689118385315
16,tune,Germany,is,7,23.11907958984375,0.6929566264152527
16,original,Japan,country,12,31.289682388305664,0.3900125324726105
16,original,Japan,is,9,21.9937801361084,0.698350191116333
16,original,Germany,country,11,32.855472564697266,0.4194389879703522
16,original,Germany,is,9,21.630779266357422,0.6987632513046265
17,tune,Japan,country,7,30.041261672973633,0.4163787066936493
17,tune,Japan,is,11,34.56075668334961,0.49660393595695496
17,tune,Germany,country,6,23.009111404418945,0.5509780645370483
17,tune,Germany,is,9,32.81816101074219,0.5320762991905212
17,original,Japan,country,7,29.920513153076172,0.43214237689971924
17,original,Japan,is,9,32.36552810668945,0.5437907576560974
17,original,Germany,country,7,23.109642028808594,0.5709032416343689
17,original,Germany,is,9,33.01832962036133,0.5320613980293274
18,tune,Japan,country,5,31.247100830078125,0.530240535736084
18,tune,Japan,is,16,32.675132751464844,0.6822910904884338
18,tune,Germany,country,8,32.91640090942383,0.45006099343299866
18,tune,Germany,is,14,31.196468353271484,0.6707502603530884
18,original,Japan,country,4,31.03228187561035,0.5345594882965088
18,original,Japan,is,12,32.02872848510742,0.6844123005867004
18,original,Germany,country,7,32.708683013916016,0.5067379474639893
18,original,Germany,is,14,31.741506576538086,0.6732009649276733
19,tune,Japan,country,4,43.22904968261719,0.4892672598361969
19,tune,Japan,is,11,46.0626220703125,0.5595625042915344
19,tune,Germany,country,4,43.195335388183594,0.4264768064022064
19,tune,Germany,is,11,47.512001037597656,0.5531222820281982
19,original,Japan,country,5,40.500396728515625,0.4871048629283905
19,original,Japan,is,10,45.37821960449219,0.5870189070701599
19,original,Germany,country,4,38.738037109375,0.5031546950340271
19,original,Germany,is,9,45.59684371948242,0.5602238774299622
20,tune,Japan,country,6,55.15733337402344,0.47821754217147827
20,tune,Japan,is,18,57.981590270996094,0.6202666163444519
20,tune,Germany,country,5,55.46788787841797,0.4342309534549713
20,tune,Germany,is,20,57.82942199707031,0.6171963214874268
20,original,Japan,country,7,55.589141845703125,0.46740734577178955
20,original,Japan,is,17,55.4828987121582,0.6218786239624023
20,original,Germany,country,6,57.21284866333008,0.4113044738769531
20,original,Germany,is,17,57.023033142089844,0.5815960168838501
21,tune,Japan,country,8,75.9927749633789,0.399453729391098
21,tune,Japan,is,9,77.17427062988281,0.6284793615341187
21,tune,Germany,country,5,78.26081848144531,0.38873425126075745
21,tune,Germany,is,11,75.6600341796875,0.6759272217750549
21,original,Japan,country,9,75.1551284790039,0.3781830370426178
21,original,Japan,is,7,73.05758666992188,0.6650938987731934
21,original,Germany,country,5,79.94359588623047,0.3728450834751129
21,original,Germany,is,8,69.02447509765625,0.7057726383209229
22,tune,Japan,country,3,70.27705383300781,0.3764025568962097
22,tune,Japan,is,10,90.8724365234375,0.4427623450756073
22,tune,Germany,country,4,90.2874984741211,0.3498076796531677
22,tune,Germany,is,9,131.73519897460938,0.30804744362831116
22,original,Japan,country,3,68.43653869628906,0.3649560511112213
22,original,Japan,is,9,87.34149932861328,0.47659027576446533
22,original,Germany,country,5,87.35786437988281,0.3516899645328522
22,original,Germany,is,9,119.37899780273438,0.35601794719696045
23,tune,Japan,country,3,64.15387725830078,0.4073808789253235
23,tune,Japan,is,12,96.27082061767578,0.4585948586463928
23,tune,Germany,country,3,47.47269058227539,0.5907860994338989
23,tune,Germany,is,13,74.09205627441406,0.7180362343788147
23,original,Japan,country,3,64.21082305908203,0.3718082010746002
23,original,Japan,is,7,83.81793975830078,0.5431855320930481
23,original,Germany,country,2,49.47505187988281,0.5911174416542053
23,original,Germany,is,9,63.22064971923828,0.7407867908477783
24,tune,Japan,country,5,66.80078125,0.446425199508667
24,tune,Japan,is,6,102.21650695800781,0.48226431012153625
24,tune,Germany,country,5,65.3371810913086,0.42983391880989075
24,tune,Germany,is,15,114.99745178222656,0.45636266469955444
24,original,Japan,country,4,66.0091552734375,0.4623388350009918
24,original,Japan,is,7,107.29816436767578,0.433721125125885
24,original,Germany,country,4,67.29680633544922,0.4817109704017639
24,original,Germany,is,12,121.53523254394531,0.4355681538581848
25,tune,Japan,country,5,55.9497184753418,0.5153599381446838
25,tune,Japan,is,8,106.3813705444336,0.566736102104187
25,tune,Germany,country,5,61.764896392822266,0.6063897609710693
25,tune,Germany,is,16,115.02589416503906,0.6002036929130554
25,original,Japan,country,5,66.77769470214844,0.4975268840789795
25,original,Japan,is,9,114.5683364868164,0.5592028498649597
25,original,Germany,country,4,70.93033599853516,0.5955184698104858
25,original,Germany,is,12,117.50796508789062,0.5693478584289551
26,tune,Japan,country,7,100.2673568725586,0.3992874026298523
26,tune,Japan,is,9,114.22396850585938,0.49507856369018555
26,tune,Germany,country,11,103.90303802490234,0.4541798233985901
26,tune,Germany,is,13,120.24524688720703,0.5640626549720764
26,original,Japan,country,5,100.32616424560547,0.4087112545967102
26,original,Japan,is,9,115.00169372558594,0.5351884365081787
26,original,Germany,country,11,104.86505126953125,0.46551427245140076
26,original,Germany,is,10,112.97065734863281,0.5720952749252319
27,tune,Japan,country,1,218.89979553222656,0.28728094696998596
27,tune,Japan,is,5,219.34445190429688,0.24354946613311768
27,tune,Germany,country,3,229.66287231445312,0.2495625615119934
27,tune,Germany,is,6,224.7565155029297,0.2752131521701813
27,original,Japan,country,2,222.00604248046875,0.23763170838356018
27,original,Japan,is,4,234.9993133544922,0.22208188474178314
27,original,Germany,country,3,235.4046173095703,0.21327127516269684
27,original,Germany,is,7,230.04107666015625,0.2606319785118103
