condition,layer,downstream_of_edit,answer_t_margin_zero,margin_t0,margin_t1,country_t_d50,country_t_peak_step,country_peak_over_mean_step,country_d_t0,country_d_t1,is_t_d50,is_t_peak_step,is_peak_over_mean_step,is_d_t0,is_d_t1,readout_t_zero,readout_t0,readout_t1
baseline,0,False,0.5307533536106348,10.145271301269531,-10.23254108428955,0.502542196586728,0.9875,1.0097686052322388,0.0,1.0,nan,0.0125,0.0,nan,nan,0.5096033029258251,1.0147815942764282,-0.9737914800643921
baseline,1,False,0.5307533536106348,10.145271301269531,-10.23254108428955,0.49693972021341326,0.0125,1.0146456956863403,0.0,1.0,0.476776378788054,0.0125,1.215567946434021,0.0,1.0,0.5137268856167794,1.0239683389663696,-0.9657891392707825
baseline,2,False,0.5307533536106348,10.145271301269531,-10.23254108428955,0.4909277379512787,0.0125,1.0562742948532104,0.0,1.0,0.483335479348898,0.0125,1.189537525177002,0.0,1.0,0.49962596595287323,1.0053845643997192,-0.994361937046051
baseline,3,False,0.5307533536106348,10.145271301269531,-10.23254108428955,0.4660977691411972,0.0125,1.1521878242492676,0.0,1.0,0.4120161257684231,0.0125,1.3153982162475586,0.0,1.0,0.48418849110603335,1.016798496246338,-0.9772712588310242
baseline,4,False,0.5307533536106348,10.145271301269531,-10.23254108428955,0.4622028529644013,0.0125,1.2798560857772827,0.0,1.0,0.39328523576259616,0.0125,1.356290340423584,0.0,1.0,0.4869791708886624,1.072009563446045,-1.0274128913879395
baseline,5,False,0.5307533536106348,10.145271301269531,-10.23254108428955,0.4901402235031128,0.0125,1.1929962635040283,0.0,1.0,0.40673424676060677,0.0125,1.3420957326889038,0.0,1.0,0.5015437502413989,1.0724897384643555,-1.0577781200408936
baseline,6,False,0.5307533536106348,10.145271301269531,-10.23254108428955,0.48601425141096116,0.0125,1.2029606103897095,0.0,1.0,0.440054190158844,0.0125,1.3196020126342773,0.0,1.0,0.5003011320251971,1.0783936977386475,-1.057660698890686
baseline,7,False,0.5307533536106348,10.145271301269531,-10.23254108428955,0.4936594381928444,0.0125,1.1260881423950195,0.0,1.0,0.4170757725834847,0.0125,1.4951750040054321,0.0,1.0,0.5001537211588584,1.0348585844039917,-1.0460737943649292
baseline,8,False,0.5307533536106348,10.145271301269531,-10.23254108428955,0.4977866396307945,0.5625,1.115978717803955,0.0,1.0,0.40476976707577705,0.0125,1.5312750339508057,0.0,1.0,0.5050745628774166,1.06196129322052,-1.0708951950073242
baseline,9,False,0.5307533536106348,10.145271301269531,-10.23254108428955,0.5039548456668854,0.5125,1.2383227348327637,0.0,1.0,0.41911183148622516,0.0125,1.5182418823242188,0.0,1.0,0.5068572431802749,1.0463472604751587,-1.0773805379867554
baseline,10,False,0.5307533536106348,10.145271301269531,-10.23254108428955,0.500491970544681,0.5125,1.4837065935134888,0.0,1.0,0.4277314828708768,0.0125,1.541459321975708,0.0,1.0,0.48911604881286624,1.0584701299667358,-1.189853310585022
baseline,11,False,0.5307533536106348,10.145271301269531,-10.23254108428955,0.5130554109811782,0.5125,1.4445589780807495,0.0,1.0,0.43415134772658354,0.0125,1.4829344749450684,0.0,1.0,0.5096425130963326,1.075982689857483,-1.141983151435852
baseline,12,False,0.5307533536106348,10.145271301269531,-10.23254108428955,0.5138397350907326,0.5125,1.43393075466156,0.0,1.0,0.4461210280656815,0.0125,1.4173479080200195,0.0,1.0,0.5077672712504864,1.0760607719421387,-1.1405175924301147
baseline,13,False,0.5307533536106348,10.145271301269531,-10.23254108428955,0.5108692690730094,0.5125,1.4188446998596191,0.0,1.0,0.43091696575284005,0.0125,1.4669615030288696,0.0,1.0,0.5030136035755277,1.0692638158798218,-1.1467043161392212
baseline,14,False,0.5307533536106348,10.145271301269531,-10.23254108428955,0.5114304095506668,0.5125,1.4069445133209229,0.0,1.0,0.39787033945322037,0.0125,1.4892449378967285,0.0,1.0,0.5060818370431661,1.0700953006744385,-1.1300898790359497
baseline,15,False,0.5307533536106348,10.145271301269531,-10.23254108428955,0.5109033025801182,0.5125,1.407535195350647,0.0,1.0,0.40390732027590276,0.0125,1.4582170248031616,0.0,1.0,0.5033731147646904,1.0620468854904175,-1.1266288757324219
baseline,16,True,0.5307533536106348,10.145271301269531,-10.23254108428955,0.5169901862740517,0.5125,1.3982487916946411,0.0,1.0,0.3882885813713074,0.0125,1.481136679649353,0.0,1.0,0.5064613871276379,1.0603679418563843,-1.1302728652954102
baseline,17,True,0.5307533536106348,10.145271301269531,-10.23254108428955,0.5181869581341744,0.5125,1.5927883386611938,0.0,1.0,0.41418775618076326,0.0125,1.3821214437484741,0.0,1.0,0.5132712706923485,1.0927611589431763,-1.1348956823349
baseline,18,True,0.5307533536106348,10.145271301269531,-10.23254108428955,0.522612102329731,0.5375,1.579940915107727,0.0,1.0,0.4353173136711121,0.0125,1.3110233545303345,0.0,1.0,0.5172281697392463,1.0942472219467163,-1.143365502357483
baseline,19,True,0.5307533536106348,10.145271301269531,-10.23254108428955,0.5365328460931779,0.5375,1.4561437368392944,0.0,1.0,0.4274986501783133,0.0125,1.3648748397827148,0.0,1.0,0.5265922939404846,1.0602866411209106,-1.1347359418869019
baseline,20,True,0.5307533536106348,10.145271301269531,-10.23254108428955,0.5356428414583206,0.5125,1.8132331371307373,0.0,1.0,0.5215907365083695,0.5375,2.038836717605591,0.0,1.0,0.5289304446429014,1.0454496145248413,-1.0960060358047485
baseline,21,True,0.5307533536106348,10.145271301269531,-10.23254108428955,0.5438008025288582,0.5125,1.9244135618209839,0.0,1.0,0.534907778352499,0.5375,2.4924373626708984,0.0,1.0,0.5419520542025567,1.0505945682525635,-1.0671067237854004
baseline,22,True,0.5307533536106348,10.145271301269531,-10.23254108428955,0.5233986988663674,0.5125,2.130702257156372,0.0,1.0,0.5344614438712597,0.5125,2.6642558574676514,0.0,1.0,0.5118614956736565,1.0262951850891113,-1.1484603881835938
baseline,23,True,0.5307533536106348,10.145271301269531,-10.23254108428955,0.518016143143177,0.5125,2.358891248703003,0.0,1.0,0.5309674017131328,0.5125,2.7930755615234375,0.0,1.0,0.5078114457428455,1.0422053337097168,-1.1410634517669678
baseline,24,True,0.5307533536106348,10.145271301269531,-10.23254108428955,0.5209104970097542,0.5125,2.3777120113372803,0.0,1.0,0.5307018242776395,0.5125,2.7424073219299316,0.0,1.0,0.5051985532045364,1.0164979696273804,-1.1756298542022705
baseline,25,True,0.5307533536106348,10.145271301269531,-10.23254108428955,0.5218720108270646,0.5125,2.424048900604248,0.0,1.0,0.5311443403363229,0.5125,2.8132529258728027,0.0,1.0,0.509209855645895,1.0398597717285156,-1.1627916097640991
baseline,26,True,0.5307533536106348,10.145271301269531,-10.23254108428955,0.5148527473211288,0.5125,2.647233009338379,0.0,1.0,0.5318933464586735,0.5125,2.8117504119873047,0.0,1.0,0.5009814774617553,1.0520908832550049,-1.2087370157241821
baseline,27,True,0.5307533536106348,10.145271301269531,-10.23254108428955,0.5131135702133178,0.5125,2.6050045490264893,0.0,1.0,0.5312891095876694,0.5125,2.7184016704559326,0.0,1.0,0.4967248409986496,1.0277711153030396,-1.2500983476638794
to_Berlin,0,False,nan,-6.612668037414551,-10.184576034545898,0.502542196586728,0.9875,1.0097686052322388,0.0,1.0,nan,0.0125,0.0,nan,nan,0.5096033029258251,1.0147815942764282,-0.9737914800643921
to_Berlin,1,False,nan,-6.612668037414551,-10.184576034545898,0.49693972021341326,0.0125,1.0146456956863403,0.0,1.0,0.476776378788054,0.0125,1.215567946434021,0.0,1.0,0.5137268856167794,1.0239683389663696,-0.9657891392707825
to_Berlin,2,False,nan,-6.612668037414551,-10.184576034545898,0.4909277379512787,0.0125,1.0562742948532104,0.0,1.0,0.483335479348898,0.0125,1.189537525177002,0.0,1.0,0.49962596595287323,1.0053845643997192,-0.994361937046051
to_Berlin,3,False,nan,-6.612668037414551,-10.184576034545898,0.4660977691411972,0.0125,1.1521878242492676,0.0,1.0,0.4120161257684231,0.0125,1.3153982162475586,0.0,1.0,0.48418849110603335,1.016798496246338,-0.9772712588310242
to_Berlin,4,False,nan,-6.612668037414551,-10.184576034545898,0.4622028529644013,0.0125,1.2798560857772827,0.0,1.0,0.39328523576259616,0.0125,1.356290340423584,0.0,1.0,0.4869791708886624,1.072009563446045,-1.0274128913879395
to_Berlin,5,False,nan,-6.612668037414551,-10.184576034545898,0.4901402235031128,0.0125,1.1929962635040283,0.0,1.0,0.40673424676060677,0.0125,1.3420957326889038,0.0,1.0,0.5015437502413989,1.0724897384643555,-1.0577781200408936
to_Berlin,6,False,nan,-6.612668037414551,-10.184576034545898,0.48601425141096116,0.0125,1.2029606103897095,0.0,1.0,0.440054190158844,0.0125,1.3196020126342773,0.0,1.0,0.5003011320251971,1.0783936977386475,-1.057660698890686
to_Berlin,7,False,nan,-6.612668037414551,-10.184576034545898,0.4936594381928444,0.0125,1.1260881423950195,0.0,1.0,0.4170757725834847,0.0125,1.4951750040054321,0.0,1.0,0.5001537211588584,1.0348585844039917,-1.0460737943649292
to_Berlin,8,False,nan,-6.612668037414551,-10.184576034545898,0.4977866396307945,0.5625,1.115978717803955,0.0,1.0,0.40476976707577705,0.0125,1.5312750339508057,0.0,1.0,0.5050745628774166,1.06196129322052,-1.0708951950073242
to_Berlin,9,False,nan,-6.612668037414551,-10.184576034545898,0.5039548456668854,0.5125,1.2383227348327637,0.0,1.0,0.41911183148622516,0.0125,1.5182418823242188,0.0,1.0,0.5068572431802749,1.0463472604751587,-1.0773805379867554
to_Berlin,10,False,nan,-6.612668037414551,-10.184576034545898,0.500491970544681,0.5125,1.4837065935134888,0.0,1.0,0.4277314828708768,0.0125,1.541459321975708,0.0,1.0,0.48911604881286624,1.0584701299667358,-1.189853310585022
to_Berlin,11,False,nan,-6.612668037414551,-10.184576034545898,0.5130554109811782,0.5125,1.4445589780807495,0.0,1.0,0.43415134772658354,0.0125,1.4829344749450684,0.0,1.0,0.5096425130963326,1.075982689857483,-1.141983151435852
to_Berlin,12,False,nan,-6.612668037414551,-10.184576034545898,0.5138397350907326,0.5125,1.43393075466156,0.0,1.0,0.4461210280656815,0.0125,1.4173479080200195,0.0,1.0,0.5077672712504864,1.0760607719421387,-1.1405175924301147
to_Berlin,13,False,nan,-6.612668037414551,-10.184576034545898,0.5108692690730094,0.5125,1.4188446998596191,0.0,1.0,0.43091696575284005,0.0125,1.4669615030288696,0.0,1.0,0.5030136035755277,1.0692638158798218,-1.1467043161392212
to_Berlin,14,False,nan,-6.612668037414551,-10.184576034545898,0.5114304095506668,0.5125,1.4069445133209229,0.0,1.0,0.39787033945322037,0.0125,1.4892449378967285,0.0,1.0,0.5060818370431661,1.0700953006744385,-1.1300898790359497
to_Berlin,15,False,nan,-6.612668037414551,-10.184576034545898,0.5109033025801182,0.5125,1.407535195350647,0.0,1.0,0.40390732027590276,0.0125,1.4582170248031616,0.0,1.0,0.5033731147646904,1.0620468854904175,-1.1266288757324219
to_Berlin,16,True,nan,-6.612668037414551,-10.184576034545898,nan,0.5125,1.6029291152954102,0.646265983581543,0.9443997740745544,0.3882885813713074,0.0125,1.481136679649353,0.0,1.0,nan,-1.1826106309890747,-1.1529171466827393
to_Berlin,17,True,nan,-6.612668037414551,-10.184576034545898,nan,0.5125,1.589511513710022,0.6427152156829834,0.948018491268158,0.3625575333833695,0.0125,1.4018638134002686,0.3137485682964325,0.9529669880867004,nan,-1.0486416816711426,-1.15457022190094
to_Berlin,18,True,nan,-6.612668037414551,-10.184576034545898,nan,0.5125,1.5962603092193604,0.6277366280555725,0.9493035674095154,0.3109427303075791,0.0125,1.3927855491638184,0.36138036847114563,0.9564015865325928,nan,-0.9561774134635925,-1.1580132246017456
to_Berlin,19,True,nan,-6.612668037414551,-10.184576034545898,nan,0.5125,1.5597670078277588,0.6404534578323364,0.9547873139381409,0.29780020564794546,0.0125,1.452434778213501,0.36089229583740234,0.9576390385627747,nan,-0.9039751291275024,-1.1410762071609497
to_Berlin,20,True,nan,-6.612668037414551,-10.184576034545898,nan,0.5125,1.6009657382965088,0.6422964334487915,0.9611347317695618,nan,0.5125,1.5425246953964233,0.5709786415100098,0.9751805067062378,nan,-0.8039661049842834,-1.1012847423553467
to_Berlin,21,True,nan,-6.612668037414551,-10.184576034545898,nan,0.5125,1.6150795221328735,0.6516919136047363,0.963089108467102,nan,0.48750000000000004,1.5647391080856323,0.6435067653656006,0.9800701141357422,nan,-0.7791057825088501,-1.070911169052124
to_Berlin,22,True,nan,-6.612668037414551,-10.184576034545898,nan,0.5125,1.5225716829299927,0.6685311198234558,0.9640665650367737,nan,0.5125,1.504841923713684,0.7038105130195618,0.981360137462616,nan,-0.8565664887428284,-1.1616942882537842
to_Berlin,23,True,nan,-6.612668037414551,-10.184576034545898,nan,0.5125,1.5171822309494019,0.6807149648666382,0.9659276008605957,nan,0.48750000000000004,1.4687005281448364,0.7198269963264465,0.9834977388381958,nan,-0.8509376645088196,-1.1518478393554688
to_Berlin,24,True,nan,-6.612668037414551,-10.184576034545898,nan,0.5125,1.5172654390335083,0.6769459843635559,0.9649713635444641,nan,0.5125,1.4835193157196045,0.7120241522789001,0.982705295085907,nan,-0.8728975057601929,-1.1868228912353516
to_Berlin,25,True,nan,-6.612668037414551,-10.184576034545898,nan,0.5125,1.5472041368484497,0.6689754128456116,0.9648225903511047,nan,0.48750000000000004,1.5118077993392944,0.7052232623100281,0.9836072325706482,nan,-0.8435989618301392,-1.1729475259780884
to_Berlin,26,True,nan,-6.612668037414551,-10.184576034545898,nan,0.5125,1.5777748823165894,0.655757486820221,0.9628974199295044,nan,0.48750000000000004,1.5349475145339966,0.712181806564331,0.9840621948242188,nan,-0.8421833515167236,-1.2241418361663818
to_Berlin,27,True,nan,-6.612668037414551,-10.184576034545898,nan,0.5125,1.5202289819717407,0.6542907953262329,0.9632564783096313,nan,0.48750000000000004,1.475557804107666,0.7064535021781921,0.983785092830658,nan,-0.8545013070106506,-1.2645312547683716
to_Tokyo,0,False,nan,10.108071327209473,3.3147201538085938,0.502542196586728,0.9875,1.0097686052322388,0.0,1.0,nan,0.0125,0.0,nan,nan,0.5096033029258251,1.0147815942764282,-0.9737914800643921
to_Tokyo,1,False,nan,10.108071327209473,3.3147201538085938,0.49693972021341326,0.0125,1.0146456956863403,0.0,1.0,0.476776378788054,0.0125,1.215567946434021,0.0,1.0,0.5137268856167794,1.0239683389663696,-0.9657891392707825
to_Tokyo,2,False,nan,10.108071327209473,3.3147201538085938,0.4909277379512787,0.0125,1.0562742948532104,0.0,1.0,0.483335479348898,0.0125,1.189537525177002,0.0,1.0,0.49962596595287323,1.0053845643997192,-0.994361937046051
to_Tokyo,3,False,nan,10.108071327209473,3.3147201538085938,0.4660977691411972,0.0125,1.1521878242492676,0.0,1.0,0.4120161257684231,0.0125,1.3153982162475586,0.0,1.0,0.48418849110603335,1.016798496246338,-0.9772712588310242
to_Tokyo,4,False,nan,10.108071327209473,3.3147201538085938,0.4622028529644013,0.0125,1.2798560857772827,0.0,1.0,0.39328523576259616,0.0125,1.356290340423584,0.0,1.0,0.4869791708886624,1.072009563446045,-1.0274128913879395
to_Tokyo,5,False,nan,10.108071327209473,3.3147201538085938,0.4901402235031128,0.0125,1.1929962635040283,0.0,1.0,0.40673424676060677,0.0125,1.3420957326889038,0.0,1.0,0.5015437502413989,1.0724897384643555,-1.0577781200408936
to_Tokyo,6,False,nan,10.108071327209473,3.3147201538085938,0.48601425141096116,0.0125,1.2029606103897095,0.0,1.0,0.440054190158844,0.0125,1.3196020126342773,0.0,1.0,0.5003011320251971,1.0783936977386475,-1.057660698890686
to_Tokyo,7,False,nan,10.108071327209473,3.3147201538085938,0.4936594381928444,0.0125,1.1260881423950195,0.0,1.0,0.4170757725834847,0.0125,1.4951750040054321,0.0,1.0,0.5001537211588584,1.0348585844039917,-1.0460737943649292
to_Tokyo,8,False,nan,10.108071327209473,3.3147201538085938,0.4977866396307945,0.5625,1.115978717803955,0.0,1.0,0.40476976707577705,0.0125,1.5312750339508057,0.0,1.0,0.5050745628774166,1.06196129322052,-1.0708951950073242
to_Tokyo,9,False,nan,10.108071327209473,3.3147201538085938,0.5039548456668854,0.5125,1.2383227348327637,0.0,1.0,0.41911183148622516,0.0125,1.5182418823242188,0.0,1.0,0.5068572431802749,1.0463472604751587,-1.0773805379867554
to_Tokyo,10,False,nan,10.108071327209473,3.3147201538085938,0.500491970544681,0.5125,1.4837065935134888,0.0,1.0,0.4277314828708768,0.0125,1.541459321975708,0.0,1.0,0.48911604881286624,1.0584701299667358,-1.189853310585022
to_Tokyo,11,False,nan,10.108071327209473,3.3147201538085938,0.5130554109811782,0.5125,1.4445589780807495,0.0,1.0,0.43415134772658354,0.0125,1.4829344749450684,0.0,1.0,0.5096425130963326,1.075982689857483,-1.141983151435852
to_Tokyo,12,False,nan,10.108071327209473,3.3147201538085938,0.5138397350907326,0.5125,1.43393075466156,0.0,1.0,0.4461210280656815,0.0125,1.4173479080200195,0.0,1.0,0.5077672712504864,1.0760607719421387,-1.1405175924301147
to_Tokyo,13,False,nan,10.108071327209473,3.3147201538085938,0.5108692690730094,0.5125,1.4188446998596191,0.0,1.0,0.43091696575284005,0.0125,1.4669615030288696,0.0,1.0,0.5030136035755277,1.0692638158798218,-1.1467043161392212
to_Tokyo,14,False,nan,10.108071327209473,3.3147201538085938,0.5114304095506668,0.5125,1.4069445133209229,0.0,1.0,0.39787033945322037,0.0125,1.4892449378967285,0.0,1.0,0.5060818370431661,1.0700953006744385,-1.1300898790359497
to_Tokyo,15,False,nan,10.108071327209473,3.3147201538085938,0.5109033025801182,0.5125,1.407535195350647,0.0,1.0,0.40390732027590276,0.0125,1.4582170248031616,0.0,1.0,0.5033731147646904,1.0620468854904175,-1.1266288757324219
to_Tokyo,16,True,nan,10.108071327209473,3.3147201538085938,nan,0.5375,1.4559248685836792,0.0943179577589035,0.3744830787181854,0.3882885813713074,0.0125,1.481136679649353,0.0,1.0,nan,1.0364190340042114,0.718416154384613
to_Tokyo,17,True,nan,10.108071327209473,3.3147201538085938,nan,0.5375,1.476474642753601,0.09249227494001389,0.39809802174568176,0.41747826337814337,0.0125,1.3866021633148193,0.0785013884305954,0.7345147728919983,nan,1.064773440361023,0.5742248892784119
to_Tokyo,18,True,nan,10.108071327209473,3.3147201538085938,nan,0.5375,1.448243498802185,0.08759405463933945,0.3916877508163452,0.45777556002140046,0.0125,1.3599460124969482,0.07123325765132904,0.721695601940155,nan,1.070163369178772,0.5809382796287537
to_Tokyo,19,True,nan,10.108071327209473,3.3147201538085938,nan,0.5375,1.4147720336914062,0.08071504533290863,0.36325982213020325,0.4526197319850326,0.0125,1.4146238565444946,0.07696206867694855,0.6983126401901245,nan,1.0443215370178223,0.6482406258583069
to_Tokyo,20,True,nan,10.108071327209473,3.3147201538085938,nan,0.5375,1.4785857200622559,0.06901177018880844,0.36019980907440186,0.974309465289116,0.5125,1.3421351909637451,0.037412792444229126,0.5065964460372925,nan,1.0339992046356201,0.5927656292915344
to_Tokyo,21,True,nan,10.108071327209473,3.3147201538085938,nan,0.5375,1.4502999782562256,0.06561268121004105,0.35924550890922546,nan,0.6625,1.4312963485717773,0.028247356414794922,0.4649718999862671,nan,1.0452771186828613,0.5879337787628174
to_Tokyo,22,True,nan,10.108071327209473,3.3147201538085938,nan,0.5375,1.483936071395874,0.05844246968626976,0.37352582812309265,nan,0.6625,1.4556175470352173,0.021558847278356552,0.3979387581348419,nan,1.0253098011016846,0.4374939203262329
to_Tokyo,23,True,nan,10.108071327209473,3.3147201538085938,nan,0.6625,1.45838463306427,0.05504558980464935,0.3995700180530548,nan,0.6625,1.567568302154541,0.020265987142920494,0.4080594480037689,nan,1.0356563329696655,0.32372963428497314
to_Tokyo,24,True,nan,10.108071327209473,3.3147201538085938,nan,0.5375,1.4477511644363403,0.05592048540711403,0.39777883887290955,nan,0.6625,1.5550223588943481,0.02214491367340088,0.412080317735672,nan,1.0100725889205933,0.2953571081161499
to_Tokyo,25,True,nan,10.108071327209473,3.3147201538085938,nan,0.6625,1.4503499269485474,0.05632324144244194,0.40229010581970215,nan,0.6625,1.5682474374771118,0.02256425842642784,0.4180981516838074,nan,1.0308499336242676,0.2973918616771698
to_Tokyo,26,True,nan,10.108071327209473,3.3147201538085938,nan,0.6625,1.5163286924362183,0.05814456567168236,0.4452401101589203,nan,0.6625,1.560840368270874,0.022831927984952927,0.4001874327659607,nan,1.0429978370666504,0.09017256647348404
to_Tokyo,27,True,nan,10.108071327209473,3.3147201538085938,nan,0.6625,1.5208251476287842,0.0664457306265831,0.437247097492218,nan,0.6625,1.5124787092208862,0.024663368239998817,0.407184362411499,nan,1.0254956483840942,0.06905532628297806
to_Berlin_control1,0,False,0.5254062710329891,7.9568095207214355,-10.201332092285156,0.502542196586728,0.9875,1.0097686052322388,0.0,1.0,nan,0.0125,0.0,nan,nan,0.5096033029258251,1.0147815942764282,-0.9737914800643921
to_Berlin_control1,1,False,0.5254062710329891,7.9568095207214355,-10.201332092285156,0.49693972021341326,0.0125,1.0146456956863403,0.0,1.0,0.476776378788054,0.0125,1.215567946434021,0.0,1.0,0.5137268856167794,1.0239683389663696,-0.9657891392707825
to_Berlin_control1,2,False,0.5254062710329891,7.9568095207214355,-10.201332092285156,0.4909277379512787,0.0125,1.0562742948532104,0.0,1.0,0.483335479348898,0.0125,1.189537525177002,0.0,1.0,0.49962596595287323,1.0053845643997192,-0.994361937046051
to_Berlin_control1,3,False,0.5254062710329891,7.9568095207214355,-10.201332092285156,0.4660977691411972,0.0125,1.1521878242492676,0.0,1.0,0.4120161257684231,0.0125,1.3153982162475586,0.0,1.0,0.48418849110603335,1.016798496246338,-0.9772712588310242
to_Berlin_control1,4,False,0.5254062710329891,7.9568095207214355,-10.201332092285156,0.4622028529644013,0.0125,1.2798560857772827,0.0,1.0,0.39328523576259616,0.0125,1.356290340423584,0.0,1.0,0.4869791708886624,1.072009563446045,-1.0274128913879395
to_Berlin_control1,5,False,0.5254062710329891,7.9568095207214355,-10.201332092285156,0.4901402235031128,0.0125,1.1929962635040283,0.0,1.0,0.40673424676060677,0.0125,1.3420957326889038,0.0,1.0,0.5015437502413989,1.0724897384643555,-1.0577781200408936
to_Berlin_control1,6,False,0.5254062710329891,7.9568095207214355,-10.201332092285156,0.48601425141096116,0.0125,1.2029606103897095,0.0,1.0,0.440054190158844,0.0125,1.3196020126342773,0.0,1.0,0.5003011320251971,1.0783936977386475,-1.057660698890686
to_Berlin_control1,7,False,0.5254062710329891,7.9568095207214355,-10.201332092285156,0.4936594381928444,0.0125,1.1260881423950195,0.0,1.0,0.4170757725834847,0.0125,1.4951750040054321,0.0,1.0,0.5001537211588584,1.0348585844039917,-1.0460737943649292
to_Berlin_control1,8,False,0.5254062710329891,7.9568095207214355,-10.201332092285156,0.4977866396307945,0.5625,1.115978717803955,0.0,1.0,0.40476976707577705,0.0125,1.5312750339508057,0.0,1.0,0.5050745628774166,1.06196129322052,-1.0708951950073242
to_Berlin_control1,9,False,0.5254062710329891,7.9568095207214355,-10.201332092285156,0.5039548456668854,0.5125,1.2383227348327637,0.0,1.0,0.41911183148622516,0.0125,1.5182418823242188,0.0,1.0,0.5068572431802749,1.0463472604751587,-1.0773805379867554
to_Berlin_control1,10,False,0.5254062710329891,7.9568095207214355,-10.201332092285156,0.500491970544681,0.5125,1.4837065935134888,0.0,1.0,0.4277314828708768,0.0125,1.541459321975708,0.0,1.0,0.48911604881286624,1.0584701299667358,-1.189853310585022
to_Berlin_control1,11,False,0.5254062710329891,7.9568095207214355,-10.201332092285156,0.5130554109811782,0.5125,1.4445589780807495,0.0,1.0,0.43415134772658354,0.0125,1.4829344749450684,0.0,1.0,0.5096425130963326,1.075982689857483,-1.141983151435852
to_Berlin_control1,12,False,0.5254062710329891,7.9568095207214355,-10.201332092285156,0.5138397350907326,0.5125,1.43393075466156,0.0,1.0,0.4461210280656815,0.0125,1.4173479080200195,0.0,1.0,0.5077672712504864,1.0760607719421387,-1.1405175924301147
to_Berlin_control1,13,False,0.5254062710329891,7.9568095207214355,-10.201332092285156,0.5108692690730094,0.5125,1.4188446998596191,0.0,1.0,0.43091696575284005,0.0125,1.4669615030288696,0.0,1.0,0.5030136035755277,1.0692638158798218,-1.1467043161392212
to_Berlin_control1,14,False,0.5254062710329891,7.9568095207214355,-10.201332092285156,0.5114304095506668,0.5125,1.4069445133209229,0.0,1.0,0.39787033945322037,0.0125,1.4892449378967285,0.0,1.0,0.5060818370431661,1.0700953006744385,-1.1300898790359497
to_Berlin_control1,15,False,0.5254062710329891,7.9568095207214355,-10.201332092285156,0.5109033025801182,0.5125,1.407535195350647,0.0,1.0,0.40390732027590276,0.0125,1.4582170248031616,0.0,1.0,0.5033731147646904,1.0620468854904175,-1.1266288757324219
to_Berlin_control1,16,True,0.5254062710329891,7.9568095207214355,-10.201332092285156,0.500844459142536,0.5125,1.8177437782287598,0.4327084720134735,0.9439005255699158,0.3882885813713074,0.0125,1.481136679649353,0.0,1.0,0.49215380400419234,0.9912226796150208,-1.1281802654266357
to_Berlin_control1,17,True,0.5254062710329891,7.9568095207214355,-10.201332092285156,0.5031861498951912,0.5125,1.8399009704589844,0.43311846256256104,0.9463127851486206,0.4208354622125626,0.5875,1.493701457977295,0.4075768291950226,0.9404304027557373,0.5013521107845008,0.9222807288169861,-1.1265751123428345
to_Berlin_control1,18,True,0.5254062710329891,7.9568095207214355,-10.201332092285156,0.5112684331834316,0.5125,1.849088430404663,0.4281918406486511,0.9477548003196716,0.4553679082542658,0.5625,1.556269884109497,0.40343913435935974,0.9462646245956421,0.5051508124917745,0.9012112021446228,-1.1287211179733276
to_Berlin_control1,19,True,0.5254062710329891,7.9568095207214355,-10.201332092285156,0.5177702844142914,0.5125,1.731202244758606,0.41505002975463867,0.9539631009101868,0.4915048658847809,0.5625,1.6089909076690674,0.4040871858596802,0.9467597603797913,0.505552775412798,0.8118947744369507,-1.1214686632156372
to_Berlin_control1,20,True,0.5254062710329891,7.9568095207214355,-10.201332092285156,0.5375571459531785,0.5125,1.9190632104873657,0.38795438408851624,0.961357593536377,0.515564352273941,0.5375,2.073418617248535,0.3451331853866577,0.9741793870925903,0.5311228767037391,0.9293712973594666,-1.0836223363876343
to_Berlin_control1,21,True,0.5254062710329891,7.9568095207214355,-10.201332092285156,0.5420649707317353,0.5125,1.9280964136123657,0.39133578538894653,0.9626713395118713,0.5121646381914615,0.5375,2.4864301681518555,0.32614806294441223,0.9795195460319519,0.541419418156147,0.8601369857788086,-1.056935429573059
to_Berlin_control1,22,True,0.5254062710329891,7.9568095207214355,-10.201332092285156,0.5306339256465435,0.5125,2.1234540939331055,0.3715353310108185,0.9648760557174683,0.5390268862247467,0.5125,2.566770076751709,0.26472485065460205,0.9836466312408447,0.5173392653465271,0.8794752359390259,-1.1339470148086548
to_Berlin_control1,23,True,0.5254062710329891,7.9568095207214355,-10.201332092285156,0.5185429796576501,0.5125,2.285950183868408,0.37399762868881226,0.9665845632553101,0.5240584537386894,0.5375,2.7009189128875732,0.2835783064365387,0.9857410192489624,0.5073629021644592,0.8244943618774414,-1.1282148361206055
to_Berlin_control1,24,True,0.5254062710329891,7.9568095207214355,-10.201332092285156,0.5212149113416672,0.5125,2.275646924972534,0.37576332688331604,0.9660562872886658,0.5308384492993355,0.5375,2.6603050231933594,0.28964269161224365,0.9850616455078125,0.5055475909262895,0.7997671365737915,-1.1618115901947021
to_Berlin_control1,25,True,0.5254062710329891,7.9568095207214355,-10.201332092285156,0.5216508746147156,0.5125,2.3074235916137695,0.37669944763183594,0.965200662612915,0.5267542533576489,0.5375,2.711557626724243,0.2954379916191101,0.9852362275123596,0.5100316472351551,0.8167642951011658,-1.1472467184066772
to_Berlin_control1,26,True,0.5254062710329891,7.9568095207214355,-10.201332092285156,0.5170953035354614,0.5125,2.4616222381591797,0.3851810097694397,0.9621450304985046,0.5286098260432482,0.5375,2.748818874359131,0.28029048442840576,0.9863702654838562,0.5050309948623181,0.8024181723594666,-1.1934630870819092
to_Berlin_control1,27,True,0.5254062710329891,7.9568095207214355,-10.201332092285156,0.5145453438162804,0.5125,2.4538936614990234,0.3796432316303253,0.9627296328544617,0.5273049049079418,0.5375,2.6578805446624756,0.301139771938324,0.9855844378471375,0.5008297643624247,0.8211788535118103,-1.2356157302856445
to_Berlin_control2,0,False,0.5362062193453312,9.51539134979248,-10.233400344848633,0.502542196586728,0.9875,1.0097686052322388,0.0,1.0,nan,0.0125,0.0,nan,nan,0.5096033029258251,1.0147815942764282,-0.9737914800643921
to_Berlin_control2,1,False,0.5362062193453312,9.51539134979248,-10.233400344848633,0.49693972021341326,0.0125,1.0146456956863403,0.0,1.0,0.476776378788054,0.0125,1.215567946434021,0.0,1.0,0.5137268856167794,1.0239683389663696,-0.9657891392707825
to_Berlin_control2,2,False,0.5362062193453312,9.51539134979248,-10.233400344848633,0.4909277379512787,0.0125,1.0562742948532104,0.0,1.0,0.483335479348898,0.0125,1.189537525177002,0.0,1.0,0.49962596595287323,1.0053845643997192,-0.994361937046051
to_Berlin_control2,3,False,0.5362062193453312,9.51539134979248,-10.233400344848633,0.4660977691411972,0.0125,1.1521878242492676,0.0,1.0,0.4120161257684231,0.0125,1.3153982162475586,0.0,1.0,0.48418849110603335,1.016798496246338,-0.9772712588310242
to_Berlin_control2,4,False,0.5362062193453312,9.51539134979248,-10.233400344848633,0.4622028529644013,0.0125,1.2798560857772827,0.0,1.0,0.39328523576259616,0.0125,1.356290340423584,0.0,1.0,0.4869791708886624,1.072009563446045,-1.0274128913879395
to_Berlin_control2,5,False,0.5362062193453312,9.51539134979248,-10.233400344848633,0.4901402235031128,0.0125,1.1929962635040283,0.0,1.0,0.40673424676060677,0.0125,1.3420957326889038,0.0,1.0,0.5015437502413989,1.0724897384643555,-1.0577781200408936
to_Berlin_control2,6,False,0.5362062193453312,9.51539134979248,-10.233400344848633,0.48601425141096116,0.0125,1.2029606103897095,0.0,1.0,0.440054190158844,0.0125,1.3196020126342773,0.0,1.0,0.5003011320251971,1.0783936977386475,-1.057660698890686
to_Berlin_control2,7,False,0.5362062193453312,9.51539134979248,-10.233400344848633,0.4936594381928444,0.0125,1.1260881423950195,0.0,1.0,0.4170757725834847,0.0125,1.4951750040054321,0.0,1.0,0.5001537211588584,1.0348585844039917,-1.0460737943649292
to_Berlin_control2,8,False,0.5362062193453312,9.51539134979248,-10.233400344848633,0.4977866396307945,0.5625,1.115978717803955,0.0,1.0,0.40476976707577705,0.0125,1.5312750339508057,0.0,1.0,0.5050745628774166,1.06196129322052,-1.0708951950073242
to_Berlin_control2,9,False,0.5362062193453312,9.51539134979248,-10.233400344848633,0.5039548456668854,0.5125,1.2383227348327637,0.0,1.0,0.41911183148622516,0.0125,1.5182418823242188,0.0,1.0,0.5068572431802749,1.0463472604751587,-1.0773805379867554
to_Berlin_control2,10,False,0.5362062193453312,9.51539134979248,-10.233400344848633,0.500491970544681,0.5125,1.4837065935134888,0.0,1.0,0.4277314828708768,0.0125,1.541459321975708,0.0,1.0,0.48911604881286624,1.0584701299667358,-1.189853310585022
to_Berlin_control2,11,False,0.5362062193453312,9.51539134979248,-10.233400344848633,0.5130554109811782,0.5125,1.4445589780807495,0.0,1.0,0.43415134772658354,0.0125,1.4829344749450684,0.0,1.0,0.5096425130963326,1.075982689857483,-1.141983151435852
to_Berlin_control2,12,False,0.5362062193453312,9.51539134979248,-10.233400344848633,0.5138397350907326,0.5125,1.43393075466156,0.0,1.0,0.4461210280656815,0.0125,1.4173479080200195,0.0,1.0,0.5077672712504864,1.0760607719421387,-1.1405175924301147
to_Berlin_control2,13,False,0.5362062193453312,9.51539134979248,-10.233400344848633,0.5108692690730094,0.5125,1.4188446998596191,0.0,1.0,0.43091696575284005,0.0125,1.4669615030288696,0.0,1.0,0.5030136035755277,1.0692638158798218,-1.1467043161392212
to_Berlin_control2,14,False,0.5362062193453312,9.51539134979248,-10.233400344848633,0.5114304095506668,0.5125,1.4069445133209229,0.0,1.0,0.39787033945322037,0.0125,1.4892449378967285,0.0,1.0,0.5060818370431661,1.0700953006744385,-1.1300898790359497
to_Berlin_control2,15,False,0.5362062193453312,9.51539134979248,-10.233400344848633,0.5109033025801182,0.5125,1.407535195350647,0.0,1.0,0.40390732027590276,0.0125,1.4582170248031616,0.0,1.0,0.5033731147646904,1.0620468854904175,-1.1266288757324219
to_Berlin_control2,16,True,0.5362062193453312,9.51539134979248,-10.233400344848633,0.48975200653076173,0.5125,1.8466123342514038,0.4330976903438568,0.9439986944198608,0.3882885813713074,0.0125,1.481136679649353,0.0,1.0,0.47023809105157854,0.9294644594192505,-1.1331193447113037
to_Berlin_control2,17,True,0.5362062193453312,9.51539134979248,-10.233400344848633,0.501540398504585,0.5375,1.898592472076416,0.4249309301376343,0.9466504454612732,0.36064561977982523,0.5625,1.3683565855026245,0.39057353138923645,0.9404311776161194,0.4871230281889439,0.9261217713356018,-1.138020396232605
to_Berlin_control2,18,True,0.5362062193453312,9.51539134979248,-10.233400344848633,0.5029454704374074,0.5125,1.9282495975494385,0.42359593510627747,0.9483116865158081,0.4117443658411503,0.5625,1.4650894403457642,0.3788098096847534,0.9449160099029541,0.4849756203591824,0.9029226303100586,-1.1506550312042236
to_Berlin_control2,19,True,0.5362062193453312,9.51539134979248,-10.233400344848633,0.5166978061199189,0.5125,1.8123443126678467,0.4141254723072052,0.9546464681625366,0.41901143044233324,0.5375,1.4173334836959839,0.3848905861377716,0.9452334046363831,0.4937420755624771,0.8301398158073425,-1.1409165859222412
to_Berlin_control2,20,True,0.5362062193453312,9.51539134979248,-10.233400344848633,0.5251790412585251,0.5125,1.9497435092926025,0.38922765851020813,0.9605593085289001,0.5281891457736493,0.5625,2.0172019004821777,0.2749936580657959,0.9727420806884766,0.5129411160945893,0.9393291473388672,-1.0957329273223877
to_Berlin_control2,21,True,0.5362062193453312,9.51539134979248,-10.233400344848633,0.5399666383862496,0.5125,2.0718393325805664,0.3741629123687744,0.9617593288421631,0.540573987364769,0.5625,2.409682035446167,0.22036831080913544,0.9780471324920654,0.5349714748561383,1.0706897974014282,-1.06498122215271
to_Berlin_control2,22,True,0.5362062193453312,9.51539134979248,-10.233400344848633,0.5236965641379356,0.5125,2.254986524581909,0.35715237259864807,0.9652777314186096,0.5413849905133248,0.5375,2.5329315662384033,0.17880932986736298,0.9811237454414368,0.5101546920835972,1.073144793510437,-1.1446584463119507
to_Berlin_control2,23,True,0.5362062193453312,9.51539134979248,-10.233400344848633,0.5212686613202095,0.48750000000000004,2.4610443115234375,0.35349658131599426,0.9665959477424622,0.5395644262433053,0.5375,2.676412343978882,0.16653859615325928,0.9821352958679199,0.5098106071352959,1.1145515441894531,-1.137800931930542
to_Berlin_control2,24,True,0.5362062193453312,9.51539134979248,-10.233400344848633,0.5223090082406998,0.48750000000000004,2.4376509189605713,0.3581726551055908,0.9650766849517822,0.5379534840583802,0.5375,2.6361379623413086,0.1693422496318817,0.980974018573761,0.5057870514690876,1.0517888069152832,-1.1721961498260498
to_Berlin_control2,25,True,0.5362062193453312,9.51539134979248,-10.233400344848633,0.5232949450612069,0.5125,2.4488296508789062,0.3577210009098053,0.964191198348999,0.5388883739709854,0.5375,2.7082738876342773,0.17000330984592438,0.9812332391738892,0.5096317544579506,1.0818514823913574,-1.1572010517120361
to_Berlin_control2,26,True,0.5362062193453312,9.51539134979248,-10.233400344848633,0.5202138364315033,0.5125,2.563481092453003,0.37134575843811035,0.9603696465492249,0.538895021378994,0.5375,2.7315216064453125,0.17573821544647217,0.9810992479324341,0.5071853891015052,1.125125765800476,-1.2021602392196655
to_Berlin_control2,27,True,0.5362062193453312,9.51539134979248,-10.233400344848633,0.5149829223752022,0.5125,2.5278830528259277,0.3776325583457947,0.9599223136901855,0.5377718284726143,0.5375,2.6541056632995605,0.19136913120746613,0.978448212146759,0.49981705099344254,0.9965869784355164,-1.2398276329040527
to_Berlin_control3,0,False,0.5326055973768234,10.444637298583984,-10.24952507019043,0.502542196586728,0.9875,1.0097686052322388,0.0,1.0,nan,0.0125,0.0,nan,nan,0.5096033029258251,1.0147815942764282,-0.9737914800643921
to_Berlin_control3,1,False,0.5326055973768234,10.444637298583984,-10.24952507019043,0.49693972021341326,0.0125,1.0146456956863403,0.0,1.0,0.476776378788054,0.0125,1.215567946434021,0.0,1.0,0.5137268856167794,1.0239683389663696,-0.9657891392707825
to_Berlin_control3,2,False,0.5326055973768234,10.444637298583984,-10.24952507019043,0.4909277379512787,0.0125,1.0562742948532104,0.0,1.0,0.483335479348898,0.0125,1.189537525177002,0.0,1.0,0.49962596595287323,1.0053845643997192,-0.994361937046051
to_Berlin_control3,3,False,0.5326055973768234,10.444637298583984,-10.24952507019043,0.4660977691411972,0.0125,1.1521878242492676,0.0,1.0,0.4120161257684231,0.0125,1.3153982162475586,0.0,1.0,0.48418849110603335,1.016798496246338,-0.9772712588310242
to_Berlin_control3,4,False,0.5326055973768234,10.444637298583984,-10.24952507019043,0.4622028529644013,0.0125,1.2798560857772827,0.0,1.0,0.39328523576259616,0.0125,1.356290340423584,0.0,1.0,0.4869791708886624,1.072009563446045,-1.0274128913879395
to_Berlin_control3,5,False,0.5326055973768234,10.444637298583984,-10.24952507019043,0.4901402235031128,0.0125,1.1929962635040283,0.0,1.0,0.40673424676060677,0.0125,1.3420957326889038,0.0,1.0,0.5015437502413989,1.0724897384643555,-1.0577781200408936
to_Berlin_control3,6,False,0.5326055973768234,10.444637298583984,-10.24952507019043,0.48601425141096116,0.0125,1.2029606103897095,0.0,1.0,0.440054190158844,0.0125,1.3196020126342773,0.0,1.0,0.5003011320251971,1.0783936977386475,-1.057660698890686
to_Berlin_control3,7,False,0.5326055973768234,10.444637298583984,-10.24952507019043,0.4936594381928444,0.0125,1.1260881423950195,0.0,1.0,0.4170757725834847,0.0125,1.4951750040054321,0.0,1.0,0.5001537211588584,1.0348585844039917,-1.0460737943649292
to_Berlin_control3,8,False,0.5326055973768234,10.444637298583984,-10.24952507019043,0.4977866396307945,0.5625,1.115978717803955,0.0,1.0,0.40476976707577705,0.0125,1.5312750339508057,0.0,1.0,0.5050745628774166,1.06196129322052,-1.0708951950073242
to_Berlin_control3,9,False,0.5326055973768234,10.444637298583984,-10.24952507019043,0.5039548456668854,0.5125,1.2383227348327637,0.0,1.0,0.41911183148622516,0.0125,1.5182418823242188,0.0,1.0,0.5068572431802749,1.0463472604751587,-1.0773805379867554
to_Berlin_control3,10,False,0.5326055973768234,10.444637298583984,-10.24952507019043,0.500491970544681,0.5125,1.4837065935134888,0.0,1.0,0.4277314828708768,0.0125,1.541459321975708,0.0,1.0,0.48911604881286624,1.0584701299667358,-1.189853310585022
to_Berlin_control3,11,False,0.5326055973768234,10.444637298583984,-10.24952507019043,0.5130554109811782,0.5125,1.4445589780807495,0.0,1.0,0.43415134772658354,0.0125,1.4829344749450684,0.0,1.0,0.5096425130963326,1.075982689857483,-1.141983151435852
to_Berlin_control3,12,False,0.5326055973768234,10.444637298583984,-10.24952507019043,0.5138397350907326,0.5125,1.43393075466156,0.0,1.0,0.4461210280656815,0.0125,1.4173479080200195,0.0,1.0,0.5077672712504864,1.0760607719421387,-1.1405175924301147
to_Berlin_control3,13,False,0.5326055973768234,10.444637298583984,-10.24952507019043,0.5108692690730094,0.5125,1.4188446998596191,0.0,1.0,0.43091696575284005,0.0125,1.4669615030288696,0.0,1.0,0.5030136035755277,1.0692638158798218,-1.1467043161392212
to_Berlin_control3,14,False,0.5326055973768234,10.444637298583984,-10.24952507019043,0.5114304095506668,0.5125,1.4069445133209229,0.0,1.0,0.39787033945322037,0.0125,1.4892449378967285,0.0,1.0,0.5060818370431661,1.0700953006744385,-1.1300898790359497
to_Berlin_control3,15,False,0.5326055973768234,10.444637298583984,-10.24952507019043,0.5109033025801182,0.5125,1.407535195350647,0.0,1.0,0.40390732027590276,0.0125,1.4582170248031616,0.0,1.0,0.5033731147646904,1.0620468854904175,-1.1266288757324219
to_Berlin_control3,16,True,0.5326055973768234,10.444637298583984,-10.24952507019043,0.5279132248833776,0.5125,1.8282681703567505,0.4246441125869751,0.9441127777099609,0.3882885813713074,0.0125,1.481136679649353,0.0,1.0,0.5178378507494926,1.1529815196990967,-1.1364099979400635
to_Berlin_control3,17,True,0.5326055973768234,10.444637298583984,-10.24952507019043,0.5170518904924393,0.5125,1.8604788780212402,0.4241005480289459,0.9476763606071472,0.36822724193334583,0.5875,1.3199865818023682,0.39140585064888,0.9465897083282471,0.510997424274683,0.9992715716362,-1.1399550437927246
to_Berlin_control3,18,True,0.5326055973768234,10.444637298583984,-10.24952507019043,0.5177873983979225,0.5125,1.8543905019760132,0.41896718740463257,0.9489012956619263,0.3300769984722138,0.5625,1.3738821744918823,0.4225168824195862,0.948424220085144,0.5101450875401496,0.9874247908592224,-1.154488444328308
to_Berlin_control3,19,True,0.5326055973768234,10.444637298583984,-10.24952507019043,0.529598742350936,0.5125,1.736977458000183,0.40642356872558594,0.9546248912811279,0.30811144262552265,0.5875,1.2705601453781128,0.4241888225078583,0.9457296133041382,0.5158586844801903,0.9421860575675964,-1.1470457315444946
to_Berlin_control3,20,True,0.5326055973768234,10.444637298583984,-10.24952507019043,0.5302437033504248,0.5125,1.934130311012268,0.3854295313358307,0.9604336023330688,0.5201251238584519,0.5375,2.1198370456695557,0.2862376272678375,0.9729569554328918,0.5235536962747575,0.9342905282974243,-1.1051791906356812
to_Berlin_control3,21,True,0.5326055973768234,10.444637298583984,-10.24952507019043,0.5316516779363155,0.5125,2.0107364654541016,0.384794145822525,0.9624975919723511,0.5323636285960675,0.5375,2.728539228439331,0.24304571747779846,0.9788089394569397,0.5300924088805914,0.8844508528709412,-1.0779664516448975
to_Berlin_control3,22,True,0.5326055973768234,10.444637298583984,-10.24952507019043,0.5100572243332863,0.5125,2.175808906555176,0.3743356466293335,0.9640585780143738,0.5306443013250828,0.5125,2.9061033725738525,0.19809235632419586,0.9823761582374573,0.49870971590280533,0.8212988972663879,-1.1663501262664795
to_Berlin_control3,23,True,0.5326055973768234,10.444637298583984,-10.24952507019043,0.5058419145643711,0.5125,2.4555931091308594,0.36703208088874817,0.9662536382675171,0.5294541619718075,0.5375,3.0895230770111084,0.19279982149600983,0.9843422770500183,0.49624551832675934,0.8037281632423401,-1.1569068431854248
to_Berlin_control3,24,True,0.5326055973768234,10.444637298583984,-10.24952507019043,0.5095919042825698,0.5125,2.4557347297668457,0.3685833215713501,0.9651123881340027,0.5284340903162956,0.5125,3.026921510696411,0.20278427004814148,0.9836080074310303,0.4954651862382889,0.7823189496994019,-1.190698266029358
to_Berlin_control3,25,True,0.5326055973768234,10.444637298583984,-10.24952507019043,0.5110010415315628,0.5125,2.493224859237671,0.37007516622543335,0.963996410369873,0.5278575683012605,0.5375,3.126224994659424,0.20974279940128326,0.9835373163223267,0.4999136447906494,0.7926526665687561,-1.1816860437393188
to_Berlin_control3,26,True,0.5326055973768234,10.444637298583984,-10.24952507019043,0.506242661550641,0.5125,2.682579278945923,0.3806267976760864,0.9604905247688293,0.5303913544863462,0.5375,3.1275887489318848,0.20507466793060303,0.9844804406166077,0.4923949122428894,0.7219569683074951,-1.2280583381652832
to_Berlin_control3,27,True,0.5326055973768234,10.444637298583984,-10.24952507019043,0.5064223013818264,0.5125,2.672224760055542,0.3714948296546936,0.9589097499847412,0.5295767012983561,0.5375,3.0217878818511963,0.2209746390581131,0.9838829636573792,0.48956139236688617,0.7257294654846191,-1.2730103731155396
to_Tokyo_control1,0,False,0.5379499107599259,10.225823402404785,-6.893742561340332,0.502542196586728,0.9875,1.0097686052322388,0.0,1.0,nan,0.0125,0.0,nan,nan,0.5096033029258251,1.0147815942764282,-0.9737914800643921
to_Tokyo_control1,1,False,0.5379499107599259,10.225823402404785,-6.893742561340332,0.49693972021341326,0.0125,1.0146456956863403,0.0,1.0,0.476776378788054,0.0125,1.215567946434021,0.0,1.0,0.5137268856167794,1.0239683389663696,-0.9657891392707825
to_Tokyo_control1,2,False,0.5379499107599259,10.225823402404785,-6.893742561340332,0.4909277379512787,0.0125,1.0562742948532104,0.0,1.0,0.483335479348898,0.0125,1.189537525177002,0.0,1.0,0.49962596595287323,1.0053845643997192,-0.994361937046051
to_Tokyo_control1,3,False,0.5379499107599259,10.225823402404785,-6.893742561340332,0.4660977691411972,0.0125,1.1521878242492676,0.0,1.0,0.4120161257684231,0.0125,1.3153982162475586,0.0,1.0,0.48418849110603335,1.016798496246338,-0.9772712588310242
to_Tokyo_control1,4,False,0.5379499107599259,10.225823402404785,-6.893742561340332,0.4622028529644013,0.0125,1.2798560857772827,0.0,1.0,0.39328523576259616,0.0125,1.356290340423584,0.0,1.0,0.4869791708886624,1.072009563446045,-1.0274128913879395
to_Tokyo_control1,5,False,0.5379499107599259,10.225823402404785,-6.893742561340332,0.4901402235031128,0.0125,1.1929962635040283,0.0,1.0,0.40673424676060677,0.0125,1.3420957326889038,0.0,1.0,0.5015437502413989,1.0724897384643555,-1.0577781200408936
to_Tokyo_control1,6,False,0.5379499107599259,10.225823402404785,-6.893742561340332,0.48601425141096116,0.0125,1.2029606103897095,0.0,1.0,0.440054190158844,0.0125,1.3196020126342773,0.0,1.0,0.5003011320251971,1.0783936977386475,-1.057660698890686
to_Tokyo_control1,7,False,0.5379499107599259,10.225823402404785,-6.893742561340332,0.4936594381928444,0.0125,1.1260881423950195,0.0,1.0,0.4170757725834847,0.0125,1.4951750040054321,0.0,1.0,0.5001537211588584,1.0348585844039917,-1.0460737943649292
to_Tokyo_control1,8,False,0.5379499107599259,10.225823402404785,-6.893742561340332,0.4977866396307945,0.5625,1.115978717803955,0.0,1.0,0.40476976707577705,0.0125,1.5312750339508057,0.0,1.0,0.5050745628774166,1.06196129322052,-1.0708951950073242
to_Tokyo_control1,9,False,0.5379499107599259,10.225823402404785,-6.893742561340332,0.5039548456668854,0.5125,1.2383227348327637,0.0,1.0,0.41911183148622516,0.0125,1.5182418823242188,0.0,1.0,0.5068572431802749,1.0463472604751587,-1.0773805379867554
to_Tokyo_control1,10,False,0.5379499107599259,10.225823402404785,-6.893742561340332,0.500491970544681,0.5125,1.4837065935134888,0.0,1.0,0.4277314828708768,0.0125,1.541459321975708,0.0,1.0,0.48911604881286624,1.0584701299667358,-1.189853310585022
to_Tokyo_control1,11,False,0.5379499107599259,10.225823402404785,-6.893742561340332,0.5130554109811782,0.5125,1.4445589780807495,0.0,1.0,0.43415134772658354,0.0125,1.4829344749450684,0.0,1.0,0.5096425130963326,1.075982689857483,-1.141983151435852
to_Tokyo_control1,12,False,0.5379499107599259,10.225823402404785,-6.893742561340332,0.5138397350907326,0.5125,1.43393075466156,0.0,1.0,0.4461210280656815,0.0125,1.4173479080200195,0.0,1.0,0.5077672712504864,1.0760607719421387,-1.1405175924301147
to_Tokyo_control1,13,False,0.5379499107599259,10.225823402404785,-6.893742561340332,0.5108692690730094,0.5125,1.4188446998596191,0.0,1.0,0.43091696575284005,0.0125,1.4669615030288696,0.0,1.0,0.5030136035755277,1.0692638158798218,-1.1467043161392212
to_Tokyo_control1,14,False,0.5379499107599259,10.225823402404785,-6.893742561340332,0.5114304095506668,0.5125,1.4069445133209229,0.0,1.0,0.39787033945322037,0.0125,1.4892449378967285,0.0,1.0,0.5060818370431661,1.0700953006744385,-1.1300898790359497
to_Tokyo_control1,15,False,0.5379499107599259,10.225823402404785,-6.893742561340332,0.5109033025801182,0.5125,1.407535195350647,0.0,1.0,0.40390732027590276,0.0125,1.4582170248031616,0.0,1.0,0.5033731147646904,1.0620468854904175,-1.1266288757324219
to_Tokyo_control1,16,True,0.5379499107599259,10.225823402404785,-6.893742561340332,0.5097538642585278,0.5375,1.739134430885315,0.09332185983657837,0.5973805785179138,0.3882885813713074,0.0125,1.481136679649353,0.0,1.0,0.502976599894464,1.0565767288208008,-1.167118787765503
to_Tokyo_control1,17,True,0.5379499107599259,10.225823402404785,-6.893742561340332,0.5088049344718456,0.5375,1.785268783569336,0.09140743315219879,0.6022369265556335,0.4335296511650086,0.4625,1.360997200012207,0.10525291413068771,0.6535047292709351,0.5084094643592835,1.084963083267212,-1.078355312347412
to_Tokyo_control1,18,True,0.5379499107599259,10.225823402404785,-6.893742561340332,0.5169251516461373,0.5375,1.8035855293273926,0.08663240820169449,0.5958253145217896,0.4651905968785286,0.48750000000000004,1.3785030841827393,0.09289140999317169,0.6564359068870544,0.5162512049078941,1.0838074684143066,-0.9861850738525391
to_Tokyo_control1,19,True,0.5379499107599259,10.225823402404785,-6.893742561340332,0.5171109959483147,0.5375,1.7546894550323486,0.07563325017690659,0.6166223883628845,0.45891174376010896,0.5125,1.3153599500656128,0.09753013402223587,0.6529585719108582,0.5119514085352421,1.0525052547454834,-0.9881513118743896
to_Tokyo_control1,20,True,0.5379499107599259,10.225823402404785,-6.893742561340332,0.528795450925827,0.5125,1.808241367340088,0.07027638703584671,0.6260658502578735,0.524862189590931,0.48750000000000004,1.9052886962890625,0.0504186637699604,0.6931413412094116,0.5241531103849412,1.03636634349823,-0.8353461623191833
to_Tokyo_control1,21,True,0.5379499107599259,10.225823402404785,-6.893742561340332,0.5344950512051583,0.5125,1.831400990486145,0.06835242360830307,0.6335284113883972,0.5297404423356057,0.5375,2.4795706272125244,0.0394832082092762,0.7365465760231018,0.5337973169982434,1.0472177267074585,-0.8260409235954285
to_Tokyo_control1,22,True,0.5379499107599259,10.225823402404785,-6.893742561340332,0.52485341578722,0.48750000000000004,1.9111578464508057,0.06278205662965775,0.6341022253036499,0.5540884498506785,0.48750000000000004,2.621997833251953,0.033368244767189026,0.6881181597709656,0.5112306468188763,1.0243240594863892,-0.8242918848991394
to_Tokyo_control1,23,True,0.5379499107599259,10.225823402404785,-6.893742561340332,0.5163914650678635,0.48750000000000004,2.05202317237854,0.0614544041454792,0.6454798579216003,0.5400885447859765,0.48750000000000004,2.7446889877319336,0.03135669231414795,0.7234477996826172,0.5049380447715521,1.044679880142212,-0.8661128282546997
to_Tokyo_control1,24,True,0.5379499107599259,10.225823402404785,-6.893742561340332,0.5193354070186615,0.48750000000000004,2.073221206665039,0.06490995734930038,0.6454940438270569,0.5448708072304727,0.48750000000000004,2.6719346046447754,0.034750234335660934,0.707665205001831,0.5012572011910379,1.0164225101470947,-0.892653226852417
to_Tokyo_control1,25,True,0.5379499107599259,10.225823402404785,-6.893742561340332,0.5204682037234306,0.48750000000000004,2.1035711765289307,0.06415467709302902,0.6397003531455994,0.5440427750349045,0.48750000000000004,2.72226881980896,0.03573552519083023,0.7116449475288391,0.505779967457056,1.0422685146331787,-0.8806818127632141
to_Tokyo_control1,26,True,0.5379499107599259,10.225823402404785,-6.893742561340332,0.5182506144046783,0.48750000000000004,2.1985514163970947,0.0681455209851265,0.6246445178985596,0.5451288238167763,0.48750000000000004,2.682840347290039,0.03467226400971413,0.7119486927986145,0.5003083394374699,1.0610380172729492,-0.8610612154006958
to_Tokyo_control1,27,True,0.5379499107599259,10.225823402404785,-6.893742561340332,0.5224986359477043,0.48750000000000004,2.154961585998535,0.06791941076517105,0.6210070252418518,0.546399249136448,0.48750000000000004,2.5857551097869873,0.03604903817176819,0.6966679692268372,0.4989850834012032,1.0270018577575684,-0.8910617828369141
to_Tokyo_control2,0,False,0.5360440410673618,10.094640731811523,-8.913122177124023,0.502542196586728,0.9875,1.0097686052322388,0.0,1.0,nan,0.0125,0.0,nan,nan,0.5096033029258251,1.0147815942764282,-0.9737914800643921
to_Tokyo_control2,1,False,0.5360440410673618,10.094640731811523,-8.913122177124023,0.49693972021341326,0.0125,1.0146456956863403,0.0,1.0,0.476776378788054,0.0125,1.215567946434021,0.0,1.0,0.5137268856167794,1.0239683389663696,-0.9657891392707825
to_Tokyo_control2,2,False,0.5360440410673618,10.094640731811523,-8.913122177124023,0.4909277379512787,0.0125,1.0562742948532104,0.0,1.0,0.483335479348898,0.0125,1.189537525177002,0.0,1.0,0.49962596595287323,1.0053845643997192,-0.994361937046051
to_Tokyo_control2,3,False,0.5360440410673618,10.094640731811523,-8.913122177124023,0.4660977691411972,0.0125,1.1521878242492676,0.0,1.0,0.4120161257684231,0.0125,1.3153982162475586,0.0,1.0,0.48418849110603335,1.016798496246338,-0.9772712588310242
to_Tokyo_control2,4,False,0.5360440410673618,10.094640731811523,-8.913122177124023,0.4622028529644013,0.0125,1.2798560857772827,0.0,1.0,0.39328523576259616,0.0125,1.356290340423584,0.0,1.0,0.4869791708886624,1.072009563446045,-1.0274128913879395
to_Tokyo_control2,5,False,0.5360440410673618,10.094640731811523,-8.913122177124023,0.4901402235031128,0.0125,1.1929962635040283,0.0,1.0,0.40673424676060677,0.0125,1.3420957326889038,0.0,1.0,0.5015437502413989,1.0724897384643555,-1.0577781200408936
to_Tokyo_control2,6,False,0.5360440410673618,10.094640731811523,-8.913122177124023,0.48601425141096116,0.0125,1.2029606103897095,0.0,1.0,0.440054190158844,0.0125,1.3196020126342773,0.0,1.0,0.5003011320251971,1.0783936977386475,-1.057660698890686
to_Tokyo_control2,7,False,0.5360440410673618,10.094640731811523,-8.913122177124023,0.4936594381928444,0.0125,1.1260881423950195,0.0,1.0,0.4170757725834847,0.0125,1.4951750040054321,0.0,1.0,0.5001537211588584,1.0348585844039917,-1.0460737943649292
to_Tokyo_control2,8,False,0.5360440410673618,10.094640731811523,-8.913122177124023,0.4977866396307945,0.5625,1.115978717803955,0.0,1.0,0.40476976707577705,0.0125,1.5312750339508057,0.0,1.0,0.5050745628774166,1.06196129322052,-1.0708951950073242
to_Tokyo_control2,9,False,0.5360440410673618,10.094640731811523,-8.913122177124023,0.5039548456668854,0.5125,1.2383227348327637,0.0,1.0,0.41911183148622516,0.0125,1.5182418823242188,0.0,1.0,0.5068572431802749,1.0463472604751587,-1.0773805379867554
to_Tokyo_control2,10,False,0.5360440410673618,10.094640731811523,-8.913122177124023,0.500491970544681,0.5125,1.4837065935134888,0.0,1.0,0.4277314828708768,0.0125,1.541459321975708,0.0,1.0,0.48911604881286624,1.0584701299667358,-1.189853310585022
to_Tokyo_control2,11,False,0.5360440410673618,10.094640731811523,-8.913122177124023,0.5130554109811782,0.5125,1.4445589780807495,0.0,1.0,0.43415134772658354,0.0125,1.4829344749450684,0.0,1.0,0.5096425130963326,1.075982689857483,-1.141983151435852
to_Tokyo_control2,12,False,0.5360440410673618,10.094640731811523,-8.913122177124023,0.5138397350907326,0.5125,1.43393075466156,0.0,1.0,0.4461210280656815,0.0125,1.4173479080200195,0.0,1.0,0.5077672712504864,1.0760607719421387,-1.1405175924301147
to_Tokyo_control2,13,False,0.5360440410673618,10.094640731811523,-8.913122177124023,0.5108692690730094,0.5125,1.4188446998596191,0.0,1.0,0.43091696575284005,0.0125,1.4669615030288696,0.0,1.0,0.5030136035755277,1.0692638158798218,-1.1467043161392212
to_Tokyo_control2,14,False,0.5360440410673618,10.094640731811523,-8.913122177124023,0.5114304095506668,0.5125,1.4069445133209229,0.0,1.0,0.39787033945322037,0.0125,1.4892449378967285,0.0,1.0,0.5060818370431661,1.0700953006744385,-1.1300898790359497
to_Tokyo_control2,15,False,0.5360440410673618,10.094640731811523,-8.913122177124023,0.5109033025801182,0.5125,1.407535195350647,0.0,1.0,0.40390732027590276,0.0125,1.4582170248031616,0.0,1.0,0.5033731147646904,1.0620468854904175,-1.1266288757324219
to_Tokyo_control2,16,True,0.5360440410673618,10.094640731811523,-8.913122177124023,0.5202757403254509,0.5375,1.7431851625442505,0.09334924072027206,0.592258095741272,0.3882885813713074,0.0125,1.481136679649353,0.0,1.0,0.5072376564145088,1.0575836896896362,-1.122657299041748
to_Tokyo_control2,17,True,0.5360440410673618,10.094640731811523,-8.913122177124023,0.5290344752371311,0.5375,1.8205825090408325,0.09319857507944107,0.5987790822982788,0.4262844474986196,0.48750000000000004,1.4329437017440796,0.09231725335121155,0.6209476590156555,0.5221356719732285,1.1013507843017578,-1.0874013900756836
to_Tokyo_control2,18,True,0.5360440410673618,10.094640731811523,-8.913122177124023,0.5225642576813698,0.5375,1.8489561080932617,0.08831771463155746,0.6040604114532471,0.45342625118792057,0.48750000000000004,1.4553000926971436,0.0856902152299881,0.6283062696456909,0.5144042432308197,1.1024917364120483,-1.1371935606002808
to_Tokyo_control2,19,True,0.5360440410673618,10.094640731811523,-8.913122177124023,0.5288680896162987,0.5375,1.814520001411438,0.08066337555646896,0.6220465898513794,0.4442400023341179,0.5125,1.3688163757324219,0.08430256694555283,0.6353940367698669,0.5143085420131683,1.0699795484542847,-1.1412439346313477
to_Tokyo_control2,20,True,0.5360440410673618,10.094640731811523,-8.913122177124023,0.5332620523869992,0.5125,1.9912757873535156,0.06849395483732224,0.6419510245323181,0.5214961975812912,0.5125,2.165292978286743,0.04560903459787369,0.7239425778388977,0.5222906559705734,1.0404835939407349,-1.0602854490280151
to_Tokyo_control2,21,True,0.5360440410673618,10.094640731811523,-8.913122177124023,0.5401266425848008,0.5125,2.0522334575653076,0.06761452555656433,0.6491666436195374,0.5290569420903921,0.5125,2.5726401805877686,0.0337081253528595,0.7502803802490234,0.5343689896166325,1.036496877670288,-0.9808074235916138
to_Tokyo_control2,22,True,0.5360440410673618,10.094640731811523,-8.913122177124023,0.5262090345844627,0.5125,2.231311321258545,0.06115802004933357,0.6574230194091797,0.5386386618018151,0.5125,2.731612205505371,0.026083724573254585,0.7813957929611206,0.5119336314499379,1.0146194696426392,-1.054030179977417
to_Tokyo_control2,23,True,0.5360440410673618,10.094640731811523,-8.913122177124023,0.5207559987902641,0.5125,2.404296875,0.06040133163332939,0.6648589968681335,0.5312239918857813,0.5125,2.923900604248047,0.024255026131868362,0.7993611097335815,0.5081163339316845,1.0175589323043823,-1.047420859336853
to_Tokyo_control2,24,True,0.5360440410673618,10.094640731811523,-8.913122177124023,0.5229446277022362,0.5125,2.436027765274048,0.06169673427939415,0.6593164205551147,0.5315387018024922,0.5125,2.84761905670166,0.024941755458712578,0.7986401319503784,0.505327295139432,0.9909325838088989,-1.0817302465438843
to_Tokyo_control2,25,True,0.5360440410673618,10.094640731811523,-8.913122177124023,0.524796710908413,0.5125,2.465815544128418,0.06304311007261276,0.6568078994750977,0.5314241036772728,0.5125,2.9391660690307617,0.024950668215751648,0.8036286234855652,0.5108533315360546,1.0119539499282837,-1.0508005619049072
to_Tokyo_control2,26,True,0.5360440410673618,10.094640731811523,-8.913122177124023,0.5177609771490097,0.5125,2.6069610118865967,0.0657074823975563,0.6487674117088318,0.5318003550171853,0.5125,2.9391233921051025,0.025390667840838432,0.8063502907752991,0.5031750403344631,1.0190106630325317,-1.0924773216247559
to_Tokyo_control2,27,True,0.5360440410673618,10.094640731811523,-8.913122177124023,0.5113859467208386,0.5125,2.582430839538574,0.06540115922689438,0.6455893516540527,0.530590395256877,0.5125,2.836880683898926,0.027847308665513992,0.7886401414871216,0.49690161645412445,0.9983872771263123,-1.170843243598938
to_Tokyo_control3,0,False,0.5035573311150074,10.085241317749023,-9.739243507385254,0.502542196586728,0.9875,1.0097686052322388,0.0,1.0,nan,0.0125,0.0,nan,nan,0.5096033029258251,1.0147815942764282,-0.9737914800643921
to_Tokyo_control3,1,False,0.5035573311150074,10.085241317749023,-9.739243507385254,0.49693972021341326,0.0125,1.0146456956863403,0.0,1.0,0.476776378788054,0.0125,1.215567946434021,0.0,1.0,0.5137268856167794,1.0239683389663696,-0.9657891392707825
to_Tokyo_control3,2,False,0.5035573311150074,10.085241317749023,-9.739243507385254,0.4909277379512787,0.0125,1.0562742948532104,0.0,1.0,0.483335479348898,0.0125,1.189537525177002,0.0,1.0,0.49962596595287323,1.0053845643997192,-0.994361937046051
to_Tokyo_control3,3,False,0.5035573311150074,10.085241317749023,-9.739243507385254,0.4660977691411972,0.0125,1.1521878242492676,0.0,1.0,0.4120161257684231,0.0125,1.3153982162475586,0.0,1.0,0.48418849110603335,1.016798496246338,-0.9772712588310242
to_Tokyo_control3,4,False,0.5035573311150074,10.085241317749023,-9.739243507385254,0.4622028529644013,0.0125,1.2798560857772827,0.0,1.0,0.39328523576259616,0.0125,1.356290340423584,0.0,1.0,0.4869791708886624,1.072009563446045,-1.0274128913879395
to_Tokyo_control3,5,False,0.5035573311150074,10.085241317749023,-9.739243507385254,0.4901402235031128,0.0125,1.1929962635040283,0.0,1.0,0.40673424676060677,0.0125,1.3420957326889038,0.0,1.0,0.5015437502413989,1.0724897384643555,-1.0577781200408936
to_Tokyo_control3,6,False,0.5035573311150074,10.085241317749023,-9.739243507385254,0.48601425141096116,0.0125,1.2029606103897095,0.0,1.0,0.440054190158844,0.0125,1.3196020126342773,0.0,1.0,0.5003011320251971,1.0783936977386475,-1.057660698890686
to_Tokyo_control3,7,False,0.5035573311150074,10.085241317749023,-9.739243507385254,0.4936594381928444,0.0125,1.1260881423950195,0.0,1.0,0.4170757725834847,0.0125,1.4951750040054321,0.0,1.0,0.5001537211588584,1.0348585844039917,-1.0460737943649292
to_Tokyo_control3,8,False,0.5035573311150074,10.085241317749023,-9.739243507385254,0.4977866396307945,0.5625,1.115978717803955,0.0,1.0,0.40476976707577705,0.0125,1.5312750339508057,0.0,1.0,0.5050745628774166,1.06196129322052,-1.0708951950073242
to_Tokyo_control3,9,False,0.5035573311150074,10.085241317749023,-9.739243507385254,0.5039548456668854,0.5125,1.2383227348327637,0.0,1.0,0.41911183148622516,0.0125,1.5182418823242188,0.0,1.0,0.5068572431802749,1.0463472604751587,-1.0773805379867554
to_Tokyo_control3,10,False,0.5035573311150074,10.085241317749023,-9.739243507385254,0.500491970544681,0.5125,1.4837065935134888,0.0,1.0,0.4277314828708768,0.0125,1.541459321975708,0.0,1.0,0.48911604881286624,1.0584701299667358,-1.189853310585022
to_Tokyo_control3,11,False,0.5035573311150074,10.085241317749023,-9.739243507385254,0.5130554109811782,0.5125,1.4445589780807495,0.0,1.0,0.43415134772658354,0.0125,1.4829344749450684,0.0,1.0,0.5096425130963326,1.075982689857483,-1.141983151435852
to_Tokyo_control3,12,False,0.5035573311150074,10.085241317749023,-9.739243507385254,0.5138397350907326,0.5125,1.43393075466156,0.0,1.0,0.4461210280656815,0.0125,1.4173479080200195,0.0,1.0,0.5077672712504864,1.0760607719421387,-1.1405175924301147
to_Tokyo_control3,13,False,0.5035573311150074,10.085241317749023,-9.739243507385254,0.5108692690730094,0.5125,1.4188446998596191,0.0,1.0,0.43091696575284005,0.0125,1.4669615030288696,0.0,1.0,0.5030136035755277,1.0692638158798218,-1.1467043161392212
to_Tokyo_control3,14,False,0.5035573311150074,10.085241317749023,-9.739243507385254,0.5114304095506668,0.5125,1.4069445133209229,0.0,1.0,0.39787033945322037,0.0125,1.4892449378967285,0.0,1.0,0.5060818370431661,1.0700953006744385,-1.1300898790359497
to_Tokyo_control3,15,False,0.5035573311150074,10.085241317749023,-9.739243507385254,0.5109033025801182,0.5125,1.407535195350647,0.0,1.0,0.40390732027590276,0.0125,1.4582170248031616,0.0,1.0,0.5033731147646904,1.0620468854904175,-1.1266288757324219
to_Tokyo_control3,16,True,0.5035573311150074,10.085241317749023,-9.739243507385254,0.5180211320519448,0.5375,1.7420281171798706,0.09352182596921921,0.5910825133323669,0.3882885813713074,0.0125,1.481136679649353,0.0,1.0,0.5064939737319947,1.0495327711105347,-1.0856666564941406
to_Tokyo_control3,17,True,0.5035573311150074,10.085241317749023,-9.739243507385254,0.5061060726642609,0.5125,1.7713245153427124,0.09018946439027786,0.6035985350608826,0.4043717358261347,0.4625,1.3323488235473633,0.090622678399086,0.6708440184593201,0.49998173862695694,1.0649018287658691,-1.0963482856750488
to_Tokyo_control3,18,True,0.5035573311150074,10.085241317749023,-9.739243507385254,0.5053046621382237,0.5375,1.7997552156448364,0.08569511026144028,0.6055447459220886,0.4356247827410698,0.48750000000000004,1.4718565940856934,0.08569971472024918,0.6678906679153442,0.49946984350681306,1.0699228048324585,-1.1147210597991943
to_Tokyo_control3,19,True,0.5035573311150074,10.085241317749023,-9.739243507385254,0.503992797806859,0.5375,1.757590651512146,0.07630639523267746,0.6204744577407837,0.41827257275581364,0.5125,1.3714596033096313,0.08190054446458817,0.6678506135940552,0.49406627714633944,1.040772795677185,-1.1339681148529053
to_Tokyo_control3,20,True,0.5035573311150074,10.085241317749023,-9.739243507385254,0.5041192602366209,0.48750000000000004,1.958127498626709,0.06532969325780869,0.6377881169319153,0.4920960068702698,0.48750000000000004,2.142712116241455,0.039577435702085495,0.7594103217124939,0.4992592751979828,1.032623529434204,-1.0459294319152832
to_Tokyo_control3,21,True,0.5035573311150074,10.085241317749023,-9.739243507385254,0.5078701414167881,0.48750000000000004,2.035717010498047,0.06241442635655403,0.6445645093917847,0.5072903729975223,0.48750000000000004,2.496518135070801,0.02895933948457241,0.7825474143028259,0.5074579998850822,1.0448280572891235,-0.9946625828742981
to_Tokyo_control3,22,True,0.5035573311150074,10.085241317749023,-9.739243507385254,0.4875480026006699,0.4625,2.179917812347412,0.055738285183906555,0.6566557288169861,0.5066536799073219,0.48750000000000004,2.716346263885498,0.02214862033724785,0.8218150734901428,0.4773901272565127,1.0239784717559814,-1.0630549192428589
to_Tokyo_control3,23,True,0.5035573311150074,10.085241317749023,-9.739243507385254,0.4815514959394932,0.4625,2.3719537258148193,0.05251496657729149,0.665199875831604,0.5054248835891485,0.48750000000000004,2.8387045860290527,0.020401839166879654,0.8382304906845093,0.47233898639678956,1.038705587387085,-1.0682504177093506
to_Tokyo_control3,24,True,0.5035573311150074,10.085241317749023,-9.739243507385254,0.4835043273866177,0.48750000000000004,2.3903465270996094,0.0541672445833683,0.6607714891433716,0.5033465638756752,0.48750000000000004,2.7961573600769043,0.02116980031132698,0.8349370956420898,0.47022369354963306,1.0113627910614014,-1.0963413715362549
to_Tokyo_control3,25,True,0.5035573311150074,10.085241317749023,-9.739243507385254,0.4816642798483372,0.48750000000000004,2.451017141342163,0.053992416709661484,0.6620111465454102,0.5026217179372907,0.48750000000000004,2.875352621078491,0.02106490731239319,0.8374354839324951,0.4714459359645844,1.0352789163589478,-1.122801661491394
to_Tokyo_control3,26,True,0.5035573311150074,10.085241317749023,-9.739243507385254,0.47386995851993563,0.48750000000000004,2.604490280151367,0.057211052626371384,0.6488399505615234,0.5032994680106639,0.48750000000000004,2.8873677253723145,0.020789938047528267,0.8403132557868958,0.4629237025976181,1.0502004623413086,-1.1371161937713623
to_Tokyo_control3,27,True,0.5035573311150074,10.085241317749023,-9.739243507385254,0.467553286254406,0.48750000000000004,2.6149399280548096,0.06140659749507904,0.645527720451355,0.501512523368001,0.48750000000000004,2.806600332260132,0.02270391955971718,0.8291152119636536,0.4569535180926323,1.0185388326644897,-1.2473524808883667
