t,top1_Capital,p_top1_Capital,top1_Continent,p_top1_Continent,top1_Currency,p_top1_Currency,top1_Language,p_top1_Language,top1_Type,p_top1_Type
0.00,' Tokyo',0.9252,' Asia',0.7427,' yen',0.5842,' Japanese',0.9495,' country',0.7265
0.01,' Tokyo',0.9253,' Asia',0.7423,' yen',0.5843,' Japanese',0.9495,' country',0.7262
0.02,' Tokyo',0.9253,' Asia',0.7419,' yen',0.5844,' Japanese',0.9496,' country',0.7260
0.03,' Tokyo',0.9254,' Asia',0.7415,' yen',0.5845,' Japanese',0.9497,' country',0.7258
0.04,' Tokyo',0.9254,' Asia',0.7411,' yen',0.5847,' Japanese',0.9497,' country',0.7256
0.05,' Tokyo',0.9255,' Asia',0.7407,' yen',0.5850,' Japanese',0.9498,' country',0.7255
0.06,' Tokyo',0.9255,' Asia',0.7404,' yen',0.5853,' Japanese',0.9499,' country',0.7254
0.07,' Tokyo',0.9256,' Asia',0.7401,' yen',0.5857,' Japanese',0.9500,' country',0.7253
0.08,' Tokyo',0.9257,' Asia',0.7398,' yen',0.5862,' Japanese',0.9500,' country',0.7253
0.09,' Tokyo',0.9257,' Asia',0.7396,' yen',0.5867,' Japanese',0.9501,' country',0.7253
0.10,' Tokyo',0.9258,' Asia',0.7393,' yen',0.5873,' Japanese',0.9502,' country',0.7254
0.11,' Tokyo',0.9259,' Asia',0.7391,' yen',0.5881,' Japanese',0.9503,' country',0.7255
0.12,' Tokyo',0.9259,' Asia',0.7389,' yen',0.5889,' Japanese',0.9504,' country',0.7258
0.13,' Tokyo',0.9260,' Asia',0.7387,' yen',0.5899,' Japanese',0.9505,' country',0.7260
0.14,' Tokyo',0.9261,' Asia',0.7385,' yen',0.5910,' Japanese',0.9506,' country',0.7264
0.15,' Tokyo',0.9261,' Asia',0.7383,' yen',0.5922,' Japanese',0.9507,' country',0.7269
0.16,' Tokyo',0.9262,' Asia',0.7381,' yen',0.5936,' Japanese',0.9508,' country',0.7274
0.17,' Tokyo',0.9263,' Asia',0.7379,' yen',0.5952,' Japanese',0.9509,' country',0.7281
0.18,' Tokyo',0.9264,' Asia',0.7377,' yen',0.5970,' Japanese',0.9510,' country',0.7289
0.19,' Tokyo',0.9264,' Asia',0.7375,' yen',0.5991,' Japanese',0.9511,' country',0.7298
0.20,' Tokyo',0.9265,' Asia',0.7372,' yen',0.6013,' Japanese',0.9512,' country',0.7309
0.21,' Tokyo',0.9265,' Asia',0.7369,' yen',0.6038,' Japanese',0.9513,' country',0.7321
0.22,' Tokyo',0.9266,' Asia',0.7365,' yen',0.6067,' Japanese',0.9514,' country',0.7334
0.23,' Tokyo',0.9266,' Asia',0.7360,' yen',0.6098,' Japanese',0.9515,' country',0.7350
0.24,' Tokyo',0.9266,' Asia',0.7353,' yen',0.6133,' Japanese',0.9516,' country',0.7368
0.25,' Tokyo',0.9265,' Asia',0.7346,' yen',0.6172,' Japanese',0.9516,' country',0.7388
0.26,' Tokyo',0.9264,' Asia',0.7336,' yen',0.6216,' Japanese',0.9517,' country',0.7410
0.27,' Tokyo',0.9262,' Asia',0.7324,' yen',0.6264,' Japanese',0.9517,' country',0.7436
0.28,' Tokyo',0.9259,' Asia',0.7309,' yen',0.6317,' Japanese',0.9516,' country',0.7464
0.29,' Tokyo',0.9254,' Asia',0.7290,' yen',0.6376,' Japanese',0.9515,' country',0.7495
0.30,' Tokyo',0.9248,' Asia',0.7267,' yen',0.6440,' Japanese',0.9514,' country',0.7531
0.31,' Tokyo',0.9239,' Asia',0.7238,' yen',0.6511,' Japanese',0.9512,' country',0.7570
0.32,' Tokyo',0.9227,' Asia',0.7202,' yen',0.6588,' Japanese',0.9508,' country',0.7614
0.33,' Tokyo',0.9211,' Asia',0.7157,' yen',0.6672,' Japanese',0.9504,' country',0.7662
0.34,' Tokyo',0.9191,' Asia',0.7101,' yen',0.6761,' Japanese',0.9497,' country',0.7716
0.35,' Tokyo',0.9164,' Asia',0.7030,' yen',0.6857,' Japanese',0.9489,' country',0.7776
0.36,' Tokyo',0.9129,' Asia',0.6941,' yen',0.6957,' Japanese',0.9477,' country',0.7843
0.37,' Tokyo',0.9085,' Asia',0.6826,' yen',0.7061,' Japanese',0.9461,' country',0.7916
0.38,' Tokyo',0.9028,' Asia',0.6674,' yen',0.7164,' Japanese',0.9439,' country',0.7997
0.39,' Tokyo',0.8957,' Asia',0.6470,' yen',0.7255,' Japanese',0.9405,' country',0.8085
0.40,' Tokyo',0.8871,' Asia',0.6184,' yen',0.7311,' Japanese',0.9346,' country',0.8180
0.41,' Tokyo',0.8775,' Asia',0.5772,' yen',0.7279,' Japanese',0.9230,' country',0.8279
0.42,' Tokyo',0.8673,' Asia',0.5162,' yen',0.7078,' Japanese',0.8964,' country',0.8378
0.43,' Tokyo',0.8529,' Asia',0.4287,' yen',0.6587,' Japanese',0.8267,' country',0.8467
0.44,' Tokyo',0.8177,' Europe',0.5138,' yen',0.5616,' Japanese',0.6457,' country',0.8528
0.45,' Tokyo',0.6834,' Europe',0.6565,' yen',0.4016,' German',0.5027,' country',0.8539
0.46,' Berlin',0.3291,' Europe',0.7605,' yen',0.2229,' German',0.7771,' country',0.8492
0.47,' Berlin',0.5546,' Europe',0.8190,' euro',0.2940,' German',0.8927,' country',0.8405
0.48,' Berlin',0.6270,' Europe',0.8468,' euro',0.3562,' German',0.9305,' country',0.8304
0.49,' Berlin',0.6574,' Europe',0.8589,' euro',0.3898,' German',0.9430,' country',0.8208
0.50,' Berlin',0.6770,' Europe',0.8636,' euro',0.4038,' German',0.9463,' country',0.8126
0.51,' Berlin',0.6918,' Europe',0.8651,' euro',0.4073,' German',0.9460,' country',0.8060
0.52,' Berlin',0.7033,' Europe',0.8652,' euro',0.4064,' German',0.9439,' country',0.8009
0.53,' Berlin',0.7123,' Europe',0.8647,' euro',0.4038,' German',0.9411,' country',0.7972
0.54,' Berlin',0.7193,' Europe',0.8640,' euro',0.4008,' German',0.9380,' country',0.7946
0.55,' Berlin',0.7248,' Europe',0.8633,' euro',0.3979,' German',0.9350,' country',0.7929
0.56,' Berlin',0.7291,' Europe',0.8627,' euro',0.3954,' German',0.9321,' country',0.7920
0.57,' Berlin',0.7325,' Europe',0.8621,' euro',0.3932,' German',0.9293,' country',0.7916
0.58,' Berlin',0.7351,' Europe',0.8617,' euro',0.3915,' German',0.9268,' country',0.7916
0.59,' Berlin',0.7372,' Europe',0.8613,' euro',0.3900,' German',0.9245,' country',0.7919
0.60,' Berlin',0.7389,' Europe',0.8609,' euro',0.3888,' German',0.9223,' country',0.7925
0.61,' Berlin',0.7402,' Europe',0.8607,' euro',0.3879,' German',0.9204,' country',0.7933
0.62,' Berlin',0.7412,' Europe',0.8605,' euro',0.3873,' German',0.9186,' country',0.7942
0.63,' Berlin',0.7420,' Europe',0.8603,' euro',0.3868,' German',0.9169,' country',0.7952
0.64,' Berlin',0.7426,' Europe',0.8602,' euro',0.3864,' German',0.9154,' country',0.7962
0.65,' Berlin',0.7431,' Europe',0.8602,' euro',0.3862,' German',0.9139,' country',0.7972
0.66,' Berlin',0.7435,' Europe',0.8601,' euro',0.3861,' German',0.9126,' country',0.7983
0.67,' Berlin',0.7438,' Europe',0.8601,' euro',0.3861,' German',0.9114,' country',0.7994
0.68,' Berlin',0.7440,' Europe',0.8601,' euro',0.3862,' German',0.9102,' country',0.8005
0.69,' Berlin',0.7441,' Europe',0.8602,' euro',0.3863,' German',0.9091,' country',0.8016
0.70,' Berlin',0.7442,' Europe',0.8602,' euro',0.3864,' German',0.9081,' country',0.8026
0.71,' Berlin',0.7443,' Europe',0.8603,' euro',0.3866,' German',0.9071,' country',0.8036
0.72,' Berlin',0.7443,' Europe',0.8604,' euro',0.3868,' German',0.9062,' country',0.8046
0.73,' Berlin',0.7443,' Europe',0.8605,' euro',0.3870,' German',0.9053,' country',0.8056
0.74,' Berlin',0.7442,' Europe',0.8606,' euro',0.3872,' German',0.9045,' country',0.8066
0.75,' Berlin',0.7442,' Europe',0.8607,' euro',0.3875,' German',0.9037,' country',0.8075
0.76,' Berlin',0.7441,' Europe',0.8608,' euro',0.3877,' German',0.9029,' country',0.8084
0.77,' Berlin',0.7441,' Europe',0.8609,' euro',0.3879,' German',0.9022,' country',0.8092
0.78,' Berlin',0.7440,' Europe',0.8610,' euro',0.3881,' German',0.9015,' country',0.8101
0.79,' Berlin',0.7439,' Europe',0.8611,' euro',0.3883,' German',0.9009,' country',0.8109
0.80,' Berlin',0.7438,' Europe',0.8613,' euro',0.3885,' German',0.9002,' country',0.8117
0.81,' Berlin',0.7437,' Europe',0.8614,' euro',0.3886,' German',0.8996,' country',0.8124
0.82,' Berlin',0.7437,' Europe',0.8615,' euro',0.3888,' German',0.8990,' country',0.8131
0.83,' Berlin',0.7436,' Europe',0.8616,' euro',0.3889,' German',0.8984,' country',0.8138
0.84,' Berlin',0.7435,' Europe',0.8617,' euro',0.3890,' German',0.8979,' country',0.8145
0.85,' Berlin',0.7435,' Europe',0.8618,' euro',0.3890,' German',0.8973,' country',0.8152
0.86,' Berlin',0.7434,' Europe',0.8620,' euro',0.3891,' German',0.8968,' country',0.8158
0.87,' Berlin',0.7433,' Europe',0.8621,' euro',0.3891,' German',0.8963,' country',0.8164
0.88,' Berlin',0.7433,' Europe',0.8622,' euro',0.3892,' German',0.8958,' country',0.8170
0.89,' Berlin',0.7433,' Europe',0.8623,' euro',0.3892,' German',0.8953,' country',0.8176
0.90,' Berlin',0.7432,' Europe',0.8623,' euro',0.3891,' German',0.8949,' country',0.8181
0.91,' Berlin',0.7432,' Europe',0.8624,' euro',0.3891,' German',0.8944,' country',0.8186
0.92,' Berlin',0.7432,' Europe',0.8625,' euro',0.3890,' German',0.8940,' country',0.8192
0.93,' Berlin',0.7432,' Europe',0.8626,' euro',0.3889,' German',0.8936,' country',0.8197
0.94,' Berlin',0.7432,' Europe',0.8626,' euro',0.3889,' German',0.8931,' country',0.8201
0.95,' Berlin',0.7432,' Europe',0.8627,' euro',0.3887,' German',0.8927,' country',0.8206
0.96,' Berlin',0.7432,' Europe',0.8628,' euro',0.3886,' German',0.8923,' country',0.8211
0.97,' Berlin',0.7432,' Europe',0.8628,' euro',0.3885,' German',0.8919,' country',0.8215
0.98,' Berlin',0.7432,' Europe',0.8628,' euro',0.3883,' German',0.8915,' country',0.8220
0.99,' Berlin',0.7432,' Europe',0.8629,' euro',0.3881,' German',0.8912,' country',0.8224
1.00,' Berlin',0.7432,' Europe',0.8629,' euro',0.3879,' German',0.8908,' country',0.8228
