condition,src,plateau_auc_low,norm,dist_to_source,recon_err,l0,kl_r02
real,0,0.2263,80.251,0.0,0.0,31,9e-05
real,1,0.91754,65.016,0.0,0.0,38,0.0
real,2,0.13811,88.185,0.0,0.0,25,0.00024
real,3,0.18962,78.893,0.0,0.0,63,0.00013
real,4,0.15643,83.058,0.0,0.0,7,0.00018
real,5,0.14052,78.093,0.0,0.0,32,0.00032
real,6,0.18593,65.439,0.0,0.0,16,0.0002
real,7,0.16314,90.824,0.0,0.0,29,0.00017
real,8,0.15005,66.922,0.0,0.0,84,0.00026
real,9,0.28777,93.394,0.0,0.0,27,5e-05
real,10,0.12462,81.45,0.0,0.0,73,0.0003
real,11,0.11267,90.837,0.0,0.0,35,0.00036
real,12,0.26675,83.951,0.0,0.0,124,7e-05
real,13,0.12357,82.318,0.0,0.0,53,0.00034
real,14,0.0691,83.043,0.0,0.0,8,0.00093
real,15,0.37367,82.043,0.0,0.0,27,3e-05
real,16,0.21118,64.587,0.0,0.0,83,0.00011
real,17,0.14718,81.582,0.0,0.0,30,0.0002
real,18,0.28261,76.604,0.0,0.0,40,6e-05
real,19,0.19977,79.257,0.0,0.0,30,0.00018
real,20,0.22338,77.623,0.0,0.0,37,9e-05
real,21,0.20201,97.423,0.0,0.0,76,0.00012
real,22,0.13065,75.42,0.0,0.0,45,0.00028
real,23,0.25047,84.971,0.0,0.0,12,8e-05
real,24,0.22844,84.344,0.0,0.0,17,9e-05
real,25,0.51826,79.581,0.0,0.0,8,2e-05
real,26,0.16859,73.313,0.0,0.0,23,0.00018
real,27,0.1296,77.505,0.0,0.0,18,0.00029
real,28,0.28886,71.186,0.0,0.0,8,6e-05
real,29,0.30679,97.025,0.0,0.0,44,7e-05
real,30,0.17089,72.148,0.0,0.0,118,0.00018
real,31,0.11477,85.755,0.0,0.0,17,0.0005
real,32,0.28386,64.616,0.0,0.0,12,6e-05
real,33,0.21298,81.698,0.0,0.0,43,0.0001
real,34,0.16669,84.806,0.0,0.0,32,0.00023
real,35,0.33598,62.344,0.0,0.0,66,4e-05
real,36,0.0865,80.452,0.0,0.0,9,0.00089
real,37,0.1368,77.635,0.0,0.0,19,0.00025
real,38,0.16886,78.764,0.0,0.0,11,0.00015
real,39,0.2314,83.443,0.0,0.0,41,0.0001
real,40,0.09803,84.327,0.0,0.0,47,0.0005
real,41,0.21286,83.434,0.0,0.0,10,0.00012
real,42,0.25516,84.699,0.0,0.0,11,9e-05
real,43,0.25325,68.71,0.0,0.0,84,7e-05
real,44,0.26474,76.88,0.0,0.0,47,7e-05
real,45,0.15932,68.189,0.0,0.0,14,0.0002
real,46,0.2204,79.887,0.0,0.0,40,0.0001
real,47,0.99873,80.75,0.0,0.0,14,0.0
real,48,0.1971,68.763,0.0,0.0,36,0.00014
real,49,0.21452,84.502,0.0,0.0,35,0.0001
real,50,0.23093,72.077,0.0,0.0,38,0.00012
real,51,0.13102,93.805,0.0,0.0,18,0.00028
real,52,0.19804,73.509,0.0,0.0,20,0.00013
real,53,0.21801,86.817,0.0,0.0,41,0.0001
real,54,0.15455,70.695,0.0,0.0,34,0.00027
real,55,0.07111,83.035,0.0,0.0,10,0.00086
real,56,0.17508,73.677,0.0,0.0,94,0.00018
real,57,0.15042,73.523,0.0,0.0,105,0.0002
real,58,0.16741,82.075,0.0,0.0,17,0.00014
real,59,0.23,71.706,0.0,0.0,66,9e-05
real,60,0.12997,80.561,0.0,0.0,73,0.00036
real,61,0.98351,85.742,0.0,0.0,167,0.0
real,62,0.15109,81.233,0.0,0.0,11,0.00019
real,63,0.98576,97.021,0.0,0.0,42,0.0
real,64,0.19271,72.48,0.0,0.0,67,0.00013
real,65,0.26618,63.724,0.0,0.0,13,7e-05
real,66,0.20367,69.766,0.0,0.0,31,0.00011
real,67,0.25824,75.481,0.0,0.0,4,7e-05
real,68,0.19523,69.778,0.0,0.0,55,0.00011
real,69,0.96626,85.298,0.0,0.0,82,0.0
real,70,0.08589,87.838,0.0,0.0,13,0.00075
real,71,0.13572,84.332,0.0,0.0,16,0.00044
real,72,0.24943,68.811,0.0,0.0,13,8e-05
real,73,0.23012,92.031,0.0,0.0,23,9e-05
real,74,0.54893,91.761,0.0,0.0,119,2e-05
real,75,0.17935,82.71,0.0,0.0,17,0.00016
real,76,0.09221,79.083,0.0,0.0,41,0.00053
real,77,0.24375,71.396,0.0,0.0,28,8e-05
real,78,0.10629,76.42,0.0,0.0,39,0.00045
real,79,0.22184,84.739,0.0,0.0,12,9e-05
real,80,0.22073,88.346,0.0,0.0,12,0.0001
real,81,0.22137,87.07,0.0,0.0,27,9e-05
real,82,0.12741,72.94,0.0,0.0,32,0.00037
real,83,0.1825,71.788,0.0,0.0,85,0.00014
real,84,0.14484,79.33,0.0,0.0,20,0.00023
real,85,0.16377,97.16,0.0,0.0,83,0.00016
real,86,0.24601,79.345,0.0,0.0,77,8e-05
real,87,0.57912,72.758,0.0,0.0,17,4e-05
real,88,0.18723,74.634,0.0,0.0,43,0.00014
real,89,0.13115,76.488,0.0,0.0,17,0.00036
real,90,0.25823,84.524,0.0,0.0,38,8e-05
real,91,0.17679,88.44,0.0,0.0,33,0.00014
real,92,0.27556,74.18,0.0,0.0,36,6e-05
real,93,0.2137,76.479,0.0,0.0,19,0.0001
real,94,0.35396,91.158,0.0,0.0,36,4e-05
real,95,0.1581,66.933,0.0,0.0,34,0.00019
real,96,0.29892,89.982,0.0,0.0,72,5e-05
real,97,0.24515,76.489,0.0,0.0,22,0.0001
real,98,0.21083,69.044,0.0,0.0,11,0.00013
real,99,0.18489,85.411,0.0,0.0,95,0.00016
real,100,0.34658,93.819,0.0,0.0,91,5e-05
real,101,0.21065,72.757,0.0,0.0,39,0.00011
real,102,0.1594,75.871,0.0,0.0,31,0.00021
real,103,0.09195,89.255,0.0,0.0,35,0.00055
real,104,0.2067,82.409,0.0,0.0,25,0.00015
real,105,0.20435,87.326,0.0,0.0,7,0.00017
real,106,0.28294,68.35,0.0,0.0,27,7e-05
real,107,0.17336,76.656,0.0,0.0,10,0.00018
real,108,0.13773,71.585,0.0,0.0,24,0.00033
real,109,0.15757,77.688,0.0,0.0,16,0.00018
real,110,0.1623,73.074,0.0,0.0,71,0.00016
real,111,0.10192,65.93,0.0,0.0,25,0.00064
real,112,0.19811,73.179,0.0,0.0,92,0.00013
real,113,0.14536,78.202,0.0,0.0,81,0.00023
real,114,0.16413,64.918,0.0,0.0,5,0.00016
real,115,0.19288,73.884,0.0,0.0,81,0.00013
real,116,0.35389,74.054,0.0,0.0,60,6e-05
real,117,0.18055,79.379,0.0,0.0,96,0.00014
real,118,0.20528,60.663,0.0,0.0,26,0.00011
real,119,0.47219,84.674,0.0,0.0,12,2e-05
real,120,0.20148,86.105,0.0,0.0,51,0.00014
real,121,0.28086,85.602,0.0,0.0,96,6e-05
real,122,0.15751,74.314,0.0,0.0,37,0.00019
real,123,0.11927,76.808,0.0,0.0,42,0.00035
real,124,0.21295,77.426,0.0,0.0,61,0.00014
real,125,0.11088,79.679,0.0,0.0,19,0.00037
real,126,0.20368,70.408,0.0,0.0,22,0.00014
real,127,0.20564,85.936,0.0,0.0,134,0.00012
real,128,0.47606,102.547,0.0,0.0,273,3e-05
real,129,0.29005,84.247,0.0,0.0,17,5e-05
real,130,0.46607,94.183,0.0,0.0,41,2e-05
real,131,0.172,79.649,0.0,0.0,22,0.00016
real,132,0.1663,88.37,0.0,0.0,39,0.00015
real,133,0.18506,83.282,0.0,0.0,27,0.00013
real,134,0.33949,81.81,0.0,0.0,108,4e-05
real,135,0.37822,76.069,0.0,0.0,23,6e-05
real,136,0.18737,75.203,0.0,0.0,78,0.00022
real,137,0.10331,82.238,0.0,0.0,14,0.00049
real,138,0.20119,83.274,0.0,0.0,15,0.00013
real,139,0.16963,85.286,0.0,0.0,32,0.00015
real,140,0.15272,75.336,0.0,0.0,32,0.00017
real,141,0.14888,67.137,0.0,0.0,36,0.00023
real,142,0.10633,69.378,0.0,0.0,28,0.00049
real,143,0.24901,75.32,0.0,0.0,16,8e-05
real,144,0.17987,95.708,0.0,0.0,24,0.00014
real,145,0.26087,97.408,0.0,0.0,93,7e-05
real,146,0.12776,90.938,0.0,0.0,25,0.00029
real,147,0.22162,84.631,0.0,0.0,32,0.00014
real,148,0.1279,79.931,0.0,0.0,12,0.00035
real,149,0.48564,68.282,0.0,0.0,27,4e-05
real,150,0.22018,71.781,0.0,0.0,52,0.0001
real,151,0.18327,84.717,0.0,0.0,25,0.00013
real,152,0.12569,79.256,0.0,0.0,23,0.00032
real,153,0.19372,72.205,0.0,0.0,691,0.00013
real,154,0.12991,80.614,0.0,0.0,15,0.00028
real,155,0.32402,66.632,0.0,0.0,63,5e-05
real,156,0.12411,80.871,0.0,0.0,26,0.00031
real,157,0.11912,84.956,0.0,0.0,58,0.00034
real,158,0.12055,61.561,0.0,0.0,59,0.00034
real,159,0.14197,92.765,0.0,0.0,92,0.00022
real,160,0.23471,73.663,0.0,0.0,43,9e-05
real,161,0.16834,70.637,0.0,0.0,28,0.00017
real,162,0.25533,76.516,0.0,0.0,43,7e-05
real,163,0.16703,89.211,0.0,0.0,35,0.00021
real,164,0.12113,85.827,0.0,0.0,14,0.00033
real,165,0.19689,76.871,0.0,0.0,123,0.00012
real,166,0.47991,82.005,0.0,0.0,74,2e-05
real,167,0.46663,84.747,0.0,0.0,34,2e-05
real,168,0.13394,81.219,0.0,0.0,18,0.00026
real,169,0.22335,76.391,0.0,0.0,44,0.0001
real,170,0.27691,77.002,0.0,0.0,84,6e-05
real,171,0.16307,82.121,0.0,0.0,36,0.00017
real,172,0.24599,63.783,0.0,0.0,27,8e-05
real,173,0.12437,89.411,0.0,0.0,21,0.00033
real,174,0.25041,80.845,0.0,0.0,63,8e-05
real,175,0.1492,81.691,0.0,0.0,58,0.00022
real,176,0.23521,68.859,0.0,0.0,22,9e-05
real,177,0.08497,93.819,0.0,0.0,6,0.00074
real,178,0.27305,66.262,0.0,0.0,6,7e-05
real,179,0.21423,68.38,0.0,0.0,28,0.0001
real,180,0.22058,78.544,0.0,0.0,35,0.0001
real,181,0.441,71.504,0.0,0.0,6,0.00053
real,182,0.23251,81.521,0.0,0.0,80,0.0001
real,183,0.2349,80.863,0.0,0.0,21,9e-05
real,184,0.21686,69.945,0.0,0.0,33,0.00012
real,185,0.12032,75.928,0.0,0.0,23,0.00042
real,186,0.18321,80.763,0.0,0.0,13,0.00014
real,187,0.16843,74.334,0.0,0.0,8,0.00015
real,188,0.28197,91.754,0.0,0.0,44,7e-05
real,189,0.52527,76.23,0.0,0.0,44,2e-05
real,190,0.16816,75.952,0.0,0.0,85,0.00014
real,191,0.50496,88.455,0.0,0.0,27,2e-05
real,192,0.20863,83.543,0.0,0.0,33,0.00011
real,193,0.17144,83.626,0.0,0.0,33,0.00019
real,194,0.17712,97.071,0.0,0.0,44,0.00017
real,195,0.77317,83.092,0.0,0.0,12,1e-05
real,196,0.28328,76.884,0.0,0.0,67,6e-05
real,197,0.43327,91.306,0.0,0.0,51,4e-05
real,198,0.36656,76.548,0.0,0.0,34,4e-05
real,199,0.31424,65.489,0.0,0.0,25,4e-05
recon,0,0.24517,68.315,24.836,24.836,31,9e-05
recon,1,0.93447,59.823,14.789,14.789,38,0.0
recon,2,0.11638,75.303,30.141,30.141,25,0.00034
recon,3,0.19058,81.045,19.651,19.651,63,0.00013
recon,4,0.12717,69.338,32.586,32.586,7,0.00029
recon,5,0.10798,70.879,22.149,22.149,32,0.00043
recon,6,0.1075,55.08,28.348,28.348,16,0.00052
recon,7,0.14186,66.192,41.337,41.337,29,0.00022
recon,8,0.15307,64.853,15.736,15.736,84,0.00028
recon,9,0.23525,62.902,46.422,46.422,27,9e-05
recon,10,0.15827,82.381,18.695,18.695,73,0.0002
recon,11,0.10418,64.213,47.073,47.073,35,0.00045
recon,12,0.29382,112.215,37.969,37.969,124,5e-05
recon,13,0.11374,73.265,27.396,27.396,53,0.00043
recon,14,0.04332,56.252,46.948,46.948,8,0.00272
recon,15,0.2192,65.865,38.583,38.583,27,0.0001
recon,16,0.21465,66.549,15.26,15.26,83,0.0001
recon,17,0.12957,66.237,25.664,25.664,30,0.00028
recon,18,0.26211,68.35,17.736,17.736,40,7e-05
recon,19,0.15916,63.641,33.059,33.059,30,0.00028
recon,20,0.22686,68.609,20.166,20.166,37,9e-05
recon,21,0.19638,93.308,22.694,22.694,76,0.00013
recon,22,0.12698,71.236,21.899,21.899,45,0.00029
recon,23,0.223,72.51,26.558,26.558,12,0.0001
recon,24,0.14425,70.907,31.51,31.51,17,0.00027
recon,25,0.55081,73.784,15.687,15.687,8,2e-05
recon,26,0.18815,65.214,23.213,23.213,23,0.00017
recon,27,0.12537,67.794,24.199,24.199,18,0.00031
recon,28,0.2171,58.177,24.611,24.611,8,0.00012
recon,29,0.27672,96.037,17.916,17.916,44,0.0001
recon,30,0.19737,84.972,26.181,26.181,118,0.00013
recon,31,0.08263,75.928,24.911,24.911,17,0.00097
recon,32,0.1711,54.655,25.428,25.428,12,0.00015
recon,33,0.18257,72.603,20.781,20.781,43,0.00014
recon,34,0.161,77.344,18.347,18.347,32,0.00023
recon,35,0.33364,62.001,12.199,12.199,66,4e-05
recon,36,0.09266,61.277,40.604,40.604,9,0.00083
recon,37,0.09731,64.931,36.879,36.879,19,0.00059
recon,38,0.1424,69.682,19.431,19.431,11,0.00023
recon,39,0.13757,73.31,25.651,25.651,41,0.00026
recon,40,0.08856,70.128,28.914,28.914,47,0.0006
recon,41,0.179,73.402,22.2,22.2,10,0.00014
recon,42,0.10084,66.33,31.049,31.049,11,0.00056
recon,43,0.2398,80.831,29.158,29.158,84,8e-05
recon,44,0.23711,72.246,21.519,21.519,47,8e-05
recon,45,0.10868,59.57,22.773,22.773,14,0.00047
recon,46,0.20763,72.811,17.752,17.752,40,0.00012
recon,47,0.05498,53.386,62.514,62.514,14,0.00169
recon,48,0.14062,59.373,26.836,26.836,36,0.00029
recon,49,0.16909,75.274,28.943,28.943,35,0.00017
recon,50,0.15941,61.518,24.88,24.88,38,0.00027
recon,51,0.06387,58.247,57.714,57.714,18,0.00123
recon,52,0.15507,61.123,27.764,27.764,20,0.0002
recon,53,0.22673,79.907,24.294,24.294,41,9e-05
recon,54,0.22864,61.24,24.391,24.391,34,0.0001
recon,55,0.06875,67.15,34.041,34.041,10,0.00095
recon,56,0.19169,80.06,20.361,20.361,94,0.00015
recon,57,0.17252,84.289,24.927,24.927,105,0.00017
recon,58,0.14753,69.16,27.636,27.636,17,0.00021
recon,59,0.24202,68.496,14.986,14.986,66,9e-05
recon,60,0.11371,76.348,22.23,22.23,73,0.00044
recon,61,0.98673,100.208,34.492,34.492,167,0.0
recon,62,0.17158,72.367,25.393,25.393,11,0.00015
recon,63,0.93671,76.69,39.331,39.331,42,0.0
recon,64,0.19977,70.106,15.792,15.792,67,0.00011
recon,65,0.13515,54.28,27.786,27.786,13,0.00027
recon,66,0.16463,58.945,26.732,26.732,31,0.00015
recon,67,0.15404,61.371,24.303,24.303,4,0.00018
recon,68,0.18612,65.121,19.568,19.568,55,0.00013
recon,69,0.94918,80.045,29.918,29.918,82,0.0
recon,70,0.08153,75.177,29.14,29.14,13,0.00072
recon,71,0.06216,71.086,27.673,27.673,16,0.00212
recon,72,0.20768,60.703,22.317,22.317,13,0.00012
recon,73,0.13346,63.384,46.103,46.103,23,0.00031
recon,74,0.52297,86.269,29.327,29.327,119,2e-05
recon,75,0.18728,69.525,24.603,24.603,17,0.00015
recon,76,0.10547,72.64,18.297,18.297,41,0.00047
recon,77,0.15699,59.237,25.221,25.221,28,0.00019
recon,78,0.10603,66.052,27.442,27.442,39,0.00046
recon,79,0.23931,59.742,45.457,45.457,12,8e-05
recon,80,0.07302,54.925,59.907,59.907,12,0.00207
recon,81,0.16743,63.934,40.246,40.246,27,0.00018
recon,82,0.13126,63.491,26.647,26.647,32,0.00031
recon,83,0.17423,70.43,17.658,17.658,85,0.00015
recon,84,0.14287,66.634,28.176,28.176,20,0.00028
recon,85,0.16291,88.783,29.404,29.404,83,0.00016
recon,86,0.26085,76.101,20.64,20.64,77,7e-05
recon,87,0.54665,67.41,18.243,18.243,17,3e-05
recon,88,0.1621,69.965,21.623,21.623,43,0.0002
recon,89,0.07152,60.978,33.218,33.218,17,0.00091
recon,90,0.25686,76.887,21.729,21.729,38,0.0001
recon,91,0.14031,72.328,28.829,28.829,33,0.00025
recon,92,0.2583,67.231,23.168,23.168,36,8e-05
recon,93,0.15504,60.912,31.136,31.136,19,0.00018
recon,94,0.36589,75.603,30.73,30.73,36,4e-05
recon,95,0.14982,61.883,15.762,15.762,34,0.00019
recon,96,0.28965,80.477,28.608,28.608,72,6e-05
recon,97,0.24834,66.245,24.778,24.778,22,9e-05
recon,98,0.1373,60.678,20.301,20.301,11,0.00024
recon,99,0.19909,92.91,21.194,21.194,95,0.00012
recon,100,0.34127,91.332,24.784,24.784,91,4e-05
recon,101,0.18558,68.385,17.414,17.414,39,0.00014
recon,102,0.15727,69.432,17.378,17.378,31,0.00021
recon,103,0.09533,61.514,46.455,46.455,35,0.00048
recon,104,0.15472,66.892,32.233,32.233,25,0.00024
recon,105,0.25615,74.042,24.863,24.863,7,0.00016
recon,106,0.20536,57.357,28.071,28.071,27,0.00012
recon,107,0.12405,61.533,32.879,32.879,10,0.00031
recon,108,0.11045,66.603,17.757,17.757,24,0.00064
recon,109,0.13736,55.256,45.206,45.206,16,0.00027
recon,110,0.14911,65.62,29.531,29.531,71,0.0002
recon,111,0.16166,59.525,29.893,29.893,25,0.00022
recon,112,0.17992,74.506,17.301,17.301,92,0.00014
recon,113,0.13778,82.876,23.312,23.312,81,0.00024
recon,114,0.08931,54.082,31.263,31.263,5,0.00064
recon,115,0.18981,72.455,20.906,20.906,81,0.00016
recon,116,0.48486,68.518,18.12,18.12,60,3e-05
recon,117,0.16228,81.074,19.309,19.309,96,0.00021
recon,118,0.15119,54.638,24.805,24.805,26,0.00019
recon,119,0.56223,65.587,41.107,41.107,12,2e-05
recon,120,0.18358,83.98,21.941,21.941,51,0.00015
recon,121,0.25688,91.208,25.543,25.543,96,7e-05
recon,122,0.15363,66.423,21.966,21.966,37,0.00024
recon,123,0.10788,59.667,33.453,33.453,42,0.00049
recon,124,0.2058,73.648,18.02,18.02,61,0.00016
recon,125,0.12578,65.265,34.009,34.009,19,0.00034
recon,126,0.19662,66.41,14.105,14.105,22,0.00013
recon,127,0.18385,110.491,36.726,36.726,134,0.00015
recon,128,0.32083,160.013,71.809,71.809,273,6e-05
recon,129,0.11157,58.071,41.417,41.417,17,0.0004
recon,130,0.21764,70.686,39.122,39.122,41,0.00015
recon,131,0.0994,65.405,32.044,32.044,22,0.00051
recon,132,0.15328,71.727,31.61,31.61,39,0.00019
recon,133,0.15862,66.712,32.695,32.695,27,0.00018
recon,134,0.34333,79.577,21.852,21.852,108,4e-05
recon,135,0.27754,64.241,23.224,23.224,23,9e-05
recon,136,0.24876,77.361,20.026,20.026,78,9e-05
recon,137,0.0927,66.528,30.085,30.085,14,0.00059
recon,138,0.13494,54.984,52.507,52.507,15,0.00025
recon,139,0.17166,70.244,30.123,30.123,32,0.00014
recon,140,0.15129,67.882,19.171,19.171,32,0.00018
recon,141,0.1332,58.88,22.381,22.381,36,0.00035
recon,142,0.10107,58.804,24.166,24.166,28,0.00048
recon,143,0.23294,63.837,24.221,24.221,16,9e-05
recon,144,0.09751,64.832,44.915,44.915,24,0.00053
recon,145,0.21987,103.63,27.224,27.224,93,0.0001
recon,146,0.12558,70.004,36.457,36.457,25,0.0003
recon,147,0.20491,69.597,30.347,30.347,32,0.00017
recon,148,0.12866,68.222,26.67,26.67,12,0.00029
recon,149,0.50644,60.642,16.631,16.631,27,3e-05
recon,150,0.2212,68.839,15.436,15.436,52,0.0001
recon,151,0.13835,66.707,34.652,34.652,25,0.00025
recon,152,0.12439,64.929,28.954,28.954,23,0.00031
recon,153,0.13072,154.152,105.916,105.916,691,0.00029
recon,154,0.09056,57.272,44.433,44.433,15,0.00104
recon,155,0.31888,68.848,15.005,15.005,63,5e-05
recon,156,0.13723,72.117,23.493,23.493,26,0.00025
recon,157,0.11311,83.22,19.628,19.628,58,0.00037
recon,158,0.10264,55.962,18.048,18.048,59,0.0005
recon,159,0.13333,99.821,30.274,30.274,92,0.00026
recon,160,0.24423,66.197,20.145,20.145,43,9e-05
recon,161,0.17397,64.706,19.402,19.402,28,0.00015
recon,162,0.26801,72.247,20.844,20.844,43,7e-05
recon,163,0.15186,79.965,26.339,26.339,35,0.00036
recon,164,0.10845,68.688,33.374,33.374,14,0.00041
recon,165,0.18958,88.155,25.743,25.743,123,0.00016
recon,166,0.45452,71.681,27.724,27.724,74,3e-05
recon,167,0.35923,77.115,20.241,20.241,34,4e-05
recon,168,0.13221,67.953,24.007,24.007,18,0.00028
recon,169,0.18912,68.741,20.301,20.301,44,0.00013
recon,170,0.20622,78.106,21.103,21.103,84,0.00011
recon,171,0.15998,71.83,22.509,22.509,36,0.00017
recon,172,0.19405,58.198,18.446,18.446,27,0.00013
recon,173,0.09778,73.208,35.558,35.558,21,0.00047
recon,174,0.24004,77.915,18.948,18.948,63,9e-05
recon,175,0.16233,80.757,21.01,21.01,58,0.00017
recon,176,0.24693,60.499,24.201,24.201,22,9e-05
recon,177,0.07507,69.971,33.485,33.485,6,0.00081
recon,178,0.08594,54.257,30.617,30.617,6,0.00077
recon,179,0.19288,62.27,14.485,14.485,28,0.00012
recon,180,0.23491,66.156,29.831,29.831,35,9e-05
recon,181,0.15838,62.437,22.577,22.577,6,0.00069
recon,182,0.24785,88.939,20.928,20.928,80,9e-05
recon,183,0.17815,61.938,28.776,28.776,21,0.00014
recon,184,0.15749,61.879,16.998,16.998,33,0.00025
recon,185,0.07714,58.901,39.24,39.24,23,0.00085
recon,186,0.14458,63.034,32.418,32.418,13,0.00027
recon,187,0.14396,65.219,19.033,19.033,8,0.00022
recon,188,0.28639,87.11,20.696,20.696,44,7e-05
recon,189,0.34225,65.812,28.521,28.521,44,6e-05
recon,190,0.16352,74.732,21.642,21.642,85,0.00015
recon,191,0.10464,70.286,34.468,34.468,27,0.00046
recon,192,0.14414,71.875,28.293,28.293,33,0.00024
recon,193,0.14663,67.499,34.733,34.733,33,0.00026
recon,194,0.16881,97.233,20.347,20.347,44,0.00018
recon,195,0.07357,60.194,46.219,46.219,12,0.00138
recon,196,0.25855,67.944,26.096,26.096,67,7e-05
recon,197,0.17966,88.839,20.938,20.938,51,0.00027
recon,198,0.23436,69.408,20.757,20.757,34,0.0001
recon,199,0.20042,54.907,25.278,25.278,25,0.00012
naive,0,0.03693,81.748,77.934,77.934,84,0.00313
naive,1,0.06017,56.243,50.204,50.204,14,0.00146
naive,2,0.06808,60.423,65.523,65.523,36,0.00098
naive,3,0.09687,72.285,72.714,72.714,41,0.00055
naive,4,0.09308,87.766,97.638,97.638,85,0.00077
naive,5,0.07563,53.58,63.056,63.056,14,0.00086
naive,6,0.17,58.771,51.396,51.396,10,0.00026
naive,7,0.09704,54.813,68.091,68.091,37,0.00048
naive,8,0.08994,59.061,49.52,49.52,28,0.00057
naive,9,0.07719,72.963,79.068,79.068,38,0.00087
naive,10,0.05197,79.244,68.619,68.619,83,0.00176
naive,11,0.09754,55.194,70.716,70.716,16,0.0005
naive,12,0.06646,65.529,60.522,60.522,28,0.00106
naive,13,0.05708,57.168,59.314,59.314,23,0.00176
naive,14,0.03849,54.551,71.381,71.381,21,0.00318
naive,15,0.06667,56.057,63.493,63.493,18,0.00105
naive,16,0.0753,56.094,40.633,40.633,16,0.00083
naive,17,0.05156,80.395,63.999,63.999,71,0.00251
naive,18,0.04872,66.967,59.521,59.521,53,0.00174
naive,19,0.07338,53.997,59.798,59.798,11,0.00096
naive,20,0.06335,65.324,54.78,54.78,51,0.00158
naive,21,0.04642,64.064,71.185,71.185,44,0.00242
naive,22,0.03957,82.75,83.45,83.45,167,0.0028
naive,23,0.06135,56.043,63.985,63.985,26,0.00122
naive,24,0.0611,60.937,67.348,67.348,35,0.00127
naive,25,0.0508,66.009,87.298,87.298,41,0.00185
naive,26,0.06499,67.088,70.227,70.227,73,0.0011
naive,27,0.12573,77.759,70.541,70.541,31,0.0003
naive,28,0.06688,57.008,45.887,45.887,45,0.0011
naive,29,0.0675,58.275,71.702,71.702,41,0.00115
naive,30,0.09455,54.708,41.282,41.282,5,0.00064
naive,31,0.07628,55.169,70.206,70.206,37,0.00082
naive,32,0.16156,67.922,48.175,48.175,80,0.00021
naive,33,0.07895,67.335,67.622,67.622,45,0.00095
naive,34,0.06855,55.04,58.628,58.628,9,0.00102
naive,35,0.08869,54.608,34.822,34.822,17,0.00072
naive,36,0.03709,59.064,66.305,66.305,38,0.00365
naive,37,0.16341,78.558,77.26,77.26,27,0.0002
naive,38,0.0475,57.667,54.598,54.598,36,0.00232
naive,39,0.04942,62.294,60.719,60.719,25,0.00233
naive,40,0.04222,66.973,73.936,73.936,42,0.00228
naive,41,0.03636,74.466,75.525,75.525,31,0.00373
naive,42,0.06901,56.813,65.922,65.922,13,0.001
naive,43,0.05824,59.084,51.143,51.143,12,0.00147
naive,44,0.06672,61.522,61.117,61.117,41,0.00104
naive,45,0.05809,66.998,56.809,56.809,52,0.00209
naive,46,0.11652,62.33,59.816,59.816,85,0.00041
naive,47,0.16897,81.297,91.597,91.597,105,0.00015
naive,48,0.12247,55.232,60.179,60.179,25,0.00032
naive,49,0.14482,69.057,77.652,77.652,61,0.00034
naive,50,0.09258,53.842,55.465,55.465,4,0.00063
naive,51,0.0428,74.122,87.278,87.278,41,0.00379
naive,52,0.06009,65.385,71.828,71.828,16,0.00137
naive,53,0.12752,90.392,88.446,88.446,78,0.00029
naive,54,0.07206,76.543,65.144,65.144,38,0.00095
naive,55,0.07949,68.582,87.07,87.07,43,0.0006
naive,56,0.08873,56.312,48.477,48.477,27,0.00069
naive,57,0.10423,67.623,50.711,50.711,82,0.00044
naive,58,0.09263,54.858,57.656,57.656,14,0.00085
naive,59,0.06314,53.815,42.456,42.456,12,0.00134
naive,60,0.06328,53.546,62.298,62.298,8,0.0012
naive,61,0.09639,57.163,62.53,62.53,14,0.0005
naive,62,0.04763,60.994,66.224,66.224,32,0.00185
naive,63,0.06472,58.382,75.782,75.782,27,0.00112
naive,64,0.09155,56.992,50.452,50.452,15,0.00066
naive,65,0.04516,59.802,42.099,42.099,14,0.00227
naive,66,0.04536,79.295,73.775,73.775,81,0.00259
naive,67,0.06842,69.405,72.119,72.119,78,0.001
naive,68,0.05307,53.54,50.54,50.54,35,0.00161
naive,69,0.1247,56.322,60.965,60.965,31,0.00044
naive,70,0.04504,101.295,110.068,110.068,273,0.00229
naive,71,0.06427,53.903,69.158,69.158,15,0.00135
naive,72,0.03778,97.219,84.805,84.805,273,0.00301
naive,73,0.94035,73.983,83.515,83.515,119,0.0
naive,74,0.02703,75.735,85.039,85.039,9,0.00524
naive,75,0.10082,60.726,70.0,70.0,14,0.00057
naive,76,0.05271,60.727,62.51,62.51,60,0.00206
naive,77,0.06893,59.787,48.556,48.556,17,0.00095
naive,78,0.0618,63.375,63.593,63.593,38,0.00121
naive,79,0.12422,71.387,68.69,68.69,30,0.00031
naive,80,0.06273,59.963,73.704,73.704,33,0.00117
naive,81,0.05216,69.313,66.442,66.442,83,0.00155
naive,82,0.06429,64.822,63.881,63.881,11,0.00125
naive,83,0.0886,59.341,52.991,52.991,36,0.00077
naive,84,0.06959,55.223,68.464,68.464,27,0.00093
naive,85,0.05649,58.144,70.577,70.577,28,0.00222
naive,86,0.06248,55.543,57.843,57.843,12,0.00121
naive,87,0.0537,59.463,60.072,60.072,73,0.00153
naive,88,0.0687,53.67,50.834,50.834,13,0.00112
naive,89,0.04009,63.213,63.925,63.925,25,0.00304
naive,90,0.08942,67.382,69.384,69.384,81,0.00055
naive,91,0.07889,52.132,63.069,63.069,13,0.00081
naive,92,0.08166,66.238,57.398,57.398,36,0.0007
naive,93,0.04029,55.587,58.571,58.571,27,0.00226
naive,94,0.05372,53.583,69.848,69.848,21,0.00193
naive,95,0.05242,58.671,50.913,50.913,44,0.00181
naive,96,0.05722,53.608,61.975,61.975,6,0.00187
naive,97,0.08113,54.591,55.607,55.607,23,0.0007
naive,98,0.05685,58.875,50.085,50.085,37,0.00158
naive,99,0.07281,55.594,60.959,60.959,34,0.0008
naive,100,0.0462,61.348,73.421,73.421,8,0.00352
naive,101,0.03579,56.529,59.511,59.511,43,0.0032
naive,102,0.07381,53.41,50.201,50.201,33,0.00125
naive,103,0.0407,64.534,73.337,73.337,27,0.00348
naive,104,0.05847,55.291,60.846,60.846,25,0.00149
naive,105,0.08415,68.069,75.372,75.372,35,0.00062
naive,106,0.05169,67.476,71.69,71.69,51,0.0018
naive,107,0.05789,53.738,55.557,55.557,34,0.00145
naive,108,0.0592,70.42,67.904,67.904,74,0.00173
naive,109,0.1141,84.332,85.325,85.325,94,0.00036
naive,110,0.12601,62.111,69.336,69.336,92,0.00031
naive,111,0.08911,55.608,53.007,53.007,25,0.00063
naive,112,0.04655,77.196,73.4,73.4,63,0.00206
naive,113,0.05042,56.337,58.617,58.617,36,0.00168
naive,114,0.04812,54.861,45.889,45.889,36,0.00225
naive,115,0.06217,68.98,63.834,63.834,39,0.00162
naive,116,0.09839,54.904,51.906,51.906,17,0.00058
naive,117,0.09451,78.526,75.071,75.071,71,0.00095
naive,118,0.04832,63.724,46.658,46.658,41,0.00204
naive,119,0.12055,62.732,77.694,77.694,37,0.00034
naive,120,0.06621,56.284,60.751,60.751,14,0.00104
naive,121,0.15894,71.784,73.474,73.474,44,0.00025
naive,122,0.04868,70.691,75.909,75.909,45,0.00204
naive,123,0.06181,59.307,62.629,62.629,43,0.00127
naive,124,0.03342,83.336,64.693,64.693,92,0.00353
naive,125,0.07433,55.68,64.254,64.254,23,0.00087
naive,126,0.03921,57.67,48.001,48.001,44,0.00271
naive,127,0.05713,53.796,58.411,58.411,12,0.0014
naive,128,0.08909,53.924,76.384,76.384,21,0.00056
naive,129,0.07188,63.82,65.927,65.927,108,0.00091
naive,130,0.08601,55.881,62.943,62.943,16,0.00083
naive,131,0.0901,70.007,70.047,70.047,36,0.00064
naive,132,0.15545,189.007,169.6,169.6,691,0.00019
naive,133,0.06692,71.214,71.824,71.824,18,0.00103
naive,134,0.05231,55.832,49.803,49.803,39,0.00174
naive,135,0.07888,54.073,55.474,55.474,7,0.00078
naive,136,0.0569,58.802,56.76,56.76,43,0.00143
naive,137,0.07562,59.263,65.143,65.143,30,0.00099
naive,138,0.08183,70.69,82.724,82.724,85,0.001
naive,139,0.13383,73.971,75.444,75.444,34,0.00041
naive,140,0.06305,54.572,55.153,55.153,17,0.00117
naive,141,0.09476,55.96,49.466,49.466,37,0.00057
naive,142,0.08706,80.577,69.721,69.721,37,0.00064
naive,143,0.1265,60.229,56.193,56.193,36,0.00029
naive,144,0.04834,72.61,71.669,71.669,47,0.00216
naive,145,0.05422,75.744,77.113,77.113,19,0.00166
naive,146,0.04329,54.102,67.993,67.993,4,0.00239
naive,147,0.03555,86.452,81.684,81.684,134,0.00366
naive,148,0.12004,67.717,68.155,68.155,84,0.00033
naive,149,0.04338,56.671,54.495,54.495,35,0.00216
naive,150,0.06525,65.237,49.914,49.914,32,0.00126
naive,151,0.06053,82.559,83.125,83.125,167,0.00128
naive,152,0.05303,67.39,68.619,68.619,21,0.00187
naive,153,0.07434,54.389,48.768,48.768,30,0.00086
naive,154,0.06995,55.776,63.765,63.765,28,0.001
naive,155,0.10026,60.335,42.046,42.046,36,0.00064
naive,156,0.12902,62.561,76.858,76.858,11,0.00033
naive,157,0.06774,55.082,66.288,66.288,14,0.00111
naive,158,0.06731,55.672,41.808,41.808,13,0.00104
naive,159,0.07877,53.652,65.645,65.645,18,0.00077
naive,160,0.07016,72.155,63.274,63.274,37,0.00094
naive,161,0.09118,60.934,51.618,51.618,24,0.00055
naive,162,0.05706,55.81,56.64,56.64,18,0.00143
naive,163,0.06447,54.65,65.245,65.245,16,0.00113
naive,164,0.07128,56.07,64.695,64.695,25,0.00087
naive,165,0.0673,59.936,56.357,56.357,37,0.00099
naive,166,0.04999,69.15,70.228,70.228,43,0.00171
naive,167,0.05011,53.893,59.994,59.994,4,0.00255
naive,168,0.08094,63.773,58.656,58.656,84,0.0007
naive,169,0.04212,57.7,52.862,52.862,59,0.00267
naive,170,0.06397,53.512,52.464,52.464,8,0.0013
naive,171,0.09035,64.017,67.371,67.371,63,0.00063
naive,172,0.07799,56.116,36.495,36.495,36,0.00078
naive,173,0.06645,54.188,65.6,65.6,13,0.00103
naive,174,0.03376,83.1,66.082,66.082,38,0.00348
naive,175,0.05441,61.481,61.198,61.198,26,0.0016
naive,176,0.0687,53.437,55.495,55.495,15,0.00098
naive,177,0.02728,70.121,89.99,89.99,15,0.00517
naive,178,0.03392,61.728,53.136,53.136,34,0.00399
naive,179,0.06493,55.712,40.698,40.698,44,0.00117
naive,180,0.08275,89.449,83.615,83.615,85,0.00061
naive,181,0.03954,72.212,70.036,70.036,59,0.00271
naive,182,0.15465,58.114,64.764,64.764,27,0.00037
naive,183,0.04717,58.463,52.179,52.179,18,0.00208
naive,184,0.04786,57.887,43.326,43.326,28,0.00207
naive,185,0.05333,70.936,69.172,69.172,63,0.00173
naive,186,0.06597,74.007,81.999,81.999,53,0.00107
naive,187,0.0674,54.698,55.666,55.666,35,0.00102
naive,188,0.03976,56.846,64.919,64.919,20,0.00289
naive,189,0.07561,79.952,76.494,76.494,95,0.00073
naive,190,0.05103,72.244,63.5,63.5,105,0.00215
naive,191,0.05378,52.728,63.372,63.372,11,0.00156
naive,192,0.1103,59.735,60.232,60.232,39,0.00038
naive,193,0.05367,55.891,63.84,63.84,84,0.00195
naive,194,0.05063,60.01,73.514,73.514,53,0.00169
naive,195,0.04626,56.762,75.126,75.126,13,0.00242
naive,196,0.11345,60.783,54.188,54.188,32,0.00037
naive,197,0.07392,56.635,65.355,65.355,17,0.00084
naive,198,0.06699,52.048,56.907,56.907,12,0.001
naive,199,0.13412,66.949,42.773,42.773,23,0.00028
norm_rand,0,0.03405,80.251,113.494,113.494,0,0.00371
norm_rand,1,0.03733,65.016,93.658,93.658,0,0.00318
norm_rand,2,0.02383,88.185,125.105,125.105,0,0.00666
norm_rand,3,0.01936,78.893,112.772,112.772,0,0.00804
norm_rand,4,0.04028,83.058,115.951,115.951,0,0.00337
norm_rand,5,0.04755,78.093,110.7,110.7,0,0.00189
norm_rand,6,0.02335,65.439,91.149,91.149,0,0.00811
norm_rand,7,0.03605,90.824,127.417,127.417,0,0.00302
norm_rand,8,0.04468,66.922,97.709,97.709,0,0.00233
norm_rand,9,0.04141,93.394,130.992,130.992,0,0.00256
norm_rand,10,0.02987,81.45,112.115,112.115,0,0.00496
norm_rand,11,0.04517,90.837,126.391,126.391,0,0.00202
norm_rand,12,0.03395,83.951,118.849,118.849,0,0.00377
norm_rand,13,0.05236,82.318,119.429,119.429,0,0.00172
norm_rand,14,0.05166,83.043,117.091,117.091,0,0.00245
norm_rand,15,0.03179,82.043,117.673,117.673,0,0.0043
norm_rand,16,0.03167,64.587,87.949,87.949,0,0.00415
norm_rand,17,0.05988,81.582,112.612,112.612,0,0.00132
norm_rand,18,0.02631,76.604,104.981,104.981,0,0.00848
norm_rand,19,0.04184,79.257,110.743,110.743,0,0.00221
norm_rand,20,0.02985,77.623,108.087,108.087,0,0.0047
norm_rand,21,0.04964,97.423,136.829,136.829,0,0.00174
norm_rand,22,0.02429,75.42,105.559,105.559,0,0.00982
norm_rand,23,0.02944,84.971,120.306,120.306,0,0.00481
norm_rand,24,0.04559,84.344,122.011,122.011,0,0.00216
norm_rand,25,0.04703,79.581,111.35,111.35,0,0.00186
norm_rand,26,0.03631,73.313,104.246,104.246,0,0.00322
norm_rand,27,0.02941,77.505,112.215,112.215,0,0.00489
norm_rand,28,0.04336,71.186,102.258,102.258,0,0.00225
norm_rand,29,0.0578,97.025,137.341,137.341,0,0.0016
norm_rand,30,0.01934,72.148,101.423,101.423,0,0.01676
norm_rand,31,0.05601,85.755,123.934,123.934,0,0.00143
norm_rand,32,0.05991,64.616,91.761,91.761,0,0.00129
norm_rand,33,0.04117,81.698,115.136,115.136,0,0.00314
norm_rand,34,0.01562,84.806,115.195,115.195,0,0.01255
norm_rand,35,0.06347,62.344,86.032,86.032,0,0.00119
norm_rand,36,0.02843,80.452,117.509,117.509,0,0.00487
norm_rand,37,0.03853,77.635,109.801,109.801,0,0.00269
norm_rand,38,0.02165,78.764,110.731,110.731,0,0.01432
norm_rand,39,0.025,83.443,116.272,116.272,0,0.00643
norm_rand,40,0.03423,84.327,119.873,119.873,0,0.00457
norm_rand,41,0.03367,83.434,121.328,121.328,0,0.00734
norm_rand,42,0.05929,84.699,118.272,118.272,0,0.00135
norm_rand,43,0.03506,68.71,98.236,98.236,0,0.00373
norm_rand,44,0.01945,76.88,111.689,111.689,0,0.01215
norm_rand,45,0.02414,68.189,93.844,93.844,0,0.01574
norm_rand,46,0.04993,79.887,113.333,113.333,0,0.00172
norm_rand,47,0.04814,80.75,113.549,113.549,0,0.00314
norm_rand,48,0.04946,68.763,96.636,96.636,0,0.0018
norm_rand,49,0.03226,84.502,118.138,118.138,0,0.00408
norm_rand,50,0.01699,72.077,102.689,102.689,0,0.01276
norm_rand,51,0.03417,93.805,137.891,137.891,0,0.00346
norm_rand,52,0.03305,73.509,103.475,103.475,0,0.00365
norm_rand,53,0.05512,86.817,119.75,119.75,0,0.00146
norm_rand,54,0.04143,70.695,98.052,98.052,0,0.00305
norm_rand,55,0.04181,83.035,116.28,116.28,0,0.00486
norm_rand,56,0.02325,73.677,102.075,102.075,0,0.01048
norm_rand,57,0.02163,73.523,106.233,106.233,0,0.01123
norm_rand,58,0.02088,82.075,118.522,118.522,0,0.01276
norm_rand,59,0.02604,71.706,104.121,104.121,0,0.00777
norm_rand,60,0.05587,80.561,114.735,114.735,0,0.00157
norm_rand,61,0.03551,85.742,121.065,121.065,0,0.0034
norm_rand,62,0.12876,81.233,115.842,115.842,0,0.00029
norm_rand,63,0.04388,97.021,140.318,140.318,0,0.00235
norm_rand,64,0.04048,72.48,103.873,103.873,0,0.00259
norm_rand,65,0.04479,63.724,88.194,88.194,0,0.00205
norm_rand,66,0.03235,69.766,97.418,97.418,0,0.00484
norm_rand,67,0.02546,75.481,109.293,109.293,0,0.0093
norm_rand,68,0.01756,69.778,97.361,97.361,0,0.00831
norm_rand,69,0.02838,85.298,122.025,122.025,0,0.0064
norm_rand,70,0.03169,87.838,121.928,121.928,0,0.00409
norm_rand,71,0.0328,84.332,120.617,120.617,0,0.00738
norm_rand,72,0.02593,68.811,97.255,97.255,0,0.00572
norm_rand,73,0.0551,92.031,131.767,131.767,0,0.00156
norm_rand,74,0.04234,91.761,130.717,130.717,0,0.00285
norm_rand,75,0.0446,82.71,115.15,115.15,0,0.00264
norm_rand,76,0.02957,79.083,113.478,113.478,0,0.00453
norm_rand,77,0.02633,71.396,102.804,102.804,0,0.00657
norm_rand,78,0.03088,76.42,106.994,106.994,0,0.00464
norm_rand,79,0.03619,84.739,116.608,116.608,0,0.0034
norm_rand,80,0.06268,88.346,126.776,126.776,0,0.00127
norm_rand,81,0.02815,87.07,124.285,124.285,0,0.00766
norm_rand,82,0.04078,72.94,101.713,101.713,0,0.00239
norm_rand,83,0.03067,71.788,101.55,101.55,0,0.0049
norm_rand,84,0.04194,79.33,112.186,112.186,0,0.00272
norm_rand,85,0.04118,97.16,137.111,137.111,0,0.00266
norm_rand,86,0.03123,79.345,114.407,114.407,0,0.00405
norm_rand,87,0.03892,72.758,100.019,100.019,0,0.00595
norm_rand,88,0.05479,74.634,105.471,105.471,0,0.0024
norm_rand,89,0.03934,76.488,108.021,108.021,0,0.00306
norm_rand,90,0.05317,84.524,121.805,121.805,0,0.00156
norm_rand,91,0.03934,88.44,122.999,122.999,0,0.0043
norm_rand,92,0.06206,74.18,102.238,102.238,0,0.00202
norm_rand,93,0.03131,76.479,111.537,111.537,0,0.00417
norm_rand,94,0.03173,91.158,126.265,126.265,0,0.00557
norm_rand,95,0.02238,66.933,93.325,93.325,0,0.0086
norm_rand,96,0.05617,89.982,124.864,124.864,0,0.00157
norm_rand,97,0.03466,76.489,109.788,109.788,0,0.00368
norm_rand,98,0.04619,69.044,97.304,97.304,0,0.00226
norm_rand,99,0.02856,85.411,117.541,117.541,0,0.00727
norm_rand,100,0.02428,93.819,132.35,132.35,0,0.00739
norm_rand,101,0.07406,72.757,100.647,100.647,0,0.00088
norm_rand,102,0.06093,75.871,107.992,107.992,0,0.00127
norm_rand,103,0.03443,89.255,125.167,125.167,0,0.00443
norm_rand,104,0.02287,82.409,119.832,119.832,0,0.01289
norm_rand,105,0.04521,87.326,125.773,125.773,0,0.00245
norm_rand,106,0.02617,68.35,96.717,96.717,0,0.00644
norm_rand,107,0.02799,76.656,107.406,107.406,0,0.00583
norm_rand,108,0.05928,71.585,102.832,102.832,0,0.00132
norm_rand,109,0.03307,77.688,105.586,105.586,0,0.00375
norm_rand,110,0.05535,73.074,103.607,103.607,0,0.00189
norm_rand,111,0.04553,65.93,92.647,92.647,0,0.00251
norm_rand,112,0.03998,73.179,103.531,103.531,0,0.00277
norm_rand,113,0.02148,78.202,110.259,110.259,0,0.00965
norm_rand,114,0.02637,64.918,88.17,88.17,0,0.00688
norm_rand,115,0.03203,73.884,104.689,104.689,0,0.004
norm_rand,116,0.0288,74.054,106.458,106.458,0,0.00493
norm_rand,117,0.0332,79.379,113.982,113.982,0,0.00393
norm_rand,118,0.02273,60.663,83.687,83.687,0,0.01366
norm_rand,119,0.02781,84.674,119.47,119.47,0,0.0056
norm_rand,120,0.06369,86.105,125.85,125.85,0,0.00131
norm_rand,121,0.02146,85.602,121.431,121.431,0,0.00776
norm_rand,122,0.06281,74.314,106.068,106.068,0,0.00134
norm_rand,123,0.03171,76.808,108.687,108.687,0,0.00465
norm_rand,124,0.03031,77.426,111.886,111.886,0,0.00453
norm_rand,125,0.08065,79.679,113.238,113.238,0,0.00065
norm_rand,126,0.02222,70.408,101.163,101.163,0,0.00826
norm_rand,127,0.02283,85.936,124.096,124.096,0,0.01251
norm_rand,128,0.04545,102.547,145.395,145.395,0,0.00215
norm_rand,129,0.04351,84.247,116.026,116.026,0,0.0024
norm_rand,130,0.03682,94.183,136.514,136.514,0,0.00277
norm_rand,131,0.03085,79.649,111.958,111.958,0,0.00423
norm_rand,132,0.05582,88.37,123.892,123.892,0,0.00276
norm_rand,133,0.06372,83.282,122.148,122.148,0,0.00116
norm_rand,134,0.05196,81.81,119.515,119.515,0,0.00169
norm_rand,135,0.02698,76.069,107.036,107.036,0,0.00531
norm_rand,136,0.05796,75.203,105.26,105.26,0,0.00174
norm_rand,137,0.03118,82.238,114.47,114.47,0,0.00419
norm_rand,138,0.03901,83.274,119.171,119.171,0,0.00299
norm_rand,139,0.07368,85.286,121.05,121.05,0,0.00087
norm_rand,140,0.02367,75.336,104.327,104.327,0,0.00765
norm_rand,141,0.02844,67.137,95.11,95.11,0,0.00511
norm_rand,142,0.03122,69.378,98.622,98.622,0,0.00463
norm_rand,143,0.04352,75.32,111.156,111.156,0,0.00313
norm_rand,144,0.03831,95.708,136.655,136.655,0,0.00264
norm_rand,145,0.03965,97.408,140.816,140.816,0,0.00306
norm_rand,146,0.05665,90.938,127.507,127.507,0,0.00161
norm_rand,147,0.02321,84.631,117.299,117.299,0,0.01259
norm_rand,148,0.03193,79.931,113.001,113.001,0,0.00636
norm_rand,149,0.02086,68.282,96.143,96.143,0,0.00806
norm_rand,150,0.02628,71.781,102.274,102.274,0,0.01052
norm_rand,151,0.04568,84.717,119.702,119.702,0,0.00192
norm_rand,152,0.04251,79.256,108.596,108.596,0,0.00274
norm_rand,153,0.04592,72.205,103.775,103.775,0,0.00195
norm_rand,154,0.06214,80.614,115.083,115.083,0,0.00121
norm_rand,155,0.02306,66.632,93.002,93.002,0,0.00787
norm_rand,156,0.03897,80.871,114.26,114.26,0,0.0037
norm_rand,157,0.06016,84.956,122.405,122.405,0,0.00138
norm_rand,158,0.01912,61.561,86.118,86.118,0,0.01612
norm_rand,159,0.03293,92.765,133.228,133.228,0,0.00399
norm_rand,160,0.03349,73.663,102.819,102.819,0,0.00377
norm_rand,161,0.04937,70.637,98.641,98.641,0,0.00198
norm_rand,162,0.0247,76.516,108.015,108.015,0,0.00643
norm_rand,163,0.05965,89.211,127.713,127.713,0,0.00133
norm_rand,164,0.04432,85.827,118.13,118.13,0,0.00233
norm_rand,165,0.0236,76.871,111.371,111.371,0,0.0063
norm_rand,166,0.02381,82.005,119.139,119.139,0,0.0111
norm_rand,167,0.04725,84.747,118.681,118.681,0,0.00204
norm_rand,168,0.04798,81.219,116.135,116.135,0,0.00215
norm_rand,169,0.03054,76.391,106.462,106.462,0,0.00516
norm_rand,170,0.02483,77.002,104.98,104.98,0,0.00916
norm_rand,171,0.05129,82.121,111.994,111.994,0,0.00177
norm_rand,172,0.03553,63.783,91.329,91.329,0,0.00328
norm_rand,173,0.02489,89.411,128.011,128.011,0,0.00664
norm_rand,174,0.02459,80.845,114.781,114.781,0,0.00881
norm_rand,175,0.02796,81.691,115.322,115.322,0,0.00523
norm_rand,176,0.10605,68.859,97.081,97.081,0,0.00043
norm_rand,177,0.02287,93.819,133.945,133.945,0,0.0114
norm_rand,178,0.01907,66.262,93.587,93.587,0,0.01056
norm_rand,179,0.02608,68.38,94.586,94.586,0,0.00685
norm_rand,180,0.02331,78.544,112.963,112.963,0,0.01013
norm_rand,181,0.03037,71.504,99.583,99.583,0,0.00448
norm_rand,182,0.01677,81.521,114.915,114.915,0,0.01635
norm_rand,183,0.02066,80.863,115.482,115.482,0,0.00865
norm_rand,184,0.04355,69.945,97.969,97.969,0,0.00218
norm_rand,185,0.03895,75.928,108.036,108.036,0,0.0026
norm_rand,186,0.03366,80.763,112.642,112.642,0,0.00373
norm_rand,187,0.03783,74.334,102.003,102.003,0,0.00346
norm_rand,188,0.11132,91.754,126.026,126.026,0,0.00047
norm_rand,189,0.05063,76.23,109.778,109.778,0,0.00199
norm_rand,190,0.04002,75.952,104.395,104.395,0,0.00266
norm_rand,191,0.0593,88.455,123.509,123.509,0,0.00168
norm_rand,192,0.0316,83.543,119.482,119.482,0,0.00399
norm_rand,193,0.05474,83.626,116.271,116.271,0,0.00215
norm_rand,194,0.0593,97.071,140.856,140.856,0,0.00131
norm_rand,195,0.01929,83.092,116.318,116.318,0,0.01181
norm_rand,196,0.03558,76.884,109.373,109.373,0,0.00315
norm_rand,197,0.04754,91.306,129.576,129.576,0,0.00189
norm_rand,198,0.02765,76.548,109.963,109.963,0,0.00523
norm_rand,199,0.03069,65.489,92.837,92.837,0,0.00541
