condition,src,split,plateau_auc_low,dist_to_source,norm,output_kl,log10_output_kl
recon,0,train,0.18588,24.836,68.315,0.043888,-1.3577
recon,1,train,0.93472,14.789,59.823,0.000314,-3.5024
recon,2,train,0.11315,30.141,75.303,0.303888,-0.5173
recon,3,train,0.17692,19.651,81.045,0.029839,-1.5252
recon,4,train,0.11956,32.586,69.338,0.110523,-0.9565
recon,5,train,0.12346,22.149,70.879,0.196334,-0.707
recon,6,train,0.10553,28.348,55.08,0.09556,-1.0197
recon,7,train,0.13574,41.337,66.192,0.10617,-0.974
recon,8,train,0.15019,15.736,64.853,0.034713,-1.4595
recon,9,train,0.21132,46.422,62.902,0.062526,-1.2039
recon,10,train,0.12532,18.695,82.381,0.050882,-1.2934
recon,11,train,0.1167,47.073,64.213,0.290487,-0.5369
recon,12,train,0.27296,37.969,112.215,0.043699,-1.3595
recon,13,train,0.1292,27.396,73.265,0.087503,-1.058
recon,14,train,0.05311,46.948,56.252,7.954879,0.9006
recon,15,train,0.19975,38.583,65.865,0.050189,-1.2994
recon,16,train,0.18908,15.26,66.549,0.017753,-1.7507
recon,17,train,0.10263,25.664,66.237,0.12371,-0.9076
recon,18,train,0.30677,17.736,68.35,0.016635,-1.779
recon,19,train,0.11629,33.059,63.641,0.035435,-1.4506
recon,20,train,0.21374,20.166,68.609,0.056626,-1.247
recon,21,train,0.24458,22.694,93.308,0.012967,-1.8872
recon,22,train,0.13543,21.899,71.236,0.121837,-0.9142
recon,23,train,0.25069,26.558,72.51,0.034991,-1.456
recon,24,train,0.14036,31.51,70.907,0.070809,-1.1499
recon,25,train,0.53225,15.687,73.784,0.001437,-2.8425
recon,26,train,0.13681,23.213,65.214,0.189334,-0.7228
recon,27,train,0.10761,24.199,67.794,0.105533,-0.9766
recon,28,train,0.16273,24.611,58.177,0.047002,-1.3279
recon,29,train,0.23297,17.916,96.037,0.048044,-1.3184
recon,30,train,0.18541,26.181,84.972,0.069655,-1.157
recon,31,train,0.07009,24.911,75.928,0.048432,-1.3149
recon,32,train,0.1604,25.428,54.655,0.097531,-1.0109
recon,33,train,0.19069,20.781,72.603,0.011713,-1.9313
recon,34,train,0.15014,18.347,77.344,0.032913,-1.4826
recon,35,train,0.30546,12.199,62.001,0.008437,-2.0738
recon,36,train,0.09936,40.604,61.277,1.462268,0.165
recon,37,train,0.10588,36.879,64.931,0.742872,-0.1291
recon,38,train,0.16562,19.431,69.682,0.023874,-1.6221
recon,39,train,0.14386,25.651,73.31,0.139016,-0.8569
recon,40,train,0.0875,28.914,70.128,0.442982,-0.3536
recon,41,train,0.15898,22.2,73.402,0.038997,-1.409
recon,42,train,0.09896,31.049,66.33,0.387779,-0.4114
recon,43,train,0.2165,29.158,80.831,0.066222,-1.179
recon,44,train,0.24694,21.519,72.246,0.011617,-1.9349
recon,45,train,0.1165,22.773,59.57,0.092388,-1.0344
recon,46,train,0.21248,17.752,72.811,0.01591,-1.7983
recon,47,train,0.05955,62.514,53.386,12.11292,1.0832
recon,48,train,0.16125,26.836,59.373,0.463655,-0.3338
recon,49,train,0.1729,28.943,75.274,0.036692,-1.4354
recon,50,train,0.1583,24.88,61.518,0.042319,-1.3735
recon,51,train,0.06434,57.714,58.247,0.242974,-0.6144
recon,52,train,0.13705,27.764,61.123,0.196512,-0.7066
recon,53,train,0.24681,24.294,79.907,0.010081,-1.9965
recon,54,train,0.16586,24.391,61.24,0.206707,-0.6846
recon,55,train,0.08803,34.041,67.15,0.296328,-0.5282
recon,56,train,0.15856,20.361,80.06,0.015642,-1.8057
recon,57,train,0.16306,24.927,84.289,0.097641,-1.0104
recon,58,train,0.10833,27.636,69.16,0.170407,-0.7685
recon,59,train,0.24631,14.986,68.496,0.01024,-1.9897
recon,60,train,0.15004,22.23,76.348,0.023482,-1.6293
recon,61,train,0.98469,34.492,100.208,8e-05,-4.0972
recon,62,train,0.14646,25.393,72.367,0.086393,-1.0635
recon,63,train,0.86752,39.331,76.69,0.000344,-3.4638
recon,64,train,0.11972,15.792,70.106,0.03629,-1.4402
recon,65,train,0.13725,27.786,54.28,0.155629,-0.8079
recon,66,train,0.1633,26.732,58.945,0.067101,-1.1733
recon,67,train,0.14932,24.303,61.371,0.030489,-1.5159
recon,68,train,0.1826,19.568,65.121,0.01982,-1.7029
recon,69,train,0.95877,29.918,80.045,0.000114,-3.9415
recon,70,train,0.08089,29.14,75.177,0.432617,-0.3639
recon,71,train,0.08117,27.673,71.086,0.64851,-0.1881
recon,72,train,0.18548,22.317,60.703,0.071085,-1.1482
recon,73,train,0.13377,46.103,63.384,0.124023,-0.9065
recon,74,train,0.72256,29.327,86.269,0.003255,-2.4874
recon,75,train,0.18867,24.603,69.525,0.020724,-1.6835
recon,76,train,0.08152,18.297,72.64,0.285817,-0.5439
recon,77,train,0.16766,25.221,59.237,0.065145,-1.1861
recon,78,train,0.09882,27.442,66.052,0.109637,-0.96
recon,79,train,0.23412,45.457,59.742,0.092165,-1.0354
recon,80,train,0.1021,59.907,54.925,0.703574,-0.1527
recon,81,train,0.16815,40.246,63.934,0.136921,-0.8635
recon,82,train,0.11612,26.647,63.491,0.180375,-0.7438
recon,83,train,0.16289,17.658,70.43,0.023895,-1.6217
recon,84,train,0.10912,28.176,66.634,0.147225,-0.832
recon,85,train,0.17283,29.404,88.783,0.043401,-1.3625
recon,86,train,0.23256,20.64,76.101,0.05573,-1.2539
recon,87,train,0.46686,18.243,67.41,0.00316,-2.5004
recon,88,train,0.14841,21.623,69.965,0.024198,-1.6162
recon,89,train,0.09446,33.218,60.978,0.249632,-0.6027
recon,90,train,0.21364,21.729,76.887,0.026739,-1.5729
recon,91,train,0.15822,28.829,72.328,0.066806,-1.1752
recon,92,train,0.23408,23.168,67.231,0.025411,-1.595
recon,93,train,0.14863,31.136,60.912,0.051729,-1.2863
recon,94,train,0.26951,30.73,75.603,0.007595,-2.1194
recon,95,train,0.17126,15.762,61.883,0.058162,-1.2354
recon,96,train,0.25747,28.608,80.477,0.016445,-1.784
recon,97,train,0.18357,24.778,66.245,0.012096,-1.9174
recon,98,train,0.14251,20.301,60.678,0.052529,-1.2796
recon,99,train,0.18738,21.194,92.91,0.036007,-1.4436
recon,100,test,0.34749,24.784,91.332,0.007645,-2.1166
recon,101,test,0.16917,17.414,68.385,0.02371,-1.6251
recon,102,test,0.14797,17.378,69.432,0.045225,-1.3446
recon,103,test,0.09381,46.455,61.514,1.649014,0.2172
recon,104,test,0.12352,32.233,66.892,0.080962,-1.0917
recon,105,test,0.15819,24.863,74.042,0.013832,-1.8591
recon,106,test,0.18349,28.071,57.357,0.031849,-1.4969
recon,107,test,0.10858,32.879,61.533,0.25251,-0.5977
recon,108,test,0.09076,17.757,66.603,0.15563,-0.8079
recon,109,test,0.12867,45.206,55.256,0.216706,-0.6641
recon,110,test,0.15381,29.531,65.62,0.063654,-1.1962
recon,111,test,0.15028,29.893,59.525,1.912337,0.2816
recon,112,test,0.1648,17.301,74.506,0.099683,-1.0014
recon,113,test,0.15755,23.312,82.876,0.041368,-1.3833
recon,114,test,0.0735,31.263,54.082,0.367434,-0.4348
recon,115,test,0.21381,20.906,72.455,0.025614,-1.5915
recon,116,test,0.55662,18.12,68.518,0.019611,-1.7075
recon,117,test,0.17356,19.309,81.074,0.041431,-1.3827
recon,118,test,0.15567,24.805,54.638,0.085061,-1.0703
recon,119,test,0.57535,41.107,65.587,0.008987,-2.0464
recon,120,test,0.17014,21.941,83.98,0.023671,-1.6258
recon,121,test,0.24047,25.543,91.208,0.036085,-1.4427
recon,122,test,0.15844,21.966,66.423,0.061886,-1.2084
recon,123,test,0.11497,33.453,59.667,0.422138,-0.3745
recon,124,test,0.17772,18.02,73.648,0.026048,-1.5842
recon,125,test,0.11929,34.009,65.265,0.281317,-0.5508
recon,126,test,0.17288,14.105,66.41,0.015251,-1.8167
recon,127,test,0.22741,36.726,110.491,0.036653,-1.4359
recon,128,test,0.2386,71.809,160.013,0.011486,-1.9398
recon,129,test,0.12215,41.417,58.071,1.239913,0.0934
recon,130,test,0.30518,39.122,70.686,0.017285,-1.7623
recon,131,test,0.09948,32.044,65.405,0.377245,-0.4234
recon,132,test,0.13046,31.61,71.727,0.05765,-1.2392
recon,133,test,0.188,32.695,66.712,0.073121,-1.136
recon,134,test,0.3253,21.852,79.577,0.005598,-2.2519
recon,135,test,0.38399,23.224,64.241,0.005723,-2.2424
recon,136,test,0.25929,20.026,77.361,0.048041,-1.3184
recon,137,test,0.09957,30.085,66.528,0.475864,-0.3225
recon,138,test,0.15308,52.507,54.984,0.731243,-0.1359
recon,139,test,0.14604,30.123,70.244,0.083972,-1.0759
recon,140,test,0.15259,19.171,67.882,0.024302,-1.6144
recon,141,test,0.10469,22.381,58.88,0.075024,-1.1248
recon,142,test,0.10465,24.166,58.804,0.138067,-0.8599
recon,143,test,0.17995,24.221,63.837,0.013834,-1.859
recon,144,test,0.08607,44.915,64.832,0.399465,-0.3985
recon,145,test,0.21625,27.224,103.63,0.028621,-1.5433
recon,146,test,0.11425,36.457,70.004,0.082128,-1.0855
recon,147,test,0.16253,30.347,69.597,0.033881,-1.47
recon,148,test,0.13175,26.67,68.222,0.074795,-1.1261
recon,149,test,0.50735,16.631,60.642,0.006248,-2.2042
recon,150,test,0.23507,15.436,68.839,0.013478,-1.8704
recon,151,test,0.14439,34.652,66.707,0.047918,-1.3195
recon,152,test,0.11861,28.954,64.929,0.146713,-0.8335
recon,153,test,0.12151,105.916,154.152,0.751573,-0.124
recon,154,test,0.09888,44.433,57.272,0.442455,-0.3541
recon,155,test,0.36746,15.005,68.848,0.014623,-1.835
recon,156,test,0.13377,23.493,72.117,0.082439,-1.0839
recon,157,test,0.10941,19.628,83.22,0.065088,-1.1865
recon,158,test,0.0914,18.048,55.962,0.638248,-0.195
recon,159,test,0.13378,30.274,99.821,0.093012,-1.0315
recon,160,test,0.21957,20.145,66.197,0.050846,-1.2937
recon,161,test,0.18832,19.402,64.706,0.029995,-1.5229
recon,162,test,0.25487,20.844,72.247,0.019146,-1.7179
recon,163,test,0.13723,26.339,79.965,0.049496,-1.3054
recon,164,test,0.08679,33.374,68.688,0.141818,-0.8483
recon,165,test,0.16895,25.743,88.155,0.022474,-1.6483
recon,166,test,0.56504,27.724,71.681,0.002884,-2.54
recon,167,test,0.32925,20.241,77.115,0.003462,-2.4607
recon,168,test,0.15252,24.007,67.953,0.025799,-1.5884
recon,169,test,0.21832,20.301,68.741,0.044287,-1.3537
recon,170,test,0.19027,21.103,78.106,0.030253,-1.5192
recon,171,test,0.13854,22.509,71.83,0.034395,-1.4635
recon,172,test,0.22992,18.446,58.198,0.019734,-1.7048
recon,173,test,0.09186,35.558,73.208,0.266336,-0.5746
recon,174,test,0.25297,18.948,77.915,0.019498,-1.71
recon,175,test,0.15676,21.01,80.757,0.045743,-1.3397
recon,176,test,0.21402,24.201,60.499,0.019266,-1.7152
recon,177,test,0.07904,33.485,69.971,0.136722,-0.8642
recon,178,test,0.10905,30.617,54.257,0.380787,-0.4193
recon,179,test,0.18181,14.485,62.27,0.023458,-1.6297
recon,180,test,0.22927,29.831,66.156,0.035,-1.4559
recon,181,test,0.2093,22.577,62.437,0.199984,-0.699
recon,182,test,0.24073,20.928,88.939,0.012922,-1.8887
recon,183,test,0.17794,28.776,61.938,0.024116,-1.6177
recon,184,test,0.2278,16.998,61.879,0.051409,-1.289
recon,185,test,0.08387,39.24,58.901,1.081071,0.0339
recon,186,test,0.1556,32.418,63.034,0.086438,-1.0633
recon,187,test,0.16769,19.033,65.219,0.065385,-1.1845
recon,188,test,0.24622,20.696,87.11,0.004605,-2.3368
recon,189,test,0.31552,28.521,65.812,0.012461,-1.9045
recon,190,test,0.1531,21.642,74.732,0.051562,-1.2877
recon,191,test,0.14918,34.468,70.286,0.141446,-0.8494
recon,192,test,0.15089,28.293,71.875,0.114899,-0.9397
recon,193,test,0.14384,34.733,67.499,0.179516,-0.7459
recon,194,test,0.13986,20.347,97.233,0.014577,-1.8363
recon,195,test,0.07871,46.219,60.194,2.707852,0.4326
recon,196,test,0.24336,26.096,67.944,0.043459,-1.3619
recon,197,test,0.13749,20.938,88.839,0.10645,-0.9729
recon,198,test,0.21582,20.757,69.408,0.04024,-1.3953
recon,199,test,0.14473,25.278,54.907,0.032873,-1.4832
naive,0,train,0.03517,77.934,81.748,2.46151,0.3912
naive,1,train,0.07652,50.204,56.243,7.419171,0.8704
naive,2,train,0.07085,65.523,60.423,1.315087,0.119
naive,3,train,0.11841,72.714,72.285,3.312119,0.5201
naive,4,train,0.10935,97.638,87.766,7.024099,0.8466
naive,5,train,0.05862,63.056,53.58,3.487366,0.5425
naive,6,train,0.18908,51.396,58.771,7.060484,0.8488
naive,7,train,0.07363,68.091,54.813,3.113825,0.4933
naive,8,train,0.08762,49.52,59.061,4.884025,0.6888
naive,9,train,0.09502,79.068,72.963,0.575233,-0.2402
naive,10,train,0.04112,68.619,79.244,2.834965,0.4525
naive,11,train,0.11895,70.716,55.194,1.259222,0.1001
naive,12,train,0.07788,60.522,65.529,5.163464,0.7129
naive,13,train,0.07168,59.314,57.168,3.01072,0.4787
naive,14,train,0.04067,71.381,54.551,16.281654,1.2117
naive,15,train,0.07157,63.493,56.057,1.119381,0.049
naive,16,train,0.08868,40.633,56.094,1.793489,0.2537
naive,17,train,0.06038,63.999,80.395,5.340072,0.7275
naive,18,train,0.04901,59.521,66.967,1.915184,0.2822
naive,19,train,0.07262,59.798,53.997,2.068356,0.3156
naive,20,train,0.06758,54.78,65.324,1.795033,0.2541
naive,21,train,0.05377,71.185,64.064,2.948254,0.4696
naive,22,train,0.04405,83.45,82.75,4.805239,0.6817
naive,23,train,0.06729,63.985,56.043,1.141037,0.0573
naive,24,train,0.06089,67.348,60.937,1.29895,0.1136
naive,25,train,0.03538,87.298,66.009,8.020259,0.9042
naive,26,train,0.05418,70.227,67.088,4.321372,0.6356
naive,27,train,0.12098,70.541,77.759,2.764558,0.4416
naive,28,train,0.068,45.887,57.008,1.137276,0.0559
naive,29,train,0.06867,71.702,58.275,2.319275,0.3654
naive,30,train,0.10163,41.282,54.708,1.650472,0.2176
naive,31,train,0.06873,70.206,55.169,8.496428,0.9292
naive,32,train,0.11965,48.175,67.922,7.783937,0.8912
naive,33,train,0.08434,67.622,67.335,3.718722,0.5704
naive,34,train,0.06456,58.628,55.04,3.099355,0.4913
naive,35,train,0.0859,34.822,54.608,2.631219,0.4202
naive,36,train,0.0433,66.305,59.064,3.27646,0.5154
naive,37,train,0.1483,77.26,78.558,0.894174,-0.0486
naive,38,train,0.04777,54.598,57.667,2.797995,0.4468
naive,39,train,0.05644,60.719,62.294,5.555116,0.7447
naive,40,train,0.03723,73.936,66.973,6.983784,0.8441
naive,41,train,0.03289,75.525,74.466,4.630014,0.6656
naive,42,train,0.07628,65.922,56.813,14.374213,1.1576
naive,43,train,0.05819,51.143,59.084,7.442077,0.8717
naive,44,train,0.08037,61.117,61.522,2.033374,0.3082
naive,45,train,0.06462,56.809,66.998,6.892285,0.8384
naive,46,train,0.12785,59.816,62.33,2.831294,0.452
naive,47,train,0.15186,91.597,81.297,16.83926,1.2263
naive,48,train,0.10316,60.179,55.232,0.302741,-0.5189
naive,49,train,0.10755,77.652,69.057,5.50786,0.741
naive,50,train,0.07995,55.465,53.842,2.093873,0.321
naive,51,train,0.04661,87.278,74.122,4.105574,0.6134
naive,52,train,0.06376,71.828,65.385,7.137806,0.8536
naive,53,train,0.1408,88.446,90.392,0.487694,-0.3119
naive,54,train,0.0788,65.144,76.543,2.370433,0.3748
naive,55,train,0.08502,87.07,68.582,10.350532,1.015
naive,56,train,0.077,48.477,56.312,2.962312,0.4716
naive,57,train,0.11714,50.711,67.623,5.873127,0.7689
naive,58,train,0.08085,57.656,54.858,0.688184,-0.1623
naive,59,train,0.05684,42.456,53.815,1.47797,0.1697
naive,60,train,0.07442,62.298,53.546,6.999523,0.8451
naive,61,train,0.08692,62.53,57.163,9.958254,0.9982
naive,62,train,0.05481,66.224,60.994,4.728588,0.6747
naive,63,train,0.06332,75.782,58.382,12.636668,1.1016
naive,64,train,0.09687,50.452,56.992,3.390247,0.5302
naive,65,train,0.0438,42.099,59.802,4.922818,0.6922
naive,66,train,0.04983,73.775,79.295,8.588734,0.9339
naive,67,train,0.06661,72.119,69.405,2.229158,0.3481
naive,68,train,0.05679,50.54,53.54,3.78829,0.5784
naive,69,train,0.17233,60.965,56.322,9.227884,0.9651
naive,70,train,0.0357,110.068,101.295,7.119036,0.8524
naive,71,train,0.06558,69.158,53.903,15.713803,1.1963
naive,72,train,0.03746,84.805,97.219,5.253944,0.7205
naive,73,train,0.91218,83.515,73.983,9.018784,0.9551
naive,74,train,0.03065,85.039,75.735,2.186454,0.3397
naive,75,train,0.12119,70.0,60.726,3.689958,0.567
naive,76,train,0.05741,62.51,60.727,8.301108,0.9191
naive,77,train,0.06575,48.556,59.787,2.438566,0.3871
naive,78,train,0.04082,63.593,63.375,2.707989,0.4326
naive,79,train,0.1075,68.69,71.387,0.418405,-0.3784
naive,80,train,0.05995,73.704,59.963,1.55218,0.1909
naive,81,train,0.04798,66.442,69.313,0.879009,-0.056
naive,82,train,0.05997,63.881,64.822,3.76875,0.5762
naive,83,train,0.10017,52.991,59.341,5.050776,0.7034
naive,84,train,0.07556,68.464,55.223,7.387467,0.8685
naive,85,train,0.07265,70.577,58.144,2.798903,0.447
naive,86,train,0.06316,57.843,55.543,2.177546,0.338
naive,87,train,0.04821,60.072,59.463,4.616417,0.6643
naive,88,train,0.0604,50.834,53.67,2.434485,0.3864
naive,89,train,0.04274,63.925,63.213,4.620297,0.6647
naive,90,train,0.09211,69.384,67.382,2.062963,0.3145
naive,91,train,0.07528,63.069,52.132,2.165622,0.3356
naive,92,train,0.0815,57.398,66.238,4.494192,0.6527
naive,93,train,0.04156,58.571,55.587,2.418793,0.3836
naive,94,train,0.07454,69.848,53.583,2.510496,0.3998
naive,95,train,0.05308,50.913,58.671,3.804849,0.5803
naive,96,train,0.06901,61.975,53.608,3.045859,0.4837
naive,97,train,0.0749,55.607,54.591,6.018874,0.7795
naive,98,train,0.03988,50.085,58.875,3.598325,0.5561
naive,99,train,0.06097,60.959,55.594,1.318096,0.1199
naive,100,test,0.0501,73.421,61.348,1.08903,0.037
naive,101,test,0.04212,59.511,56.529,4.401018,0.6436
naive,102,test,0.0738,50.201,53.41,3.44845,0.5376
naive,103,test,0.03392,73.337,64.534,10.634754,1.0267
naive,104,test,0.06388,60.846,55.291,2.321799,0.3658
naive,105,test,0.08837,75.372,68.069,6.042227,0.7812
naive,106,test,0.0511,71.69,67.476,7.595565,0.8806
naive,107,test,0.05118,55.557,53.738,4.95384,0.6949
naive,108,test,0.0614,67.904,70.42,5.741276,0.759
naive,109,test,0.10088,85.325,84.332,0.922271,-0.0351
naive,110,test,0.12575,69.336,62.111,1.772376,0.2486
naive,111,test,0.10228,53.007,55.608,1.082342,0.0344
naive,112,test,0.05767,73.4,77.196,5.693695,0.7554
naive,113,test,0.05515,58.617,56.337,2.177781,0.338
naive,114,test,0.04784,45.889,54.861,2.177428,0.3379
naive,115,test,0.07409,63.834,68.98,1.926278,0.2847
naive,116,test,0.1134,51.906,54.904,7.343003,0.8659
naive,117,test,0.12115,75.071,78.526,6.644073,0.8224
naive,118,test,0.05179,46.658,63.724,1.494994,0.1746
naive,119,test,0.12857,77.694,62.732,4.383089,0.6418
naive,120,test,0.07341,60.751,56.284,1.838477,0.2645
naive,121,test,0.1746,73.474,71.784,1.473974,0.1685
naive,122,test,0.03791,75.909,70.691,3.830419,0.5832
naive,123,test,0.06687,62.629,59.307,3.626211,0.5595
naive,124,test,0.03606,64.693,83.336,3.959304,0.5976
naive,125,test,0.06543,64.254,55.68,2.902246,0.4627
naive,126,test,0.04203,48.001,57.67,1.464589,0.1657
naive,127,test,0.0617,58.411,53.796,1.975303,0.2956
naive,128,test,0.10111,76.384,53.924,11.539315,1.0622
naive,129,test,0.06993,65.927,63.82,2.532037,0.4035
naive,130,test,0.09464,62.943,55.881,0.256371,-0.5911
naive,131,test,0.07998,70.047,70.007,0.592223,-0.2275
naive,132,test,0.15942,169.6,189.007,9.447989,0.9753
naive,133,test,0.06254,71.824,71.214,2.257233,0.3536
naive,134,test,0.06108,49.803,55.832,2.782012,0.4444
naive,135,test,0.06613,55.474,54.073,7.785855,0.8913
naive,136,test,0.066,56.76,58.802,1.362628,0.1344
naive,137,test,0.08871,65.143,59.263,3.794225,0.5791
naive,138,test,0.07909,82.724,70.69,1.324655,0.1221
naive,139,test,0.17141,75.444,73.971,4.307508,0.6342
naive,140,test,0.06334,55.153,54.572,2.725445,0.4354
naive,141,test,0.09081,49.466,55.96,2.344349,0.37
naive,142,test,0.09373,69.721,80.577,5.043636,0.7027
naive,143,test,0.11106,56.193,60.229,2.256433,0.3534
naive,144,test,0.05025,71.669,72.61,1.17899,0.0715
naive,145,test,0.04876,77.113,75.744,4.404881,0.6439
naive,146,test,0.04378,67.993,54.102,1.595145,0.2028
naive,147,test,0.04017,81.684,86.452,5.066689,0.7047
naive,148,test,0.1082,68.155,67.717,7.633713,0.8827
naive,149,test,0.05041,54.495,56.671,6.754133,0.8296
naive,150,test,0.0558,49.914,65.237,3.308377,0.5196
naive,151,test,0.05873,83.125,82.559,4.298381,0.6333
naive,152,test,0.05142,68.619,67.39,3.383801,0.5294
naive,153,test,0.06988,48.768,54.389,4.961018,0.6956
naive,154,test,0.05924,63.765,55.776,1.902389,0.2793
naive,155,test,0.14173,42.046,60.335,4.90453,0.6906
naive,156,test,0.13564,76.858,62.561,6.688605,0.8253
naive,157,test,0.06887,66.288,55.082,4.732882,0.6751
naive,158,test,0.07676,41.808,55.672,4.288051,0.6323
naive,159,test,0.06928,65.645,53.652,1.218383,0.0858
naive,160,test,0.07202,63.274,72.155,1.12578,0.0515
naive,161,test,0.13153,51.618,60.934,1.233688,0.0912
naive,162,test,0.05886,56.64,55.81,3.709022,0.5693
naive,163,test,0.06106,65.245,54.65,2.663699,0.4255
naive,164,test,0.06552,64.695,56.07,1.81985,0.26
naive,165,test,0.08479,56.357,59.936,4.389648,0.6424
naive,166,test,0.04485,70.228,69.15,3.288956,0.5171
naive,167,test,0.05702,59.994,53.893,1.091897,0.0382
naive,168,test,0.08393,58.656,63.773,6.285588,0.7983
naive,169,test,0.05013,52.862,57.7,3.89756,0.5908
naive,170,test,0.06559,52.464,53.512,1.778466,0.25
naive,171,test,0.08165,67.371,64.017,5.882455,0.7696
naive,172,test,0.06442,36.495,56.116,5.814105,0.7645
naive,173,test,0.09654,65.6,54.188,3.769633,0.5763
naive,174,test,0.03835,66.082,83.1,2.510811,0.3998
naive,175,test,0.04726,61.198,61.481,2.902283,0.4627
naive,176,test,0.07673,55.495,53.437,5.565882,0.7455
naive,177,test,0.02852,89.99,70.121,18.362436,1.2639
naive,178,test,0.04222,53.136,61.728,4.79721,0.681
naive,179,test,0.06187,40.698,55.712,2.22865,0.348
naive,180,test,0.0756,83.615,89.449,2.4384,0.3871
naive,181,test,0.03559,70.036,72.212,8.157858,0.9116
naive,182,test,0.10091,64.764,58.114,1.071226,0.0299
naive,183,test,0.05291,52.179,58.463,1.932309,0.2861
naive,184,test,0.03443,43.326,57.887,4.83208,0.6841
naive,185,test,0.06322,69.172,70.936,7.513814,0.8759
naive,186,test,0.05847,81.999,74.007,6.159894,0.7896
naive,187,test,0.09046,55.666,54.698,3.46055,0.5391
naive,188,test,0.03381,64.919,56.846,2.234453,0.3492
naive,189,test,0.06989,76.494,79.952,10.582598,1.0246
naive,190,test,0.05106,63.5,72.244,4.598763,0.6626
naive,191,test,0.0515,63.372,52.728,2.157838,0.334
naive,192,test,0.12454,60.232,59.735,0.641798,-0.1926
naive,193,test,0.07215,63.84,55.891,1.38807,0.1424
naive,194,test,0.05413,73.514,60.01,4.31096,0.6346
naive,195,test,0.05675,75.126,56.762,12.245236,1.088
naive,196,test,0.0968,54.188,60.783,1.72577,0.237
naive,197,test,0.06535,65.355,56.635,4.532144,0.6563
naive,198,test,0.06805,56.907,52.048,3.487246,0.5425
naive,199,test,0.09703,42.773,66.949,0.24239,-0.6155
sparse_match,0,train,0.03273,62.954,62.184,3.681809,0.5661
sparse_match,1,train,0.07724,53.682,61.573,7.550529,0.878
sparse_match,2,train,0.0479,79.258,63.296,1.867738,0.2713
sparse_match,3,train,0.04933,61.183,65.346,5.8445,0.7667
sparse_match,4,train,0.06248,78.133,63.446,3.453662,0.5383
sparse_match,5,train,0.05154,70.253,66.091,3.539164,0.5489
sparse_match,6,train,0.04273,48.854,53.674,3.117353,0.4938
sparse_match,7,train,0.0769,72.43,64.087,3.151106,0.4985
sparse_match,8,train,0.11439,50.392,65.159,4.74269,0.676
sparse_match,9,train,0.03839,69.029,60.48,2.677874,0.4278
sparse_match,10,train,0.06327,73.462,88.061,2.541292,0.4051
sparse_match,11,train,0.13708,71.65,58.809,1.263758,0.1017
sparse_match,12,train,0.06727,68.696,83.416,5.566019,0.7455
sparse_match,13,train,0.04068,65.139,66.111,2.43913,0.3872
sparse_match,14,train,0.04061,73.663,58.05,16.973238,1.2298
sparse_match,15,train,0.0573,70.599,60.84,6.069994,0.7832
sparse_match,16,train,0.05257,38.589,57.555,1.889486,0.2763
sparse_match,17,train,0.09678,53.65,58.271,3.546287,0.5498
sparse_match,18,train,0.03808,47.535,61.816,2.422048,0.3842
sparse_match,19,train,0.0736,59.945,56.127,0.812265,-0.0903
sparse_match,20,train,0.07106,57.241,64.359,1.489082,0.1729
sparse_match,21,train,0.04149,73.014,64.672,4.788758,0.6802
sparse_match,22,train,0.03073,71.329,76.284,2.489011,0.396
sparse_match,23,train,0.11304,74.042,69.747,3.1169,0.4937
sparse_match,24,train,0.06951,78.798,74.482,1.81641,0.2592
sparse_match,25,train,0.11461,90.916,74.555,9.683424,0.986
sparse_match,26,train,0.06705,62.94,65.094,2.952518,0.4702
sparse_match,27,train,0.07848,61.019,65.158,3.622826,0.559
sparse_match,28,train,0.07511,42.066,55.287,0.742322,-0.1294
sparse_match,29,train,0.05767,82.503,68.897,5.625749,0.7502
sparse_match,30,train,0.08576,47.882,60.329,1.759461,0.2454
sparse_match,31,train,0.03938,78.362,58.809,11.031446,1.0426
sparse_match,32,train,0.06455,38.052,54.82,5.499833,0.7403
sparse_match,33,train,0.03555,68.291,75.29,4.396826,0.6431
sparse_match,34,train,0.05277,73.587,75.055,6.100645,0.7854
sparse_match,35,train,0.08196,36.724,55.188,3.158644,0.4995
sparse_match,36,train,0.13084,67.828,54.523,1.219219,0.0861
sparse_match,37,train,0.0924,64.809,67.453,2.428463,0.3853
sparse_match,38,train,0.05512,66.479,66.939,3.669344,0.5646
sparse_match,39,train,0.06474,63.287,63.503,2.609839,0.4166
sparse_match,40,train,0.09616,64.341,57.889,6.794325,0.8321
sparse_match,41,train,0.03416,78.315,72.313,5.043548,0.7027
sparse_match,42,train,0.07979,70.643,59.57,14.977592,1.1754
sparse_match,43,train,0.07219,53.579,61.438,6.668521,0.824
sparse_match,44,train,0.10065,63.012,67.933,1.078338,0.0328
sparse_match,45,train,0.02941,46.213,57.906,8.497809,0.9293
sparse_match,46,train,0.05397,56.926,70.855,3.993937,0.6014
sparse_match,47,train,0.05311,73.133,54.703,16.108049,1.207
sparse_match,48,train,0.0416,68.783,66.163,1.497313,0.1753
sparse_match,49,train,0.07914,78.986,73.263,6.258088,0.7964
sparse_match,50,train,0.0858,58.049,57.78,1.548757,0.19
sparse_match,51,train,0.07076,72.842,56.938,2.742999,0.4382
sparse_match,52,train,0.07701,64.917,61.007,5.794798,0.763
sparse_match,53,train,0.11042,72.802,68.711,0.900905,-0.0453
sparse_match,54,train,0.0697,48.104,54.815,1.118235,0.0485
sparse_match,55,train,0.06599,88.822,71.485,5.923023,0.7725
sparse_match,56,train,0.02997,58.437,66.137,4.197222,0.623
sparse_match,57,train,0.04763,49.883,65.709,3.793753,0.5791
sparse_match,58,train,0.02764,69.513,62.59,2.592514,0.4137
sparse_match,59,train,0.05092,44.133,58.442,1.104642,0.0432
sparse_match,60,train,0.07066,80.182,76.788,13.062593,1.116
sparse_match,61,train,0.13799,73.96,74.371,10.692915,1.0291
sparse_match,62,train,0.06027,70.471,61.827,5.43296,0.735
sparse_match,63,train,0.06788,90.403,76.661,12.486529,1.0964
sparse_match,64,train,0.05321,54.627,57.373,3.540368,0.549
sparse_match,65,train,0.06484,36.883,54.571,3.514913,0.5459
sparse_match,66,train,0.06027,52.213,57.316,5.953593,0.7748
sparse_match,67,train,0.10583,55.629,63.584,3.039469,0.4828
sparse_match,68,train,0.07485,54.433,56.057,3.546775,0.5498
sparse_match,69,train,0.03369,65.315,65.406,7.685636,0.8857
sparse_match,70,train,0.02574,81.873,59.989,9.321714,0.9695
sparse_match,71,train,0.07571,84.746,79.161,14.147978,1.1507
sparse_match,72,train,0.04992,51.086,57.293,2.147566,0.3319
sparse_match,73,train,0.06719,69.007,57.324,1.105014,0.0434
sparse_match,74,train,0.09206,89.839,70.053,2.833891,0.4524
sparse_match,75,train,0.05952,70.513,68.83,3.739549,0.5728
sparse_match,76,train,0.07517,65.861,71.202,8.82996,0.946
sparse_match,77,train,0.05473,49.784,63.739,2.43384,0.3863
sparse_match,78,train,0.07166,64.841,59.366,1.260007,0.1004
sparse_match,79,train,0.1227,63.985,56.328,0.221665,-0.6543
sparse_match,80,train,0.0547,68.563,56.868,2.523509,0.402
sparse_match,81,train,0.05917,66.836,65.135,1.554274,0.1915
sparse_match,82,train,0.06405,60.406,58.097,7.424573,0.8707
sparse_match,83,train,0.07565,50.95,66.846,3.945913,0.5961
sparse_match,84,train,0.07514,78.222,67.756,5.557842,0.7449
sparse_match,85,train,0.05452,79.19,69.555,2.409147,0.3819
sparse_match,86,train,0.04026,69.561,69.857,2.182627,0.339
sparse_match,87,train,0.0526,74.504,69.35,7.238234,0.8596
sparse_match,88,train,0.0518,54.577,63.525,2.905241,0.4632
sparse_match,89,train,0.06257,63.095,60.392,3.388895,0.5301
sparse_match,90,train,0.05891,69.042,69.012,5.191388,0.7153
sparse_match,91,train,0.11842,71.304,60.869,1.516082,0.1807
sparse_match,92,train,0.06189,54.348,57.682,3.30474,0.5191
sparse_match,93,train,0.06061,53.135,60.638,3.191013,0.5039
sparse_match,94,train,0.13295,74.623,59.2,2.631484,0.4202
sparse_match,95,train,0.04916,48.148,57.638,4.441736,0.6476
sparse_match,96,train,0.07215,61.353,62.365,1.425858,0.1541
sparse_match,97,train,0.06599,62.225,65.616,6.110163,0.7861
sparse_match,98,train,0.0569,48.539,59.053,1.237963,0.0927
sparse_match,99,train,0.08243,71.838,83.082,2.618315,0.418
sparse_match,100,test,0.1181,72.049,62.902,5.253723,0.7205
sparse_match,101,test,0.07837,65.014,63.01,4.025929,0.6049
sparse_match,102,test,0.06549,59.974,64.269,7.529534,0.8768
sparse_match,103,test,0.0519,72.747,59.019,7.787353,0.8914
sparse_match,104,test,0.05478,66.333,61.8,1.423509,0.1534
sparse_match,105,test,0.04077,80.164,76.435,4.448134,0.6482
sparse_match,106,test,0.06897,53.942,60.356,8.725273,0.9408
sparse_match,107,test,0.11052,58.154,61.546,4.707626,0.6728
sparse_match,108,test,0.12143,62.515,61.532,0.634336,-0.1977
sparse_match,109,test,0.0443,60.08,58.98,2.143829,0.3312
sparse_match,110,test,0.06007,54.137,59.156,2.963883,0.4719
sparse_match,111,test,0.12831,59.872,62.48,2.862386,0.4567
sparse_match,112,test,0.05575,61.213,71.431,4.71488,0.6735
sparse_match,113,test,0.03884,73.289,73.713,6.514447,0.8139
sparse_match,114,test,0.05572,43.15,55.062,1.223272,0.0875
sparse_match,115,test,0.06442,57.595,58.524,0.991467,-0.0037
sparse_match,116,test,0.06463,60.785,56.355,8.685836,0.9388
sparse_match,117,test,0.09648,59.403,68.629,1.31256,0.1181
sparse_match,118,test,0.071,40.044,57.508,0.835134,-0.0782
sparse_match,119,test,0.11403,79.681,66.485,6.570444,0.8176
sparse_match,120,test,0.10359,68.193,72.838,1.383183,0.1409
sparse_match,121,test,0.04847,65.839,69.44,0.349611,-0.4564
sparse_match,122,test,0.14337,62.947,60.904,1.373155,0.1377
sparse_match,123,test,0.04011,59.923,59.248,2.862079,0.4567
sparse_match,124,test,0.12073,57.806,65.635,3.266962,0.5141
sparse_match,125,test,0.07261,66.75,58.272,1.244112,0.0949
sparse_match,126,test,0.10122,49.262,65.93,1.78584,0.2518
sparse_match,127,test,0.06942,64.058,73.893,5.093983,0.7071
sparse_match,128,test,0.05293,86.351,84.865,10.546144,1.0231
sparse_match,129,test,0.12003,59.299,66.307,4.42819,0.6462
sparse_match,130,test,0.1532,65.306,58.277,0.130889,-0.8831
sparse_match,131,test,0.07324,64.984,68.526,4.865334,0.6871
sparse_match,132,test,0.04228,69.874,65.719,7.042497,0.8477
sparse_match,133,test,0.04736,68.113,62.78,2.257039,0.3535
sparse_match,134,test,0.06517,54.048,60.824,2.376226,0.3759
sparse_match,135,test,0.03693,62.822,69.161,8.679817,0.9385
sparse_match,136,test,0.07484,68.535,67.911,1.753098,0.2438
sparse_match,137,test,0.03321,67.667,60.674,4.152227,0.6183
sparse_match,138,test,0.13582,61.13,55.858,1.83445,0.2635
sparse_match,139,test,0.10585,65.721,63.038,1.297938,0.1133
sparse_match,140,test,0.07731,64.551,67.135,4.116466,0.6145
sparse_match,141,test,0.07632,50.566,55.246,2.289626,0.3598
sparse_match,142,test,0.10186,59.225,63.663,5.618985,0.7497
sparse_match,143,test,0.07525,59.399,63.28,3.624296,0.5592
sparse_match,144,test,0.07168,68.503,51.951,2.331357,0.3676
sparse_match,145,test,0.04569,76.912,82.937,7.189329,0.8567
sparse_match,146,test,0.04731,71.9,63.382,4.250339,0.6284
sparse_match,147,test,0.09516,69.557,69.108,0.89254,-0.0494
sparse_match,148,test,0.07637,69.945,74.238,1.951126,0.2903
sparse_match,149,test,0.04439,55.329,55.855,6.60938,0.8202
sparse_match,150,test,0.06509,46.973,58.256,1.045323,0.0193
sparse_match,151,test,0.08936,69.812,61.522,6.333101,0.8016
sparse_match,152,test,0.07344,60.745,56.727,3.585756,0.5546
sparse_match,153,test,0.07522,74.468,88.084,7.387957,0.8685
sparse_match,154,test,0.04797,65.89,58.053,3.49652,0.5436
sparse_match,155,test,0.0984,41.61,57.625,4.812606,0.6824
sparse_match,156,test,0.06813,77.419,70.45,7.221948,0.8587
sparse_match,157,test,0.06747,78.05,81.373,6.843844,0.8353
sparse_match,158,test,0.05564,39.487,52.432,3.878415,0.5887
sparse_match,159,test,0.08659,78.686,73.399,3.248014,0.5116
sparse_match,160,test,0.12576,50.148,54.389,2.823733,0.4508
sparse_match,161,test,0.06771,46.687,59.502,2.07755,0.3176
sparse_match,162,test,0.0617,64.224,58.175,4.227684,0.6261
sparse_match,163,test,0.02407,79.348,66.957,2.975931,0.4736
sparse_match,164,test,0.0772,73.848,66.928,5.15119,0.7119
sparse_match,165,test,0.04883,63.584,63.945,4.77579,0.679
sparse_match,166,test,0.04796,64.499,54.811,3.313239,0.5203
sparse_match,167,test,0.04778,66.212,57.729,2.614135,0.4173
sparse_match,168,test,0.05383,62.459,67.771,5.559485,0.745
sparse_match,169,test,0.12873,53.151,61.221,2.68252,0.4285
sparse_match,170,test,0.11679,63.475,73.308,3.66568,0.5642
sparse_match,171,test,0.10848,68.48,68.472,5.258812,0.7209
sparse_match,172,test,0.0579,37.236,54.862,5.306576,0.7248
sparse_match,173,test,0.08145,74.913,68.33,4.498427,0.6531
sparse_match,174,test,0.05594,58.845,64.155,3.155334,0.499
sparse_match,175,test,0.06614,63.542,67.663,3.01906,0.4799
sparse_match,176,test,0.05333,63.817,70.675,5.24818,0.72
sparse_match,177,test,0.03266,84.009,64.141,15.815588,1.1991
sparse_match,178,test,0.08314,40.625,55.591,4.487775,0.652
sparse_match,179,test,0.05138,40.841,62.124,2.269231,0.3559
sparse_match,180,test,0.08236,64.425,65.864,4.141663,0.6172
sparse_match,181,test,0.05417,56.98,59.748,6.598325,0.8194
sparse_match,182,test,0.09669,73.981,71.848,2.116881,0.3257
sparse_match,183,test,0.06832,54.628,55.949,1.415119,0.1508
sparse_match,184,test,0.05363,44.516,55.787,3.760857,0.5753
sparse_match,185,test,0.05361,58.145,55.066,3.5258,0.5473
sparse_match,186,test,0.04914,67.767,65.178,2.336035,0.3685
sparse_match,187,test,0.03517,65.358,58.529,4.896427,0.6899
sparse_match,188,test,0.11679,72.332,75.49,0.359383,-0.4444
sparse_match,189,test,0.03987,66.652,67.04,10.609787,1.0257
sparse_match,190,test,0.06206,50.8,63.675,5.046247,0.703
sparse_match,191,test,0.05994,70.183,75.414,2.841944,0.4536
sparse_match,192,test,0.0521,62.842,64.866,1.344474,0.1286
sparse_match,193,test,0.07626,68.608,62.921,4.537342,0.6568
sparse_match,194,test,0.09118,83.575,67.498,8.554378,0.9322
sparse_match,195,test,0.08896,81.748,61.093,15.440321,1.1887
sparse_match,196,test,0.06392,54.786,64.401,0.624794,-0.2043
sparse_match,197,test,0.02434,75.943,73.899,4.015143,0.6037
sparse_match,198,test,0.08806,70.562,69.541,9.090625,0.9586
sparse_match,199,test,0.0933,37.555,54.364,4.648047,0.6673
iso15,0,train,0.20446,15.0,80.666,0.010807,-1.9663
iso15,1,train,0.9705,15.0,65.252,0.000717,-3.1442
iso15,2,train,0.13932,15.0,90.88,0.014439,-1.8405
iso15,3,train,0.18237,15.0,80.523,0.010851,-1.9645
iso15,4,train,0.13469,15.0,85.397,0.026311,-1.5799
iso15,5,train,0.16336,15.0,79.017,0.031242,-1.5053
iso15,6,train,0.17463,15.0,66.64,0.026988,-1.5688
iso15,7,train,0.14068,15.0,91.944,0.014269,-1.8456
iso15,8,train,0.11959,15.0,67.877,0.057631,-1.2393
iso15,9,train,0.25598,15.0,95.043,0.00274,-2.5622
iso15,10,train,0.11347,15.0,83.562,0.013399,-1.8729
iso15,11,train,0.11388,15.0,93.232,0.021776,-1.662
iso15,12,train,0.25621,15.0,84.528,0.003708,-2.4309
iso15,13,train,0.12937,15.0,83.219,0.013223,-1.8787
iso15,14,train,0.07069,15.0,84.512,0.06504,-1.1868
iso15,15,train,0.29179,15.0,83.587,0.003455,-2.4615
iso15,16,train,0.20739,15.0,65.895,0.014581,-1.8362
iso15,17,train,0.12955,15.0,83.278,0.036175,-1.4416
iso15,18,train,0.29158,15.0,77.856,0.004532,-2.3437
iso15,19,train,0.17996,15.0,80.577,0.013364,-1.8741
iso15,20,train,0.22211,15.0,79.638,0.007062,-2.1511
iso15,21,train,0.23968,15.0,98.759,0.006958,-2.1575
iso15,22,train,0.11522,15.0,76.938,0.08306,-1.0806
iso15,23,train,0.2463,15.0,86.749,0.012878,-1.8901
iso15,24,train,0.15485,15.0,86.202,0.005598,-2.252
iso15,25,train,0.48154,15.0,82.025,0.000982,-3.0078
iso15,26,train,0.12326,15.0,74.628,0.015272,-1.8161
iso15,27,train,0.09222,15.0,78.875,0.042351,-1.3731
iso15,28,train,0.27449,15.0,73.407,0.003744,-2.4266
iso15,29,train,0.27699,15.0,98.343,0.004524,-2.3444
iso15,30,train,0.17681,15.0,73.637,0.013012,-1.8857
iso15,31,train,0.08993,15.0,86.749,0.033452,-1.4756
iso15,32,train,0.25439,15.0,67.411,0.011101,-1.9546
iso15,33,train,0.21111,15.0,83.631,0.006558,-2.1832
iso15,34,train,0.13194,15.0,85.889,0.00505,-2.2967
iso15,35,train,0.30076,15.0,64.897,0.007629,-2.1175
iso15,36,train,0.1342,15.0,81.789,0.071012,-1.1487
iso15,37,train,0.14548,15.0,78.948,0.019151,-1.7178
iso15,38,train,0.17632,15.0,80.54,0.012676,-1.897
iso15,39,train,0.27766,15.0,84.367,0.001886,-2.7244
iso15,40,train,0.08765,15.0,85.219,0.030035,-1.5224
iso15,41,train,0.18821,15.0,84.585,0.035736,-1.4469
iso15,42,train,0.30535,15.0,85.975,0.001902,-2.7207
iso15,43,train,0.23335,15.0,71.168,0.011709,-1.9315
iso15,44,train,0.26848,15.0,78.974,0.011289,-1.9473
iso15,45,train,0.15127,15.0,70.105,0.024113,-1.6177
iso15,46,train,0.21701,15.0,80.757,0.004941,-2.3062
iso15,47,train,0.99474,15.0,81.706,5e-06,-5.3252
iso15,48,train,0.18657,15.0,70.628,0.013659,-1.8646
iso15,49,train,0.26532,15.0,85.641,0.013026,-1.8852
iso15,50,train,0.25025,15.0,74.098,0.014062,-1.852
iso15,51,train,0.1403,15.0,95.438,0.009148,-2.0387
iso15,52,train,0.20465,15.0,75.234,0.011726,-1.9308
iso15,53,train,0.22304,15.0,88.363,0.008977,-2.0469
iso15,54,train,0.11357,15.0,72.508,0.016272,-1.7886
iso15,55,train,0.07402,15.0,85.223,0.062361,-1.2051
iso15,56,train,0.11223,15.0,75.038,0.088426,-1.0534
iso15,57,train,0.14316,15.0,74.322,0.013334,-1.875
iso15,58,train,0.15184,15.0,82.915,0.008789,-2.0561
iso15,59,train,0.22459,15.0,72.635,0.010323,-1.9862
iso15,60,train,0.16399,15.0,82.061,0.03284,-1.4836
iso15,61,train,0.97647,15.0,87.24,3.7e-05,-4.4309
iso15,62,train,0.12964,15.0,82.653,0.028138,-1.5507
iso15,63,train,0.96886,15.0,97.691,2.5e-05,-4.6024
iso15,64,train,0.11515,15.0,74.435,0.017463,-1.7579
iso15,65,train,0.2767,15.0,65.298,0.005786,-2.2376
iso15,66,train,0.17903,15.0,71.172,0.008307,-2.0805
iso15,67,train,0.26134,15.0,76.441,0.005874,-2.2311
iso15,68,train,0.2001,15.0,72.215,0.010328,-1.986
iso15,69,train,0.95887,15.0,86.5,1.6e-05,-4.8087
iso15,70,train,0.09303,15.0,88.809,0.017231,-1.7637
iso15,71,train,0.16214,15.0,85.673,0.005736,-2.2414
iso15,72,train,0.22697,15.0,70.363,0.01117,-1.9519
iso15,73,train,0.25857,15.0,93.388,0.002684,-2.5712
iso15,74,train,0.62499,15.0,92.212,0.002203,-2.657
iso15,75,train,0.13427,15.0,84.282,0.019417,-1.7118
iso15,76,train,0.09331,15.0,79.855,0.027778,-1.5563
iso15,77,train,0.2461,15.0,72.132,0.006772,-2.1693
iso15,78,train,0.10078,15.0,77.623,0.028633,-1.5431
iso15,79,train,0.18608,15.0,86.79,0.008702,-2.0604
iso15,80,train,0.24029,15.0,89.059,0.002676,-2.5724
iso15,81,train,0.21678,15.0,87.994,0.018802,-1.7258
iso15,82,train,0.09248,15.0,75.384,0.036787,-1.4343
iso15,83,train,0.16921,15.0,73.144,0.024922,-1.6034
iso15,84,train,0.1037,15.0,80.175,0.030701,-1.5128
iso15,85,train,0.16354,15.0,97.823,0.013962,-1.8551
iso15,86,train,0.21927,15.0,81.359,0.015758,-1.8025
iso15,87,train,0.52374,15.0,75.463,0.002821,-2.5495
iso15,88,train,0.1784,15.0,75.287,0.013272,-1.8771
iso15,89,train,0.13909,15.0,78.212,0.014017,-1.8533
iso15,90,train,0.22866,15.0,86.29,0.003318,-2.4791
iso15,91,train,0.15813,15.0,89.059,0.011897,-1.9246
iso15,92,train,0.31657,15.0,75.227,0.004074,-2.39
iso15,93,train,0.18453,15.0,77.984,0.004874,-2.3121
iso15,94,train,0.25175,15.0,91.319,0.002989,-2.5245
iso15,95,train,0.17958,15.0,68.178,0.047974,-1.319
iso15,96,train,0.27792,15.0,91.505,0.00433,-2.3635
iso15,97,train,0.21265,15.0,78.571,0.042958,-1.367
iso15,98,train,0.16918,15.0,70.847,0.010744,-1.9688
iso15,99,train,0.1456,15.0,86.673,0.014359,-1.8429
iso15,100,test,0.32781,15.0,94.955,0.001372,-2.8627
iso15,101,test,0.171,15.0,73.95,0.01233,-1.909
iso15,102,test,0.15082,15.0,76.827,0.017329,-1.7612
iso15,103,test,0.07995,15.0,91.161,0.029738,-1.5267
iso15,104,test,0.17244,15.0,83.319,0.008527,-2.0692
iso15,105,test,0.15473,15.0,88.254,0.005176,-2.286
iso15,106,test,0.21116,15.0,69.667,0.007692,-2.114
iso15,107,test,0.18003,15.0,78.519,0.009524,-2.0212
iso15,108,test,0.16913,15.0,73.211,0.054503,-1.2636
iso15,109,test,0.15165,15.0,78.952,0.030656,-1.5135
iso15,110,test,0.16101,15.0,74.627,0.011026,-1.9576
iso15,111,test,0.12346,15.0,67.368,0.026905,-1.5702
iso15,112,test,0.15531,15.0,75.047,0.051315,-1.2898
iso15,113,test,0.16771,15.0,78.922,0.017517,-1.7565
iso15,114,test,0.17115,15.0,66.588,0.009381,-2.0277
iso15,115,test,0.2021,15.0,75.53,0.017223,-1.7639
iso15,116,test,0.57225,15.0,76.554,0.001422,-2.8471
iso15,117,test,0.18403,15.0,80.083,0.012207,-1.9134
iso15,118,test,0.17017,15.0,62.982,0.03487,-1.4575
iso15,119,test,0.48868,15.0,86.083,0.001801,-2.7444
iso15,120,test,0.17623,15.0,87.482,0.013398,-1.873
iso15,121,test,0.21614,15.0,86.206,0.007468,-2.1268
iso15,122,test,0.16458,15.0,75.802,0.016013,-1.7955
iso15,123,test,0.10793,15.0,78.449,0.034439,-1.4629
iso15,124,test,0.17706,15.0,77.736,0.045059,-1.3462
iso15,125,test,0.13363,15.0,81.5,0.053242,-1.2737
iso15,126,test,0.15774,15.0,71.45,0.009603,-2.0176
iso15,127,test,0.23561,15.0,87.447,0.008665,-2.0622
iso15,128,test,0.5968,15.0,102.499,0.002311,-2.6362
iso15,129,test,0.27541,15.0,85.294,0.003448,-2.4625
iso15,130,test,0.43626,15.0,96.033,0.002045,-2.6892
iso15,131,test,0.17113,15.0,81.558,0.011745,-1.9302
iso15,132,test,0.14032,15.0,89.719,0.013211,-1.8791
iso15,133,test,0.17585,15.0,84.604,0.007588,-2.1199
iso15,134,test,0.30642,15.0,83.76,0.0033,-2.4814
iso15,135,test,0.38658,15.0,77.526,0.004975,-2.3032
iso15,136,test,0.19498,15.0,76.44,0.011681,-1.9325
iso15,137,test,0.12407,15.0,83.034,0.053475,-1.2718
iso15,138,test,0.21985,15.0,83.702,0.005388,-2.2686
iso15,139,test,0.15668,15.0,86.796,0.019372,-1.7128
iso15,140,test,0.15579,15.0,77.257,0.011744,-1.9302
iso15,141,test,0.12415,15.0,69.211,0.126126,-0.8992
iso15,142,test,0.09198,15.0,70.544,0.094993,-1.0223
iso15,143,test,0.2217,15.0,77.564,0.005847,-2.233
iso15,144,test,0.18357,15.0,97.123,0.01471,-1.8324
iso15,145,test,0.24069,15.0,97.86,0.003264,-2.4863
iso15,146,test,0.11825,15.0,92.706,0.011333,-1.9456
iso15,147,test,0.21684,15.0,86.029,0.002743,-2.5618
iso15,148,test,0.13964,15.0,81.112,0.021538,-1.6668
iso15,149,test,0.56023,15.0,69.649,0.001258,-2.9002
iso15,150,test,0.23072,15.0,73.106,0.009195,-2.0364
iso15,151,test,0.17529,15.0,86.448,0.007631,-2.1174
iso15,152,test,0.1568,15.0,80.94,0.029442,-1.531
iso15,153,test,0.20239,15.0,74.067,0.028096,-1.5514
iso15,154,test,0.1267,15.0,81.965,0.0253,-1.5969
iso15,155,test,0.36303,15.0,68.051,0.009634,-2.0162
iso15,156,test,0.12108,15.0,82.294,0.031145,-1.5066
iso15,157,test,0.10375,15.0,86.392,0.040762,-1.3897
iso15,158,test,0.12739,15.0,63.776,0.072696,-1.1385
iso15,159,test,0.15119,15.0,93.414,0.017762,-1.7505
iso15,160,test,0.18261,15.0,74.747,0.007306,-2.1363
iso15,161,test,0.20412,15.0,72.259,0.008934,-2.0489
iso15,162,test,0.24274,15.0,77.691,0.004874,-2.3121
iso15,163,test,0.17691,15.0,89.764,0.010443,-1.9812
iso15,164,test,0.12462,15.0,86.626,0.021079,-1.6762
iso15,165,test,0.19926,15.0,77.54,0.00815,-2.0889
iso15,166,test,0.43754,15.0,83.345,0.004504,-2.3464
iso15,167,test,0.40137,15.0,85.988,0.003139,-2.5032
iso15,168,test,0.1637,15.0,82.769,0.016165,-1.7914
iso15,169,test,0.22571,15.0,77.922,0.004572,-2.3399
iso15,170,test,0.25696,15.0,77.953,0.005077,-2.2944
iso15,171,test,0.14118,15.0,83.782,0.020371,-1.691
iso15,172,test,0.25308,15.0,65.875,0.00483,-2.316
iso15,173,test,0.11709,15.0,90.451,0.026426,-1.578
iso15,174,test,0.25165,15.0,82.078,0.009694,-2.0135
iso15,175,test,0.1543,15.0,83.144,0.012418,-1.9059
iso15,176,test,0.22708,15.0,70.576,0.025437,-1.5945
iso15,177,test,0.08288,15.0,94.466,0.018813,-1.7255
iso15,178,test,0.24622,15.0,68.028,0.013462,-1.8709
iso15,179,test,0.21216,15.0,69.502,0.011086,-1.9552
iso15,180,test,0.21537,15.0,80.01,0.010987,-1.9591
iso15,181,test,0.22289,15.0,72.767,0.000867,-3.0618
iso15,182,test,0.20506,15.0,82.069,0.002628,-2.5804
iso15,183,test,0.20582,15.0,83.58,0.011171,-1.9519
iso15,184,test,0.24783,15.0,72.029,0.011147,-1.9528
iso15,185,test,0.12195,15.0,78.097,0.021833,-1.6609
iso15,186,test,0.22533,15.0,82.125,0.007986,-2.0977
iso15,187,test,0.19375,15.0,76.708,0.018538,-1.7319
iso15,188,test,0.26768,15.0,94.119,0.002041,-2.6902
iso15,189,test,0.37392,15.0,78.322,0.007542,-2.1225
iso15,190,test,0.1557,15.0,76.929,0.020842,-1.6811
iso15,191,test,0.46748,15.0,89.447,0.001493,-2.8259
iso15,192,test,0.21525,15.0,84.116,0.007143,-2.1461
iso15,193,test,0.16104,15.0,85.97,0.013221,-1.8787
iso15,194,test,0.13493,15.0,97.625,0.007255,-2.1393
iso15,195,test,0.49385,15.0,84.282,0.000675,-3.1709
iso15,196,test,0.25103,15.0,77.942,0.005831,-2.2343
iso15,197,test,0.35283,15.0,93.319,0.001708,-2.7676
iso15,198,test,0.42015,15.0,77.375,0.00175,-2.757
iso15,199,test,0.2782,15.0,66.557,0.010087,-1.9962
iso30,0,train,0.15992,30.0,84.431,0.024816,-1.6053
iso30,1,train,0.97938,30.0,70.65,0.000602,-3.2201
iso30,2,train,0.13062,30.0,92.215,0.067778,-1.1689
iso30,3,train,0.18308,30.0,83.642,0.040574,-1.3917
iso30,4,train,0.09915,30.0,88.26,0.131342,-0.8816
iso30,5,train,0.12073,30.0,84.961,0.022167,-1.6543
iso30,6,train,0.13272,30.0,70.906,0.077285,-1.1119
iso30,7,train,0.14518,30.0,98.285,0.072673,-1.1386
iso30,8,train,0.14054,30.0,72.23,0.20093,-0.697
iso30,9,train,0.22354,30.0,98.237,0.020885,-1.6802
iso30,10,train,0.07999,30.0,86.299,0.082553,-1.0833
iso30,11,train,0.08472,30.0,94.927,0.192997,-0.7144
iso30,12,train,0.17999,30.0,88.826,0.031045,-1.508
iso30,13,train,0.11304,30.0,86.423,0.433097,-0.3634
iso30,14,train,0.06469,30.0,89.314,0.200238,-0.6985
iso30,15,train,0.22375,30.0,87.805,0.027164,-1.566
iso30,16,train,0.17978,30.0,71.211,0.086632,-1.0623
iso30,17,train,0.09995,30.0,87.423,0.0752,-1.1238
iso30,18,train,0.28431,30.0,82.534,0.027961,-1.5535
iso30,19,train,0.1555,30.0,84.346,0.017338,-1.761
iso30,20,train,0.19782,30.0,85.205,0.050292,-1.2985
iso30,21,train,0.23859,30.0,102.159,0.013286,-1.8766
iso30,22,train,0.13973,30.0,81.926,0.091195,-1.04
iso30,23,train,0.22299,30.0,90.561,0.013712,-1.8629
iso30,24,train,0.19554,30.0,91.086,0.014796,-1.8298
iso30,25,train,0.4424,30.0,86.257,0.005888,-2.23
iso30,26,train,0.11893,30.0,79.234,0.158801,-0.7991
iso30,27,train,0.10878,30.0,83.862,0.090885,-1.0415
iso30,28,train,0.25462,30.0,77.552,0.024946,-1.603
iso30,29,train,0.20046,30.0,102.699,0.035781,-1.4463
iso30,30,train,0.16772,30.0,77.222,0.044341,-1.3532
iso30,31,train,0.08363,30.0,88.665,0.122598,-0.9115
iso30,32,train,0.22418,30.0,70.254,0.050511,-1.2966
iso30,33,train,0.20006,30.0,87.507,0.055447,-1.2561
iso30,34,train,0.13851,30.0,92.241,0.018443,-1.7342
iso30,35,train,0.24717,30.0,67.89,0.03492,-1.4569
iso30,36,train,0.10868,30.0,84.129,0.151563,-0.8194
iso30,37,train,0.13513,30.0,84.315,0.084869,-1.0713
iso30,38,train,0.16907,30.0,84.361,0.032797,-1.4842
iso30,39,train,0.20803,30.0,87.669,0.01781,-1.7493
iso30,40,train,0.07651,30.0,89.27,0.134047,-0.8727
iso30,41,train,0.18084,30.0,85.715,0.109265,-0.9615
iso30,42,train,0.24037,30.0,89.824,0.019701,-1.7055
iso30,43,train,0.1877,30.0,73.443,0.030604,-1.5142
iso30,44,train,0.22733,30.0,84.135,0.01084,-1.965
iso30,45,train,0.17997,30.0,74.448,0.026324,-1.5796
iso30,46,train,0.15778,30.0,85.757,0.039639,-1.4019
iso30,47,train,0.89761,30.0,85.607,0.000176,-3.7542
iso30,48,train,0.12653,30.0,75.693,0.083728,-1.0771
iso30,49,train,0.28908,30.0,90.358,0.036673,-1.4357
iso30,50,train,0.21403,30.0,78.965,0.009636,-2.0161
iso30,51,train,0.12871,30.0,99.186,0.03941,-1.4044
iso30,52,train,0.15694,30.0,78.282,0.014781,-1.8303
iso30,53,train,0.19221,30.0,91.946,0.01855,-1.7317
iso30,54,train,0.13061,30.0,76.74,0.038323,-1.4165
iso30,55,train,0.07405,30.0,88.298,0.30877,-0.5104
iso30,56,train,0.13369,30.0,79.785,0.103731,-0.9841
iso30,57,train,0.15059,30.0,78.428,0.102559,-0.989
iso30,58,train,0.14716,30.0,87.601,0.044644,-1.3502
iso30,59,train,0.20877,30.0,76.97,0.031852,-1.4969
iso30,60,train,0.16354,30.0,85.467,0.071709,-1.1444
iso30,61,train,0.95874,30.0,89.871,0.000108,-3.9682
iso30,62,train,0.14078,30.0,87.572,0.055592,-1.255
iso30,63,train,0.88876,30.0,100.404,0.002101,-2.6776
iso30,64,train,0.12076,30.0,77.111,0.065975,-1.1806
iso30,65,train,0.21249,30.0,72.1,0.035649,-1.448
iso30,66,train,0.09116,30.0,75.769,0.298882,-0.5245
iso30,67,train,0.24025,30.0,79.697,0.026625,-1.5747
iso30,68,train,0.21004,30.0,74.719,0.049292,-1.3072
iso30,69,train,0.90059,30.0,88.68,0.000357,-3.4473
iso30,70,train,0.0879,30.0,91.79,0.095451,-1.0202
iso30,71,train,0.12197,30.0,87.176,0.092816,-1.0324
iso30,72,train,0.2047,30.0,75.899,0.040742,-1.39
iso30,73,train,0.21619,30.0,96.611,0.021718,-1.6632
iso30,74,train,0.53178,30.0,96.752,0.003508,-2.4549
iso30,75,train,0.1199,30.0,88.404,0.107941,-0.9668
iso30,76,train,0.0843,30.0,85.742,0.403461,-0.3942
iso30,77,train,0.22929,30.0,76.171,0.042289,-1.3738
iso30,78,train,0.1124,30.0,82.799,0.20195,-0.6948
iso30,79,train,0.13096,30.0,89.841,0.09743,-1.0113
iso30,80,train,0.26443,30.0,93.31,0.032973,-1.4818
iso30,81,train,0.19456,30.0,92.508,0.034463,-1.4626
iso30,82,train,0.08559,30.0,77.601,0.230967,-0.6364
iso30,83,train,0.13338,30.0,77.08,0.069814,-1.1561
iso30,84,train,0.1194,30.0,85.47,0.060528,-1.218
iso30,85,train,0.15483,30.0,102.315,0.019474,-1.7105
iso30,86,train,0.18066,30.0,85.061,0.038498,-1.4146
iso30,87,train,0.31577,30.0,79.625,0.032806,-1.4841
iso30,88,train,0.20301,30.0,79.348,0.025693,-1.5902
iso30,89,train,0.11361,30.0,82.038,0.107219,-0.9697
iso30,90,train,0.21648,30.0,89.926,0.060584,-1.2176
iso30,91,train,0.15669,30.0,93.121,0.036371,-1.4392
iso30,92,train,0.25077,30.0,80.631,0.068288,-1.1657
iso30,93,train,0.21833,30.0,81.457,0.018127,-1.7417
iso30,94,train,0.2485,30.0,97.679,0.008571,-2.067
iso30,95,train,0.14529,30.0,74.01,0.140271,-0.853
iso30,96,train,0.2209,30.0,94.428,0.027244,-1.5647
iso30,97,train,0.2031,30.0,80.895,0.031496,-1.5018
iso30,98,train,0.17309,30.0,74.232,0.100012,-0.9999
iso30,99,train,0.15892,30.0,89.078,0.048761,-1.3119
iso30,100,test,0.31992,30.0,97.487,0.019799,-1.7034
iso30,101,test,0.16806,30.0,77.461,0.044376,-1.3528
iso30,102,test,0.13561,30.0,79.368,0.028641,-1.543
iso30,103,test,0.07696,30.0,95.266,0.297374,-0.5267
iso30,104,test,0.13484,30.0,89.272,0.042165,-1.375
iso30,105,test,0.13735,30.0,91.435,0.010882,-1.9633
iso30,106,test,0.17295,30.0,75.359,0.032677,-1.4858
iso30,107,test,0.17578,30.0,80.34,0.030292,-1.5187
iso30,108,test,0.14587,30.0,77.238,0.196805,-0.706
iso30,109,test,0.1514,30.0,83.718,0.039473,-1.4037
iso30,110,test,0.14109,30.0,79.822,0.043483,-1.3617
iso30,111,test,0.07101,30.0,71.001,0.223248,-0.6512
iso30,112,test,0.14463,30.0,77.903,0.05402,-1.2674
iso30,113,test,0.13413,30.0,84.043,0.063981,-1.194
iso30,114,test,0.13346,30.0,71.828,0.062604,-1.2034
iso30,115,test,0.12759,30.0,80.147,0.102335,-0.99
iso30,116,test,0.48723,30.0,79.448,0.021639,-1.6648
iso30,117,test,0.1733,30.0,83.84,0.031578,-1.5006
iso30,118,test,0.1689,30.0,67.667,0.048582,-1.3135
iso30,119,test,0.29949,30.0,88.923,0.010044,-1.9981
iso30,120,test,0.15,30.0,90.514,0.15236,-0.8171
iso30,121,test,0.21551,30.0,90.284,0.023115,-1.6361
iso30,122,test,0.14675,30.0,81.183,0.191512,-0.7178
iso30,123,test,0.11319,30.0,81.378,0.182466,-0.7388
iso30,124,test,0.16059,30.0,83.347,0.023657,-1.626
iso30,125,test,0.12332,30.0,84.684,0.097704,-1.0101
iso30,126,test,0.15905,30.0,76.038,0.034503,-1.4621
iso30,127,test,0.2405,30.0,91.13,0.021639,-1.6648
iso30,128,test,0.26068,30.0,106.874,0.012683,-1.8968
iso30,129,test,0.22068,30.0,89.56,0.014706,-1.8325
iso30,130,test,0.47373,30.0,99.587,0.002757,-2.5595
iso30,131,test,0.19678,30.0,83.624,0.030361,-1.5177
iso30,132,test,0.12731,30.0,92.543,0.062798,-1.2021
iso30,133,test,0.17648,30.0,89.063,0.036961,-1.4323
iso30,134,test,0.28697,30.0,90.264,0.014366,-1.8427
iso30,135,test,0.14469,30.0,83.445,0.119736,-0.9218
iso30,136,test,0.22858,30.0,80.37,0.040588,-1.3916
iso30,137,test,0.11991,30.0,86.996,0.043849,-1.358
iso30,138,test,0.18554,30.0,87.872,0.037342,-1.4278
iso30,139,test,0.15527,30.0,91.046,0.048917,-1.3105
iso30,140,test,0.14564,30.0,81.799,0.072035,-1.1425
iso30,141,test,0.10723,30.0,73.364,0.213433,-0.6707
iso30,142,test,0.10041,30.0,74.922,0.36401,-0.4389
iso30,143,test,0.1936,30.0,80.722,0.023571,-1.6276
iso30,144,test,0.18786,30.0,99.71,0.034803,-1.4584
iso30,145,test,0.23487,30.0,102.556,0.009051,-2.0433
iso30,146,test,0.12693,30.0,98.403,0.03746,-1.4264
iso30,147,test,0.22449,30.0,88.758,0.027373,-1.5627
iso30,148,test,0.1284,30.0,85.454,0.078859,-1.1031
iso30,149,test,0.87124,30.0,74.313,0.058143,-1.2355
iso30,150,test,0.19167,30.0,78.208,0.026974,-1.5691
iso30,151,test,0.18436,30.0,90.614,0.041401,-1.383
iso30,152,test,0.08778,30.0,85.466,0.096016,-1.0177
iso30,153,test,0.19003,30.0,78.186,0.045767,-1.3395
iso30,154,test,0.1364,30.0,85.065,0.057505,-1.2403
iso30,155,test,0.29628,30.0,71.831,0.009662,-2.0149
iso30,156,test,0.10323,30.0,87.235,0.096896,-1.0137
iso30,157,test,0.08655,30.0,90.973,0.114783,-0.9401
iso30,158,test,0.13412,30.0,69.29,0.316943,-0.499
iso30,159,test,0.12291,30.0,97.309,0.073921,-1.1312
iso30,160,test,0.15417,30.0,81.366,0.231116,-0.6362
iso30,161,test,0.10653,30.0,77.025,0.204436,-0.6894
iso30,162,test,0.22918,30.0,83.943,0.019355,-1.7132
iso30,163,test,0.11995,30.0,94.454,0.184383,-0.7343
iso30,164,test,0.12618,30.0,89.787,0.071119,-1.148
iso30,165,test,0.18356,30.0,85.81,0.130306,-0.885
iso30,166,test,0.47836,30.0,86.294,0.007435,-2.1287
iso30,167,test,0.3217,30.0,90.537,0.005584,-2.253
iso30,168,test,0.16688,30.0,86.757,0.18641,-0.7295
iso30,169,test,0.20863,30.0,81.526,0.056922,-1.2447
iso30,170,test,0.24851,30.0,81.493,0.015079,-1.8216
iso30,171,test,0.11564,30.0,85.591,0.08262,-1.0829
iso30,172,test,0.20112,30.0,71.57,0.052635,-1.2787
iso30,173,test,0.12583,30.0,93.743,0.079368,-1.1004
iso30,174,test,0.24007,30.0,87.287,0.02467,-1.6078
iso30,175,test,0.14541,30.0,86.478,0.076115,-1.1185
iso30,176,test,0.20147,30.0,75.925,0.048362,-1.3155
iso30,177,test,0.07887,30.0,100.154,0.209696,-0.6784
iso30,178,test,0.24608,30.0,73.607,0.031065,-1.5077
iso30,179,test,0.2049,30.0,76.473,0.05241,-1.2806
iso30,180,test,0.17773,30.0,85.608,0.025355,-1.5959
iso30,181,test,0.1968,30.0,77.161,0.017348,-1.7607
iso30,182,test,0.19404,30.0,86.414,0.016315,-1.7874
iso30,183,test,0.22682,30.0,85.755,0.025841,-1.5877
iso30,184,test,0.18477,30.0,76.428,0.046397,-1.3335
iso30,185,test,0.12772,30.0,82.037,0.035742,-1.4468
iso30,186,test,0.19204,30.0,84.804,0.035808,-1.446
iso30,187,test,0.17591,30.0,81.029,0.121918,-0.9139
iso30,188,test,0.27314,30.0,95.326,0.015243,-1.8169
iso30,189,test,0.44185,30.0,80.538,0.015362,-1.8135
iso30,190,test,0.12003,30.0,83.552,0.072831,-1.1377
iso30,191,test,0.36975,30.0,93.184,0.009541,-2.0204
iso30,192,test,0.15054,30.0,90.92,0.053141,-1.2746
iso30,193,test,0.14703,30.0,87.23,0.061073,-1.2142
iso30,194,test,0.12229,30.0,102.1,0.022281,-1.6521
iso30,195,test,0.40337,30.0,88.405,0.002394,-2.6209
iso30,196,test,0.2275,30.0,82.269,0.033647,-1.473
iso30,197,test,0.32706,30.0,95.07,0.015521,-1.8091
iso30,198,test,0.37593,30.0,81.392,0.013555,-1.8679
iso30,199,test,0.26443,30.0,69.691,0.016401,-1.7851
iso60,0,train,0.09859,60.0,100.347,0.117224,-0.931
iso60,1,train,0.58232,60.0,88.817,0.000647,-3.189
iso60,2,train,0.13153,60.0,105.553,0.212552,-0.6725
iso60,3,train,0.13774,60.0,99.854,0.189182,-0.7231
iso60,4,train,0.10112,60.0,101.109,0.269355,-0.5697
iso60,5,train,0.07635,60.0,97.441,0.227546,-0.6429
iso60,6,train,0.08743,60.0,88.706,1.475588,0.169
iso60,7,train,0.11783,60.0,109.4,0.212593,-0.6725
iso60,8,train,0.10987,60.0,86.657,0.170092,-0.7693
iso60,9,train,0.23074,60.0,112.871,0.0469,-1.3288
iso60,10,train,0.06628,60.0,100.001,0.663962,-0.1779
iso60,11,train,0.11105,60.0,105.162,0.297805,-0.5261
iso60,12,train,0.13834,60.0,104.97,0.220561,-0.6565
iso60,13,train,0.09681,60.0,100.976,0.94915,-0.0227
iso60,14,train,0.05756,60.0,102.694,1.18119,0.0723
iso60,15,train,0.06869,60.0,100.715,0.385891,-0.4135
iso60,16,train,0.11151,60.0,87.775,0.499141,-0.3018
iso60,17,train,0.11618,60.0,100.389,0.3372,-0.4721
iso60,18,train,0.12071,60.0,96.225,0.228047,-0.642
iso60,19,train,0.19268,60.0,98.32,0.070065,-1.1545
iso60,20,train,0.09807,60.0,98.848,0.380629,-0.4195
iso60,21,train,0.1224,60.0,112.417,0.144016,-0.8416
iso60,22,train,0.13081,60.0,95.617,0.182627,-0.7384
iso60,23,train,0.21403,60.0,103.586,0.055012,-1.2595
iso60,24,train,0.20538,60.0,101.151,0.316323,-0.4999
iso60,25,train,0.22601,60.0,100.847,0.070302,-1.153
iso60,26,train,0.18669,60.0,96.146,1.079114,0.0331
iso60,27,train,0.09583,60.0,96.467,0.327824,-0.4844
iso60,28,train,0.17296,60.0,92.445,0.06788,-1.1683
iso60,29,train,0.2089,60.0,114.888,0.071708,-1.1444
iso60,30,train,0.14383,60.0,99.352,0.151573,-0.8194
iso60,31,train,0.08479,60.0,103.102,0.695284,-0.1578
iso60,32,train,0.21495,60.0,87.447,0.089898,-1.0463
iso60,33,train,0.1685,60.0,99.814,0.179603,-0.7457
iso60,34,train,0.1297,60.0,106.883,0.144796,-0.8392
iso60,35,train,0.1522,60.0,86.053,0.176968,-0.7521
iso60,36,train,0.08151,60.0,101.906,0.567148,-0.2463
iso60,37,train,0.11598,60.0,98.106,0.250855,-0.6006
iso60,38,train,0.11494,60.0,97.978,0.4141,-0.3829
iso60,39,train,0.26953,60.0,101.41,0.109171,-0.9619
iso60,40,train,0.06631,60.0,104.368,1.026491,0.0114
iso60,41,train,0.14104,60.0,103.844,0.208853,-0.6802
iso60,42,train,0.06154,60.0,102.622,0.878111,-0.0565
iso60,43,train,0.12461,60.0,92.409,0.234072,-0.6307
iso60,44,train,0.15499,60.0,97.334,0.157431,-0.8029
iso60,45,train,0.12001,60.0,96.033,0.363891,-0.439
iso60,46,train,0.13361,60.0,101.535,0.145821,-0.8362
iso60,47,train,0.14132,60.0,99.737,0.091215,-1.0399
iso60,48,train,0.11444,60.0,91.974,0.310056,-0.5086
iso60,49,train,0.09547,60.0,103.922,0.516401,-0.287
iso60,50,train,0.15694,60.0,93.629,0.091112,-1.0404
iso60,51,train,0.13638,60.0,112.511,0.569166,-0.2448
iso60,52,train,0.12796,60.0,92.886,0.140638,-0.8519
iso60,53,train,0.14926,60.0,107.316,0.105211,-0.9779
iso60,54,train,0.07718,60.0,91.399,0.532177,-0.2739
iso60,55,train,0.07303,60.0,101.822,0.850215,-0.0705
iso60,56,train,0.11276,60.0,94.484,0.242733,-0.6149
iso60,57,train,0.08093,60.0,93.29,0.813246,-0.0898
iso60,58,train,0.0916,60.0,98.145,0.516194,-0.2872
iso60,59,train,0.17841,60.0,96.318,0.189247,-0.723
iso60,60,train,0.09769,60.0,98.117,0.575572,-0.2399
iso60,61,train,0.91053,60.0,102.471,0.001025,-2.9894
iso60,62,train,0.08824,60.0,100.122,0.466329,-0.3313
iso60,63,train,0.91579,60.0,115.934,0.000715,-3.1456
iso60,64,train,0.10634,60.0,93.798,0.23425,-0.6303
iso60,65,train,0.14391,60.0,87.249,0.134132,-0.8725
iso60,66,train,0.10814,60.0,90.449,1.459409,0.1642
iso60,67,train,0.13974,60.0,98.145,0.107911,-0.9669
iso60,68,train,0.14784,60.0,94.167,0.260369,-0.5844
iso60,69,train,0.64962,60.0,104.834,0.001672,-2.7767
iso60,70,train,0.11235,60.0,107.467,4.586431,0.6615
iso60,71,train,0.08836,60.0,104.28,0.370062,-0.4317
iso60,72,train,0.11822,60.0,88.468,0.269799,-0.569
iso60,73,train,0.12304,60.0,109.936,0.417548,-0.3793
iso60,74,train,0.22876,60.0,108.268,0.112645,-0.9483
iso60,75,train,0.10102,60.0,104.182,0.420313,-0.3764
iso60,76,train,0.06379,60.0,101.053,0.569757,-0.2443
iso60,77,train,0.09713,60.0,92.436,0.345962,-0.461
iso60,78,train,0.11282,60.0,99.171,0.303354,-0.518
iso60,79,train,0.13771,60.0,102.286,0.088044,-1.0553
iso60,80,train,0.18749,60.0,106.005,0.048812,-1.3115
iso60,81,train,0.15076,60.0,101.733,0.144035,-0.8415
iso60,82,train,0.06462,60.0,95.283,0.74851,-0.1258
iso60,83,train,0.1006,60.0,98.945,0.520851,-0.2833
iso60,84,train,0.0668,60.0,102.049,0.596442,-0.2244
iso60,85,train,0.12032,60.0,111.827,0.124877,-0.9035
iso60,86,train,0.16302,60.0,99.548,0.182496,-0.7387
iso60,87,train,0.25482,60.0,95.7,0.028219,-1.5495
iso60,88,train,0.17802,60.0,96.685,0.079266,-1.1009
iso60,89,train,0.11318,60.0,96.617,0.323999,-0.4895
iso60,90,train,0.11826,60.0,103.132,0.141475,-0.8493
iso60,91,train,0.15014,60.0,109.833,0.142185,-0.8471
iso60,92,train,0.17885,60.0,93.181,0.141579,-0.849
iso60,93,train,0.15121,60.0,100.182,0.184019,-0.7351
iso60,94,train,0.14143,60.0,108.013,0.149232,-0.8261
iso60,95,train,0.0918,60.0,87.471,0.770499,-0.1132
iso60,96,train,0.19185,60.0,109.618,0.037594,-1.4249
iso60,97,train,0.14068,60.0,99.352,0.135138,-0.8692
iso60,98,train,0.12427,60.0,91.153,0.255977,-0.5918
iso60,99,train,0.13547,60.0,102.719,0.177994,-0.7496
iso60,100,test,0.21504,60.0,110.592,0.123431,-0.9086
iso60,101,test,0.13898,60.0,94.587,0.196066,-0.7076
iso60,102,test,0.11196,60.0,95.989,0.40876,-0.3885
iso60,103,test,0.05945,60.0,107.489,2.280135,0.358
iso60,104,test,0.09641,60.0,98.224,0.282536,-0.5489
iso60,105,test,0.13975,60.0,105.446,0.061664,-1.21
iso60,106,test,0.09028,60.0,89.876,0.256727,-0.5905
iso60,107,test,0.12085,60.0,96.811,0.224925,-0.648
iso60,108,test,0.17819,60.0,92.77,0.535969,-0.2709
iso60,109,test,0.12202,60.0,98.43,0.193657,-0.713
iso60,110,test,0.12742,60.0,93.675,0.655819,-0.1832
iso60,111,test,0.13374,60.0,93.133,0.906273,-0.0427
iso60,112,test,0.10104,60.0,94.984,0.777822,-0.1091
iso60,113,test,0.11428,60.0,97.652,0.149883,-0.8242
iso60,114,test,0.08739,60.0,90.41,0.599961,-0.2219
iso60,115,test,0.10565,60.0,93.923,0.434324,-0.3622
iso60,116,test,0.20767,60.0,92.724,0.022701,-1.644
iso60,117,test,0.13841,60.0,100.796,0.178769,-0.7477
iso60,118,test,0.14421,60.0,85.097,0.148243,-0.829
iso60,119,test,0.43142,60.0,107.62,0.015213,-1.8178
iso60,120,test,0.1561,60.0,103.212,0.479925,-0.3188
iso60,121,test,0.09277,60.0,104.992,0.405263,-0.3923
iso60,122,test,0.11496,60.0,97.927,0.495801,-0.3047
iso60,123,test,0.06318,60.0,96.454,0.441538,-0.355
iso60,124,test,0.12058,60.0,99.136,0.63582,-0.1967
iso60,125,test,0.07815,60.0,99.589,0.645539,-0.1901
iso60,126,test,0.13765,60.0,90.876,0.282546,-0.5489
iso60,127,test,0.21935,60.0,108.25,0.193046,-0.7143
iso60,128,test,0.11567,60.0,119.076,0.065133,-1.1862
iso60,129,test,0.1554,60.0,103.859,0.089411,-1.0486
iso60,130,test,0.28131,60.0,109.67,0.026428,-1.5779
iso60,131,test,0.10686,60.0,100.406,0.614536,-0.2115
iso60,132,test,0.09997,60.0,104.351,0.942674,-0.0256
iso60,133,test,0.16285,60.0,102.094,0.123036,-0.91
iso60,134,test,0.21949,60.0,101.794,0.079053,-1.1021
iso60,135,test,0.10115,60.0,97.683,1.494105,0.1744
iso60,136,test,0.15999,60.0,94.983,0.577313,-0.2386
iso60,137,test,0.10943,60.0,103.591,0.516934,-0.2866
iso60,138,test,0.13092,60.0,104.926,0.286656,-0.5426
iso60,139,test,0.1228,60.0,102.665,0.160201,-0.7953
iso60,140,test,0.11039,60.0,95.077,0.326662,-0.4859
iso60,141,test,0.10111,60.0,92.809,0.476743,-0.3217
iso60,142,test,0.0813,60.0,90.442,0.547143,-0.2619
iso60,143,test,0.14821,60.0,96.115,0.166996,-0.7773
iso60,144,test,0.12398,60.0,113.464,0.116502,-0.9337
iso60,145,test,0.16488,60.0,111.189,0.332843,-0.4778
iso60,146,test,0.11236,60.0,110.028,0.300997,-0.5214
iso60,147,test,0.11246,60.0,103.757,0.267221,-0.5731
iso60,148,test,0.07313,60.0,96.355,0.595584,-0.2251
iso60,149,test,0.50426,60.0,92.523,0.0144,-1.8416
iso60,150,test,0.21415,60.0,95.972,0.083629,-1.0776
iso60,151,test,0.1389,60.0,103.515,0.143562,-0.843
iso60,152,test,0.08202,60.0,98.658,0.252018,-0.5986
iso60,153,test,0.09862,60.0,96.853,2.844196,0.454
iso60,154,test,0.09423,60.0,100.137,0.312099,-0.5057
iso60,155,test,0.21958,60.0,91.584,0.076789,-1.1147
iso60,156,test,0.06632,60.0,100.93,0.845039,-0.0731
iso60,157,test,0.0734,60.0,104.96,0.772391,-0.1122
iso60,158,test,0.09134,60.0,86.758,0.451992,-0.3449
iso60,159,test,0.09959,60.0,111.198,0.2731,-0.5637
iso60,160,test,0.15635,60.0,96.085,0.117836,-0.9287
iso60,161,test,0.12551,60.0,93.205,0.39778,-0.4004
iso60,162,test,0.12314,60.0,95.425,0.234045,-0.6307
iso60,163,test,0.13735,60.0,110.647,0.320837,-0.4937
iso60,164,test,0.07882,60.0,102.175,0.416596,-0.3803
iso60,165,test,0.12943,60.0,94.107,0.101855,-0.992
iso60,166,test,0.18473,60.0,101.385,0.123966,-0.9067
iso60,167,test,0.18391,60.0,101.517,0.053145,-1.2745
iso60,168,test,0.15222,60.0,104.189,0.237626,-0.6241
iso60,169,test,0.13528,60.0,99.322,0.149991,-0.8239
iso60,170,test,0.21743,60.0,97.835,0.319337,-0.4958
iso60,171,test,0.11411,60.0,101.976,0.188704,-0.7242
iso60,172,test,0.15887,60.0,86.981,0.12909,-0.8891
iso60,173,test,0.08886,60.0,107.14,0.223291,-0.6511
iso60,174,test,0.14792,60.0,98.281,0.161105,-0.7929
iso60,175,test,0.10583,60.0,101.749,0.342947,-0.4648
iso60,176,test,0.14886,60.0,89.837,0.406844,-0.3906
iso60,177,test,0.08123,60.0,112.722,0.294202,-0.5314
iso60,178,test,0.18827,60.0,89.009,0.193361,-0.7136
iso60,179,test,0.13126,60.0,93.01,0.176634,-0.7529
iso60,180,test,0.18334,60.0,99.033,0.126226,-0.8989
iso60,181,test,0.1896,60.0,93.472,0.104225,-0.982
iso60,182,test,0.0765,60.0,102.138,0.337696,-0.4715
iso60,183,test,0.1568,60.0,97.077,0.136782,-0.864
iso60,184,test,0.15544,60.0,93.471,0.043906,-1.3575
iso60,185,test,0.09526,60.0,97.721,0.529318,-0.2763
iso60,186,test,0.12127,60.0,99.488,0.180903,-0.7426
iso60,187,test,0.11854,60.0,95.595,0.508768,-0.2935
iso60,188,test,0.21088,60.0,108.4,0.06338,-1.198
iso60,189,test,0.25432,60.0,97.426,0.035953,-1.4443
iso60,190,test,0.12936,60.0,97.642,0.22081,-0.656
iso60,191,test,0.28618,60.0,106.882,0.025746,-1.5893
iso60,192,test,0.1099,60.0,102.948,0.175978,-0.7545
iso60,193,test,0.07459,60.0,100.406,0.501114,-0.3001
iso60,194,test,0.09966,60.0,114.129,0.183193,-0.7371
iso60,195,test,0.34964,60.0,106.73,0.01202,-1.9201
iso60,196,test,0.14359,60.0,98.17,0.086359,-1.0637
iso60,197,test,0.16169,60.0,109.028,0.097434,-1.0113
iso60,198,test,0.20605,60.0,99.498,0.079928,-1.0973
iso60,199,test,0.1464,60.0,86.9,0.225627,-0.6466
iso120,0,train,0.09182,120.0,147.147,0.468296,-0.3295
iso120,1,train,0.25636,120.0,137.39,0.021004,-1.6777
iso120,2,train,0.07198,120.0,153.139,1.264521,0.1019
iso120,3,train,0.1071,120.0,145.024,1.085688,0.0357
iso120,4,train,0.08333,120.0,145.137,1.684404,0.2264
iso120,5,train,0.05894,120.0,136.605,1.839687,0.2647
iso120,6,train,0.07763,120.0,139.003,2.050264,0.3118
iso120,7,train,0.079,120.0,149.691,0.891747,-0.0498
iso120,8,train,0.07645,120.0,133.597,3.309061,0.5197
iso120,9,train,0.14012,120.0,154.136,0.156104,-0.8066
iso120,10,train,0.05541,120.0,145.887,1.18791,0.0748
iso120,11,train,0.09958,120.0,151.693,0.576205,-0.2394
iso120,12,train,0.06728,120.0,147.434,0.910882,-0.0405
iso120,13,train,0.07035,120.0,145.072,1.260674,0.1006
iso120,14,train,0.03281,120.0,148.005,9.374229,0.9719
iso120,15,train,0.07037,120.0,144.132,0.494462,-0.3059
iso120,16,train,0.073,120.0,136.675,1.170753,0.0685
iso120,17,train,0.06992,120.0,146.624,2.798139,0.4469
iso120,18,train,0.08851,120.0,143.553,0.628164,-0.2019
iso120,19,train,0.06709,120.0,144.524,1.120682,0.0495
iso120,20,train,0.04088,120.0,144.309,1.682931,0.2261
iso120,21,train,0.05561,120.0,152.051,2.276237,0.3572
iso120,22,train,0.06958,120.0,140.459,1.448842,0.161
iso120,23,train,0.08668,120.0,144.525,0.917674,-0.0373
iso120,24,train,0.06307,120.0,148.702,0.465753,-0.3318
iso120,25,train,0.07803,120.0,146.572,0.504974,-0.2967
iso120,26,train,0.0567,120.0,135.385,5.392334,0.7318
iso120,27,train,0.05283,120.0,145.723,3.040342,0.4829
iso120,28,train,0.09298,120.0,139.903,0.903627,-0.044
iso120,29,train,0.1188,120.0,154.95,0.618573,-0.2086
iso120,30,train,0.07265,120.0,139.715,1.480062,0.1703
iso120,31,train,0.07299,120.0,149.676,1.3858,0.1417
iso120,32,train,0.08364,120.0,136.298,1.795658,0.2542
iso120,33,train,0.07797,120.0,146.405,0.795618,-0.0993
iso120,34,train,0.08761,120.0,152.624,1.10255,0.0424
iso120,35,train,0.07491,120.0,132.097,3.864091,0.587
iso120,36,train,0.05831,120.0,143.293,1.792083,0.2534
iso120,37,train,0.08545,120.0,140.947,0.949729,-0.0224
iso120,38,train,0.06465,120.0,142.616,1.847327,0.2665
iso120,39,train,0.1178,120.0,141.463,0.304263,-0.5168
iso120,40,train,0.11271,120.0,149.893,3.102863,0.4918
iso120,41,train,0.08809,120.0,148.394,0.78153,-0.1071
iso120,42,train,0.0731,120.0,150.654,3.356384,0.5259
iso120,43,train,0.05712,120.0,138.449,4.099741,0.6128
iso120,44,train,0.1244,120.0,144.583,0.339573,-0.4691
iso120,45,train,0.08464,120.0,138.547,3.096284,0.4908
iso120,46,train,0.07642,120.0,145.404,0.912741,-0.0397
iso120,47,train,0.03308,120.0,144.528,7.214631,0.8582
iso120,48,train,0.0647,120.0,138.471,1.943428,0.2886
iso120,49,train,0.09539,120.0,146.868,0.244981,-0.6109
iso120,50,train,0.10099,120.0,138.71,0.688753,-0.1619
iso120,51,train,0.07917,120.0,154.832,1.26893,0.1034
iso120,52,train,0.07252,120.0,137.409,4.123736,0.6153
iso120,53,train,0.09005,120.0,150.335,0.951885,-0.0214
iso120,54,train,0.05941,120.0,139.595,3.897103,0.5907
iso120,55,train,0.06031,120.0,146.169,3.138815,0.4968
iso120,56,train,0.09878,120.0,138.806,0.598195,-0.2232
iso120,57,train,0.07065,120.0,139.546,1.558673,0.1928
iso120,58,train,0.07939,120.0,145.859,0.589604,-0.2294
iso120,59,train,0.0956,120.0,144.796,0.827745,-0.0821
iso120,60,train,0.07281,120.0,143.517,4.045768,0.607
iso120,61,train,0.04001,120.0,151.027,2.588295,0.413
iso120,62,train,0.0837,120.0,144.533,1.894397,0.2775
iso120,63,train,0.045,120.0,157.349,0.92016,-0.0361
iso120,64,train,0.11943,120.0,141.261,1.614045,0.2079
iso120,65,train,0.10289,120.0,136.958,0.45085,-0.346
iso120,66,train,0.71051,120.0,138.242,7.342157,0.8658
iso120,67,train,0.08556,120.0,141.983,1.302771,0.1149
iso120,68,train,0.06398,120.0,139.345,0.993712,-0.0027
iso120,69,train,0.06265,120.0,147.93,6.904236,0.8391
iso120,70,train,0.04801,120.0,148.171,4.399416,0.6434
iso120,71,train,0.05224,120.0,148.86,8.57582,0.9333
iso120,72,train,0.10324,120.0,137.304,1.732725,0.2387
iso120,73,train,0.10703,120.0,152.531,0.382474,-0.4174
iso120,74,train,0.16791,120.0,155.313,0.304489,-0.5164
iso120,75,train,0.06218,120.0,143.582,3.61244,0.5578
iso120,76,train,0.07543,120.0,143.807,2.136787,0.3298
iso120,77,train,0.11475,120.0,143.643,0.483075,-0.316
iso120,78,train,0.06853,120.0,142.698,0.773278,-0.1117
iso120,79,train,0.08172,120.0,143.725,0.762061,-0.118
iso120,80,train,0.10125,120.0,149.398,0.586293,-0.2319
iso120,81,train,0.07008,120.0,145.311,1.430667,0.1555
iso120,82,train,0.06619,120.0,141.452,5.219265,0.7176
iso120,83,train,0.05956,120.0,139.837,1.987242,0.2983
iso120,84,train,0.05366,120.0,143.848,4.097623,0.6125
iso120,85,train,0.07895,120.0,153.529,0.989336,-0.0047
iso120,86,train,0.07773,120.0,145.435,1.155101,0.0626
iso120,87,train,0.08182,120.0,139.974,1.253013,0.098
iso120,88,train,0.11421,120.0,141.559,2.247054,0.3516
iso120,89,train,0.06991,120.0,144.073,1.491425,0.1736
iso120,90,train,0.0727,120.0,147.75,1.757117,0.2448
iso120,91,train,0.05679,120.0,152.428,1.219176,0.0861
iso120,92,train,0.0709,120.0,141.108,0.887872,-0.0516
iso120,93,train,0.06829,120.0,144.448,2.456628,0.3903
iso120,94,train,0.05132,120.0,149.911,1.889685,0.2764
iso120,95,train,0.08592,120.0,139.404,1.052323,0.0221
iso120,96,train,0.09837,120.0,148.994,0.920159,-0.0361
iso120,97,train,0.0649,120.0,139.885,1.966157,0.2936
iso120,98,train,0.10256,120.0,139.468,1.579335,0.1985
iso120,99,train,0.06745,120.0,145.204,1.729881,0.238
iso120,100,test,0.0612,120.0,157.445,4.824725,0.6835
iso120,101,test,0.08696,120.0,140.525,0.619452,-0.208
iso120,102,test,0.04976,120.0,135.521,3.406507,0.5323
iso120,103,test,0.06879,120.0,149.295,3.211314,0.5067
iso120,104,test,0.09599,120.0,149.526,0.406271,-0.3912
iso120,105,test,0.1103,120.0,146.362,4.66491,0.6688
iso120,106,test,0.07327,120.0,138.763,1.832237,0.263
iso120,107,test,0.07704,120.0,150.006,1.663315,0.221
iso120,108,test,0.03726,120.0,137.4,2.056006,0.313
iso120,109,test,0.06656,120.0,141.517,1.047645,0.0202
iso120,110,test,0.0817,120.0,138.006,1.149884,0.0607
iso120,111,test,0.06712,120.0,137.15,1.900425,0.2789
iso120,112,test,0.10512,120.0,139.513,1.312205,0.118
iso120,113,test,0.08146,120.0,145.314,1.09928,0.0411
iso120,114,test,0.07543,120.0,134.322,0.815636,-0.0885
iso120,115,test,0.06934,120.0,141.721,1.338139,0.1265
iso120,116,test,0.07838,120.0,142.099,0.516232,-0.2872
iso120,117,test,0.08852,120.0,142.899,1.136135,0.0554
iso120,118,test,0.08774,120.0,134.081,0.894842,-0.0483
iso120,119,test,0.14468,120.0,144.488,0.177898,-0.7498
iso120,120,test,0.08505,120.0,148.931,0.732163,-0.1354
iso120,121,test,0.05684,120.0,144.722,0.905192,-0.0433
iso120,122,test,0.06629,120.0,141.863,1.511109,0.1793
iso120,123,test,0.06249,120.0,142.682,2.154624,0.3334
iso120,124,test,0.10312,120.0,145.313,0.804554,-0.0944
iso120,125,test,0.05541,120.0,141.724,2.57976,0.4116
iso120,126,test,0.07114,120.0,138.423,1.32734,0.123
iso120,127,test,0.08537,120.0,148.217,0.758687,-0.1199
iso120,128,test,0.07288,120.0,157.608,6.417544,0.8074
iso120,129,test,0.05645,120.0,146.164,3.025496,0.4808
iso120,130,test,0.17608,120.0,150.419,0.17517,-0.7565
iso120,131,test,0.07704,120.0,142.874,0.54349,-0.2648
iso120,132,test,0.08638,120.0,142.675,1.021935,0.0094
iso120,133,test,0.13376,120.0,142.634,0.297122,-0.5271
iso120,134,test,0.14604,120.0,148.19,0.175978,-0.7545
iso120,135,test,0.05388,120.0,140.438,5.039598,0.7024
iso120,136,test,0.11553,120.0,141.17,0.491659,-0.3083
iso120,137,test,0.13263,120.0,142.709,2.409858,0.382
iso120,138,test,0.07869,120.0,145.812,1.275253,0.1056
iso120,139,test,0.05607,120.0,143.988,1.120756,0.0495
iso120,140,test,0.0926,120.0,145.541,1.392562,0.1438
iso120,141,test,0.07601,120.0,137.924,1.260094,0.1004
iso120,142,test,0.0659,120.0,136.307,1.044819,0.019
iso120,143,test,0.09946,120.0,139.068,1.174194,0.0697
iso120,144,test,0.06988,120.0,156.039,2.405637,0.3812
iso120,145,test,0.0914,120.0,155.578,1.844116,0.2658
iso120,146,test,0.07284,120.0,156.016,1.08605,0.0358
iso120,147,test,0.05459,120.0,142.727,3.476705,0.5412
iso120,148,test,0.06581,120.0,145.292,1.268834,0.1034
iso120,149,test,0.21095,120.0,138.58,0.042158,-1.3751
iso120,150,test,0.13329,120.0,139.179,0.508673,-0.2936
iso120,151,test,0.1077,120.0,149.27,1.315173,0.119
iso120,152,test,0.06933,120.0,142.512,1.306736,0.1162
iso120,153,test,0.05843,120.0,138.042,1.482668,0.171
iso120,154,test,0.05119,120.0,143.364,1.920095,0.2833
iso120,155,test,0.16022,120.0,138.156,0.211677,-0.6743
iso120,156,test,0.05931,120.0,146.044,2.146336,0.3317
iso120,157,test,0.06588,120.0,146.432,1.323086,0.1216
iso120,158,test,0.07603,120.0,135.384,1.528921,0.1844
iso120,159,test,0.0956,120.0,151.416,0.684915,-0.1644
iso120,160,test,0.05889,120.0,143.446,1.745366,0.2419
iso120,161,test,0.10958,120.0,139.321,0.64379,-0.1913
iso120,162,test,0.0786,120.0,144.228,1.293172,0.1117
iso120,163,test,0.09616,120.0,149.639,0.621927,-0.2063
iso120,164,test,0.08239,120.0,150.473,1.40276,0.147
iso120,165,test,0.09743,120.0,139.303,0.330573,-0.4807
iso120,166,test,0.08529,120.0,145.6,0.755625,-0.1217
iso120,167,test,0.19125,120.0,148.671,0.169404,-0.7711
iso120,168,test,0.09862,120.0,145.207,1.753843,0.244
iso120,169,test,0.068,120.0,138.614,1.309427,0.1171
iso120,170,test,0.10416,120.0,138.512,1.06094,0.0257
iso120,171,test,0.07546,120.0,146.951,1.350562,0.1305
iso120,172,test,0.09334,120.0,137.671,0.465743,-0.3319
iso120,173,test,0.06498,120.0,153.196,1.432225,0.156
iso120,174,test,0.0922,120.0,144.551,0.401984,-0.3958
iso120,175,test,0.10561,120.0,146.328,0.696727,-0.1569
iso120,176,test,0.09676,120.0,138.945,0.871325,-0.0598
iso120,177,test,0.05465,120.0,149.074,5.185631,0.7148
iso120,178,test,0.08026,120.0,135.466,1.215055,0.0846
iso120,179,test,0.09387,120.0,136.889,0.833942,-0.0789
iso120,180,test,0.07351,120.0,141.627,2.481898,0.3948
iso120,181,test,0.05355,120.0,138.629,4.393169,0.6428
iso120,182,test,0.04042,120.0,145.078,2.153902,0.3332
iso120,183,test,0.11916,120.0,142.454,0.513401,-0.2895
iso120,184,test,0.07308,120.0,134.737,2.166107,0.3357
iso120,185,test,0.08396,120.0,141.451,1.164539,0.0662
iso120,186,test,0.07377,120.0,141.716,1.772121,0.2485
iso120,187,test,0.07744,120.0,146.933,1.40353,0.1472
iso120,188,test,0.06374,120.0,151.913,1.002739,0.0012
iso120,189,test,0.11753,120.0,144.7,0.577168,-0.2387
iso120,190,test,0.05016,120.0,143.993,2.692453,0.4301
iso120,191,test,0.06471,120.0,146.083,0.794651,-0.0998
iso120,192,test,0.12259,120.0,144.163,0.668454,-0.1749
iso120,193,test,0.12712,120.0,145.658,0.695635,-0.1576
iso120,194,test,0.06752,120.0,151.376,3.119147,0.494
iso120,195,test,0.05074,120.0,145.943,9.350239,0.9708
iso120,196,test,0.08216,120.0,139.347,0.627311,-0.2025
iso120,197,test,0.09768,120.0,149.653,0.312498,-0.5052
iso120,198,test,0.07031,120.0,145.054,0.38863,-0.4105
iso120,199,test,0.12873,120.0,137.547,0.473863,-0.3243
