condition,src,plateau_auc_low,dist_to_source,l0,ref_at_dist,residual
real,100,0.35033,0.0,319,,
real,101,0.16106,0.0,115,,
real,102,0.16967,0.0,115,,
real,103,0.09151,0.0,76,,
real,104,0.19414,0.0,77,,
real,105,0.27136,0.0,37,,
real,106,0.25709,0.0,97,,
real,107,0.17993,0.0,44,,
real,108,0.18137,0.0,66,,
real,109,0.20995,0.0,39,,
real,110,0.21822,0.0,229,,
real,111,0.13892,0.0,225,,
real,112,0.16655,0.0,183,,
real,113,0.15025,0.0,149,,
real,114,0.18808,0.0,59,,
real,115,0.21817,0.0,515,,
real,116,0.61039,0.0,75,,
real,117,0.1603,0.0,316,,
real,118,0.21277,0.0,157,,
real,119,0.58279,0.0,24,,
real,120,0.23644,0.0,97,,
real,121,0.21442,0.0,845,,
real,122,0.1737,0.0,177,,
real,123,0.12266,0.0,195,,
real,124,0.19722,0.0,193,,
real,125,0.11882,0.0,58,,
real,126,0.19281,0.0,94,,
real,127,0.28949,0.0,453,,
real,128,0.52931,0.0,878,,
real,129,0.26667,0.0,66,,
real,130,0.43512,0.0,55,,
real,131,0.1999,0.0,113,,
real,132,0.17419,0.0,159,,
real,133,0.17716,0.0,119,,
real,134,0.34636,0.0,264,,
real,135,0.34178,0.0,112,,
real,136,0.24459,0.0,314,,
real,137,0.16895,0.0,55,,
real,138,0.22996,0.0,41,,
real,139,0.19019,0.0,223,,
real,140,0.14733,0.0,116,,
real,141,0.20282,0.0,46,,
real,142,0.13677,0.0,154,,
real,143,0.25498,0.0,60,,
real,144,0.17571,0.0,46,,
real,145,0.29848,0.0,147,,
real,146,0.1174,0.0,79,,
real,147,0.2499,0.0,63,,
real,148,0.1489,0.0,35,,
real,149,0.64709,0.0,167,,
real,150,0.21448,0.0,102,,
real,151,0.18031,0.0,67,,
real,152,0.16631,0.0,96,,
real,153,0.18181,0.0,975,,
real,154,0.14335,0.0,40,,
real,155,0.31058,0.0,161,,
real,156,0.12123,0.0,63,,
real,157,0.10717,0.0,133,,
real,158,0.13887,0.0,199,,
real,159,0.13728,0.0,268,,
real,160,0.18917,0.0,158,,
real,161,0.19147,0.0,173,,
real,162,0.20489,0.0,320,,
real,163,0.2048,0.0,171,,
real,164,0.12928,0.0,115,,
real,165,0.18667,0.0,527,,
real,166,0.57513,0.0,141,,
real,167,0.40665,0.0,190,,
real,168,0.14696,0.0,62,,
real,169,0.17623,0.0,266,,
real,170,0.22609,0.0,131,,
real,171,0.14309,0.0,50,,
real,172,0.26349,0.0,241,,
real,173,0.15019,0.0,88,,
real,174,0.23509,0.0,222,,
real,175,0.14919,0.0,195,,
real,176,0.26068,0.0,66,,
real,177,0.06843,0.0,28,,
real,178,0.20156,0.0,33,,
real,179,0.15788,0.0,268,,
real,180,0.19696,0.0,288,,
real,181,0.14649,0.0,36,,
real,182,0.25118,0.0,499,,
real,183,0.2497,0.0,48,,
real,184,0.22007,0.0,271,,
real,185,0.14585,0.0,48,,
real,186,0.22309,0.0,19,,
real,187,0.15522,0.0,71,,
real,188,0.23908,0.0,252,,
real,189,0.52768,0.0,76,,
real,190,0.15168,0.0,500,,
real,191,0.44887,0.0,119,,
real,192,0.19587,0.0,86,,
real,193,0.18384,0.0,73,,
real,194,0.19965,0.0,76,,
real,195,0.81778,0.0,24,,
real,196,0.29366,0.0,150,,
real,197,0.41837,0.0,97,,
real,198,0.44084,0.0,101,,
real,199,0.26173,0.0,126,,
recon,100,0.30796,81.621,319,0.15514,0.15282
recon,101,0.16415,35.146,115,0.18281,-0.01866
recon,102,0.17056,33.424,115,0.18463,-0.01407
recon,103,0.07593,40.622,76,0.17757,-0.10164
recon,104,0.15231,44.684,77,0.17412,-0.0218
recon,105,0.29112,38.547,37,0.17947,0.11165
recon,106,0.28571,34.755,97,0.18322,0.1025
recon,107,0.15563,47.237,44,0.17211,-0.01648
recon,108,0.18017,37.838,66,0.18014,3e-05
recon,109,0.19989,53.625,39,0.16752,0.03237
recon,110,0.2427,63.488,229,0.16192,0.08077
recon,111,0.15218,55.377,225,0.16635,-0.01417
recon,112,0.19607,42.584,183,0.17586,0.02021
recon,113,0.1522,54.463,149,0.16695,-0.01475
recon,114,0.16319,34.188,59,0.18381,-0.02063
recon,115,0.24835,131.168,515,0.14474,0.10361
recon,116,0.78759,34.681,75,0.18329,0.60429
recon,117,0.15305,77.061,316,0.15669,-0.00365
recon,118,0.23415,35.785,157,0.18216,0.05199
recon,119,0.65801,55.583,24,0.16622,0.49179
recon,120,0.22965,36.4,97,0.18154,0.04811
recon,121,0.21415,246.62,845,0.14474,0.06941
recon,122,0.19774,41.536,177,0.17676,0.02097
recon,123,0.13747,49.371,195,0.17051,-0.03303
recon,124,0.21825,44.977,193,0.17388,0.04437
recon,125,0.09851,47.334,58,0.17203,-0.07352
recon,126,0.23176,26.843,94,0.18964,0.04212
recon,127,0.28292,180.577,453,0.14474,0.13818
recon,128,0.13133,256.818,878,0.14474,-0.01341
recon,129,0.26642,55.482,66,0.16628,0.10013
recon,130,0.27141,54.826,55,0.16671,0.1047
recon,131,0.20581,37.085,113,0.18087,0.02494
recon,132,0.21103,53.177,159,0.16782,0.04321
recon,133,0.24387,37.236,119,0.18072,0.06315
recon,134,0.39354,76.157,264,0.15701,0.23653
recon,135,0.32322,42.706,112,0.17576,0.14746
recon,136,0.32554,74.746,314,0.15752,0.16802
recon,137,0.18378,31.143,55,0.18719,-0.00341
recon,138,0.1973,60.392,41,0.16327,0.03403
recon,139,0.21969,58.961,223,0.16408,0.05561
recon,140,0.14348,41.048,116,0.17719,-0.03371
recon,141,0.1982,42.202,46,0.17619,0.02201
recon,142,0.1398,52.077,154,0.16858,-0.02877
recon,143,0.23598,31.399,60,0.18689,0.04909
recon,144,0.14765,53.559,46,0.16756,-0.01991
recon,145,0.37739,47.57,147,0.17185,0.20553
recon,146,0.09302,54.067,79,0.16722,-0.07419
recon,147,0.20929,42.128,63,0.17625,0.03304
recon,148,0.15353,40.499,35,0.17768,-0.02415
recon,149,0.57629,76.605,167,0.15686,0.41944
recon,150,0.24367,30.835,102,0.18755,0.05613
recon,151,0.17765,43.374,67,0.1752,0.00246
recon,152,0.14055,33.445,96,0.18461,-0.04406
recon,153,0.1433,255.143,975,0.14474,-0.00144
recon,154,0.16036,49.79,40,0.1702,-0.00984
recon,155,0.33483,71.315,161,0.15879,0.17605
recon,156,0.11841,31.208,63,0.18711,-0.0687
recon,157,0.10699,39.817,133,0.17829,-0.0713
recon,158,0.16671,51.762,199,0.1688,-0.00209
recon,159,0.14414,80.491,268,0.15552,-0.01138
recon,160,0.20154,37.966,158,0.18002,0.02152
recon,161,0.2162,53.951,173,0.1673,0.0489
recon,162,0.23557,99.234,320,0.14987,0.0857
recon,163,0.21595,41.429,171,0.17686,0.0391
recon,164,0.13383,43.082,115,0.17544,-0.04161
recon,165,0.18714,131.708,527,0.14474,0.0424
recon,166,0.52109,41.343,141,0.17693,0.34416
recon,167,0.43239,54.946,190,0.16663,0.26575
recon,168,0.14282,37.373,62,0.18059,-0.03777
recon,169,0.17254,83.876,266,0.15441,0.01813
recon,170,0.23309,46.016,131,0.17306,0.06004
recon,171,0.12725,58.733,50,0.16422,-0.03697
recon,172,0.27452,110.71,241,0.14692,0.12761
recon,173,0.15708,39.75,88,0.17835,-0.02127
recon,174,0.26069,61.983,222,0.16257,0.09812
recon,175,0.15932,49.951,195,0.17008,-0.01077
recon,176,0.26636,35.108,66,0.18285,0.08351
recon,177,0.07874,22.068,28,0.19157,-0.11283
recon,178,0.19107,29.386,33,0.18875,0.00232
recon,179,0.17645,73.885,268,0.15783,0.01862
recon,180,0.24101,73.316,288,0.15804,0.08297
recon,181,0.61257,46.692,36,0.17253,0.44005
recon,182,0.3137,119.997,499,0.14474,0.16895
recon,183,0.23183,34.202,48,0.1838,0.04803
recon,184,0.19209,70.146,271,0.15923,0.03286
recon,185,0.1105,64.311,48,0.16158,-0.05108
recon,186,0.18074,50.754,19,0.16951,0.01123
recon,187,0.14975,31.228,71,0.18709,-0.03734
recon,188,0.22086,69.228,252,0.15959,0.06127
recon,189,0.63146,41.11,76,0.17714,0.45432
recon,190,0.16418,124.411,500,0.14474,0.01944
recon,191,0.482,41.033,119,0.1772,0.30479
recon,192,0.1932,42.409,86,0.17601,0.01719
recon,193,0.1652,40.019,73,0.17811,-0.01291
recon,194,0.20666,39.877,76,0.17824,0.02842
recon,195,0.15948,55.184,24,0.16648,-0.007
recon,196,0.25914,39.651,150,0.17844,0.0807
recon,197,0.16767,37.498,97,0.18047,-0.01279
recon,198,0.35848,35.629,101,0.18232,0.17616
recon,199,0.29798,47.993,126,0.17153,0.12644
naive,100,0.06831,102.268,113,0.14906,-0.08075
naive,101,0.08073,88.429,63,0.15298,-0.07225
naive,102,0.10262,113.301,190,0.14629,-0.04367
naive,103,0.1165,101.781,127,0.14919,-0.03269
naive,104,0.08057,96.047,59,0.15075,-0.07019
naive,105,0.09508,115.219,193,0.14584,-0.05076
naive,106,0.07692,103.928,225,0.14862,-0.0717
naive,107,0.09098,92.568,71,0.15175,-0.06077
naive,108,0.09837,107.379,86,0.14774,-0.04937
naive,109,0.0906,89.108,177,0.15277,-0.06217
naive,110,0.07514,92.982,101,0.15163,-0.07649
naive,111,0.11737,101.893,195,0.14916,-0.03178
naive,112,0.11718,85.873,76,0.15377,-0.0366
naive,113,0.09882,123.162,313,0.14474,-0.04592
naive,114,0.0934,81.485,76,0.15519,-0.06179
naive,115,0.1061,93.224,208,0.15156,-0.04546
naive,116,0.09035,115.799,146,0.1457,-0.05535
naive,117,0.14977,102.613,106,0.14897,0.0008
naive,118,0.12195,103.307,257,0.14878,-0.02683
naive,119,0.07714,106.397,58,0.14799,-0.07085
naive,120,0.20123,101.604,40,0.14923,0.052
naive,121,0.07454,84.396,112,0.15424,-0.0797
naive,122,0.1242,85.938,131,0.15375,-0.02955
naive,123,0.07817,88.072,113,0.15309,-0.07492
naive,124,0.19455,121.684,222,0.14474,0.04981
naive,125,0.1199,104.135,116,0.14857,-0.02867
naive,126,0.0965,74.573,57,0.15758,-0.06108
naive,127,0.08957,88.986,67,0.15281,-0.06324
naive,128,0.07602,110.952,298,0.14686,-0.07083
naive,129,0.09189,99.843,75,0.1497,-0.05781
naive,130,0.08883,139.642,568,0.14474,-0.05592
naive,131,0.11043,97.775,264,0.15027,-0.03984
naive,132,0.09508,140.104,319,0.14474,-0.04966
naive,133,0.0791,104.793,159,0.1484,-0.0693
naive,134,0.10748,85.967,31,0.15374,-0.04626
naive,135,0.10459,96.392,41,0.15065,-0.04607
naive,136,0.13687,84.679,76,0.15415,-0.01728
naive,137,0.10516,92.157,101,0.15187,-0.04671
naive,138,0.26101,98.21,268,0.15015,0.11086
naive,139,0.14564,124.201,571,0.14474,0.0009
naive,140,0.0698,97.43,28,0.15037,-0.08057
naive,141,0.08492,95.493,62,0.15091,-0.06599
naive,142,0.08898,106.225,108,0.14803,-0.05906
naive,143,0.1067,84.733,108,0.15413,-0.04744
naive,144,0.11945,134.751,545,0.14474,-0.02529
naive,145,0.08807,122.009,158,0.14474,-0.05668
naive,146,0.11841,161.97,571,0.14474,-0.02633
naive,147,0.0979,95.586,63,0.15088,-0.05298
naive,148,0.09413,95.844,66,0.15081,-0.05668
naive,149,0.08151,92.573,75,0.15175,-0.07024
naive,150,0.09692,104.6,62,0.14845,-0.05153
naive,151,0.10132,113.819,115,0.14617,-0.04485
naive,152,0.07567,86.837,55,0.15347,-0.07781
naive,153,0.10385,91.319,97,0.15211,-0.04826
naive,154,0.07183,99.129,146,0.1499,-0.07807
naive,155,0.08483,81.646,59,0.15514,-0.0703
naive,156,0.10127,94.967,63,0.15106,-0.04979
naive,157,0.09204,111.045,320,0.14684,-0.05479
naive,158,0.13219,112.443,269,0.1465,-0.01431
naive,159,0.11579,97.493,66,0.15035,-0.03456
naive,160,0.08255,74.519,62,0.1576,-0.07505
naive,161,0.13307,86.412,147,0.1536,-0.02053
naive,162,0.13816,189.696,975,0.14474,-0.00658
naive,163,0.15952,125.116,87,0.14474,0.01478
naive,164,0.14067,154.406,571,0.14474,-0.00407
naive,165,0.08239,89.64,96,0.15261,-0.07022
naive,166,0.0937,88.844,60,0.15285,-0.05915
naive,167,0.12801,86.381,97,0.15361,-0.0256
naive,168,0.12581,97.838,28,0.15025,-0.02444
naive,169,0.132,85.212,95,0.15398,-0.02198
naive,170,0.09266,103.808,119,0.14865,-0.05599
naive,171,0.07529,129.1,264,0.14474,-0.06945
naive,172,0.15251,136.393,515,0.14474,0.00777
naive,173,0.08932,88.944,41,0.15282,-0.06351
naive,174,0.08764,82.688,75,0.15479,-0.06715
naive,175,0.10825,86.395,39,0.15361,-0.04535
naive,176,0.10472,86.778,127,0.15349,-0.04877
naive,177,0.08922,102.174,127,0.14908,-0.05987
naive,178,0.11413,141.599,571,0.14474,-0.03062
naive,179,0.12698,68.204,55,0.15999,-0.03301
naive,180,0.0737,86.323,101,0.15363,-0.07993
naive,181,0.06533,119.156,97,0.14493,-0.0796
naive,182,0.11726,88.777,76,0.15288,-0.03562
naive,183,0.1022,81.007,135,0.15535,-0.05315
naive,184,0.17827,87.771,80,0.15318,0.02509
naive,185,0.12602,115.27,96,0.14583,-0.0198
naive,186,0.10116,99.355,208,0.14984,-0.04868
naive,187,0.10296,97.604,48,0.15032,-0.04736
naive,188,0.14657,97.324,252,0.15039,-0.00382
naive,189,0.07116,116.52,116,0.14554,-0.07437
naive,190,0.07124,98.542,133,0.15006,-0.07882
naive,191,0.10348,90.222,137,0.15244,-0.04896
naive,192,0.11994,98.065,66,0.15019,-0.03025
naive,193,0.07985,94.579,80,0.15117,-0.07132
naive,194,0.10314,121.44,314,0.14474,-0.0416
naive,195,0.08418,112.125,59,0.14657,-0.0624
naive,196,0.09342,87.805,37,0.15317,-0.05975
naive,197,0.1054,113.219,146,0.14631,-0.04091
naive,198,0.13535,110.117,66,0.14706,-0.01171
naive,199,0.09889,76.604,80,0.15686,-0.05797
sparse_match,100,0.07261,125.536,319,0.14474,-0.07213
sparse_match,101,0.06284,100.195,115,0.14961,-0.08677
sparse_match,102,0.10257,92.003,115,0.15191,-0.04935
sparse_match,103,0.07471,93.316,76,0.15153,-0.07682
sparse_match,104,0.08306,97.914,77,0.15023,-0.06717
sparse_match,105,0.22824,116.395,37,0.14557,0.08268
sparse_match,106,0.08791,100.971,97,0.1494,-0.06149
sparse_match,107,0.08069,98.021,44,0.1502,-0.06951
sparse_match,108,0.09712,111.861,66,0.14664,-0.04952
sparse_match,109,0.09562,86.857,39,0.15347,-0.05784
sparse_match,110,0.1685,97.265,229,0.15041,0.01808
sparse_match,111,0.14548,111.732,225,0.14667,-0.00119
sparse_match,112,0.1278,102.325,183,0.14904,-0.02125
sparse_match,113,0.1367,118.14,149,0.14516,-0.00846
sparse_match,114,0.11559,79.065,59,0.156,-0.04041
sparse_match,115,0.11865,96.654,515,0.15058,-0.03193
sparse_match,116,0.08202,123.095,75,0.14474,-0.06272
sparse_match,117,0.08388,93.747,316,0.15141,-0.06753
sparse_match,118,0.09713,77.765,157,0.15645,-0.05932
sparse_match,119,0.14259,116.268,24,0.14559,-0.003
sparse_match,120,0.08903,99.623,97,0.14976,-0.06073
sparse_match,121,0.1027,129.091,845,0.14474,-0.04204
sparse_match,122,0.2067,102.448,177,0.14901,0.05769
sparse_match,123,0.08,90.905,195,0.15224,-0.07223
sparse_match,124,0.11623,96.814,193,0.15054,-0.0343
sparse_match,125,0.08093,106.556,58,0.14795,-0.06702
sparse_match,126,0.10391,78.323,94,0.15626,-0.05235
sparse_match,127,0.11251,113.607,453,0.14622,-0.03371
sparse_match,128,0.15305,152.313,878,0.14474,0.00831
sparse_match,129,0.10279,101.024,66,0.14939,-0.0466
sparse_match,130,0.08157,102.037,55,0.14912,-0.06755
sparse_match,131,0.12307,87.727,113,0.1532,-0.03012
sparse_match,132,0.07629,110.561,159,0.14695,-0.07066
sparse_match,133,0.0773,101.541,119,0.14925,-0.07195
sparse_match,134,0.06647,97.598,264,0.15032,-0.08385
sparse_match,135,0.07694,111.533,112,0.14672,-0.06978
sparse_match,136,0.09051,97.349,314,0.15039,-0.05988
sparse_match,137,0.07531,105.241,55,0.14828,-0.07297
sparse_match,138,0.19461,86.055,41,0.15372,0.04089
sparse_match,139,0.11044,92.776,223,0.15169,-0.04125
sparse_match,140,0.07903,108.606,116,0.14743,-0.06841
sparse_match,141,0.09318,95.867,46,0.1508,-0.05762
sparse_match,142,0.07924,106.916,154,0.14786,-0.06862
sparse_match,143,0.09611,84.175,60,0.15431,-0.0582
sparse_match,144,0.0841,92.083,46,0.15189,-0.06778
sparse_match,145,0.14701,119.241,147,0.14491,0.00209
sparse_match,146,0.07343,103.165,79,0.14882,-0.07539
sparse_match,147,0.12435,103.753,63,0.14867,-0.02432
sparse_match,148,0.17026,106.011,35,0.14809,0.02217
sparse_match,149,0.08191,94.836,167,0.15109,-0.06918
sparse_match,150,0.10533,77.878,102,0.15641,-0.05108
sparse_match,151,0.09529,115.564,67,0.14576,-0.05047
sparse_match,152,0.10067,93.518,96,0.15147,-0.0508
sparse_match,153,0.11444,137.011,975,0.14474,-0.03031
sparse_match,154,0.11394,101.627,40,0.14923,-0.03529
sparse_match,155,0.09704,84.507,161,0.15421,-0.05717
sparse_match,156,0.09878,119.487,63,0.14486,-0.04608
sparse_match,157,0.19922,123.076,133,0.14474,0.05448
sparse_match,158,0.11694,86.275,199,0.15365,-0.03671
sparse_match,159,0.09143,123.059,268,0.14474,-0.05331
sparse_match,160,0.1104,83.068,158,0.15467,-0.04427
sparse_match,161,0.09822,83.758,173,0.15445,-0.05622
sparse_match,162,0.0932,119.293,320,0.1449,-0.0517
sparse_match,163,0.1432,105.969,171,0.1481,-0.00489
sparse_match,164,0.09343,97.001,115,0.15048,-0.05706
sparse_match,165,0.13857,106.472,527,0.14797,-0.0094
sparse_match,166,0.17803,94.712,141,0.15113,0.02691
sparse_match,167,0.11903,91.265,190,0.15213,-0.0331
sparse_match,168,0.12567,112.056,62,0.14659,-0.02092
sparse_match,169,0.15537,88.548,266,0.15295,0.00242
sparse_match,170,0.1368,107.01,131,0.14783,-0.01104
sparse_match,171,0.13155,121.417,50,0.14474,-0.0132
sparse_match,172,0.07607,85.778,241,0.1538,-0.07773
sparse_match,173,0.1112,94.906,88,0.15107,-0.03987
sparse_match,174,0.10531,88.64,222,0.15292,-0.04761
sparse_match,175,0.10916,100.778,195,0.14945,-0.04029
sparse_match,176,0.12206,97.35,66,0.15039,-0.02833
sparse_match,177,0.07379,115.135,28,0.14586,-0.07207
sparse_match,178,0.12807,80.179,33,0.15562,-0.02755
sparse_match,179,0.09457,74.203,268,0.15771,-0.06314
sparse_match,180,0.09726,92.483,288,0.15177,-0.05451
sparse_match,181,0.25244,133.78,36,0.14474,0.1077
sparse_match,182,0.10194,113.581,499,0.14623,-0.04429
sparse_match,183,0.10628,77.577,48,0.15651,-0.05024
sparse_match,184,0.10103,77.914,271,0.1564,-0.05537
sparse_match,185,0.07853,100.152,48,0.14962,-0.07109
sparse_match,186,0.07025,86.22,19,0.15366,-0.08342
sparse_match,187,0.08327,108.271,71,0.14752,-0.06424
sparse_match,188,0.10085,105.823,252,0.14814,-0.04729
sparse_match,189,0.10876,124.788,76,0.14474,-0.03598
sparse_match,190,0.07263,99.854,500,0.1497,-0.07707
sparse_match,191,0.09345,102.296,119,0.14905,-0.0556
sparse_match,192,0.14487,99.633,86,0.14976,-0.00489
sparse_match,193,0.12791,104.56,73,0.14846,-0.02055
sparse_match,194,0.12913,110.911,76,0.14687,-0.01774
sparse_match,195,0.16017,130.855,24,0.14474,0.01542
sparse_match,196,0.12987,95.168,150,0.151,-0.02113
sparse_match,197,0.132,124.95,97,0.14474,-0.01275
sparse_match,198,0.10388,121.722,101,0.14474,-0.04086
sparse_match,199,0.06189,84.412,126,0.15424,-0.09235
iso15,100,0.35931,15.0,0,,
iso15,101,0.15535,15.0,0,,
iso15,102,0.16866,15.0,0,,
iso15,103,0.08961,15.0,0,,
iso15,104,0.18641,15.0,0,,
iso15,105,0.26502,15.0,0,,
iso15,106,0.26294,15.0,0,,
iso15,107,0.18027,15.0,0,,
iso15,108,0.18107,15.0,0,,
iso15,109,0.21183,15.0,0,,
iso15,110,0.21905,15.0,0,,
iso15,111,0.14123,15.0,0,,
iso15,112,0.16721,15.0,0,,
iso15,113,0.14968,15.0,0,,
iso15,114,0.1798,15.0,0,,
iso15,115,0.20327,15.0,0,,
iso15,116,0.55727,15.0,0,,
iso15,117,0.15518,15.0,0,,
iso15,118,0.19909,15.0,0,,
iso15,119,0.56314,15.0,0,,
iso15,120,0.24414,15.0,0,,
iso15,121,0.21355,15.0,0,,
iso15,122,0.16529,15.0,0,,
iso15,123,0.11932,15.0,0,,
iso15,124,0.1998,15.0,0,,
iso15,125,0.11915,15.0,0,,
iso15,126,0.18918,15.0,0,,
iso15,127,0.27379,15.0,0,,
iso15,128,0.61832,15.0,0,,
iso15,129,0.27022,15.0,0,,
iso15,130,0.43912,15.0,0,,
iso15,131,0.18598,15.0,0,,
iso15,132,0.18058,15.0,0,,
iso15,133,0.17776,15.0,0,,
iso15,134,0.3416,15.0,0,,
iso15,135,0.37718,15.0,0,,
iso15,136,0.23221,15.0,0,,
iso15,137,0.16421,15.0,0,,
iso15,138,0.23049,15.0,0,,
iso15,139,0.18919,15.0,0,,
iso15,140,0.14563,15.0,0,,
iso15,141,0.17986,15.0,0,,
iso15,142,0.13642,15.0,0,,
iso15,143,0.25819,15.0,0,,
iso15,144,0.16718,15.0,0,,
iso15,145,0.289,15.0,0,,
iso15,146,0.11793,15.0,0,,
iso15,147,0.24572,15.0,0,,
iso15,148,0.14674,15.0,0,,
iso15,149,0.68504,15.0,0,,
iso15,150,0.2061,15.0,0,,
iso15,151,0.17707,15.0,0,,
iso15,152,0.16534,15.0,0,,
iso15,153,0.18115,15.0,0,,
iso15,154,0.14644,15.0,0,,
iso15,155,0.31676,15.0,0,,
iso15,156,0.12107,15.0,0,,
iso15,157,0.10865,15.0,0,,
iso15,158,0.14081,15.0,0,,
iso15,159,0.13868,15.0,0,,
iso15,160,0.1905,15.0,0,,
iso15,161,0.18082,15.0,0,,
iso15,162,0.20032,15.0,0,,
iso15,163,0.19755,15.0,0,,
iso15,164,0.12714,15.0,0,,
iso15,165,0.19838,15.0,0,,
iso15,166,0.60814,15.0,0,,
iso15,167,0.39581,15.0,0,,
iso15,168,0.14618,15.0,0,,
iso15,169,0.17763,15.0,0,,
iso15,170,0.21427,15.0,0,,
iso15,171,0.14024,15.0,0,,
iso15,172,0.26762,15.0,0,,
iso15,173,0.14645,15.0,0,,
iso15,174,0.22878,15.0,0,,
iso15,175,0.14657,15.0,0,,
iso15,176,0.26187,15.0,0,,
iso15,177,0.07056,15.0,0,,
iso15,178,0.19829,15.0,0,,
iso15,179,0.15831,15.0,0,,
iso15,180,0.20169,15.0,0,,
iso15,181,0.14243,15.0,0,,
iso15,182,0.25148,15.0,0,,
iso15,183,0.25096,15.0,0,,
iso15,184,0.22001,15.0,0,,
iso15,185,0.13354,15.0,0,,
iso15,186,0.21648,15.0,0,,
iso15,187,0.15547,15.0,0,,
iso15,188,0.23132,15.0,0,,
iso15,189,0.35191,15.0,0,,
iso15,190,0.15249,15.0,0,,
iso15,191,0.4597,15.0,0,,
iso15,192,0.1932,15.0,0,,
iso15,193,0.18115,15.0,0,,
iso15,194,0.20052,15.0,0,,
iso15,195,0.84118,15.0,0,,
iso15,196,0.28888,15.0,0,,
iso15,197,0.42609,15.0,0,,
iso15,198,0.45136,15.0,0,,
iso15,199,0.25891,15.0,0,,
iso30,100,0.32777,30.0,0,,
iso30,101,0.15689,30.0,0,,
iso30,102,0.187,30.0,0,,
iso30,103,0.08752,30.0,0,,
iso30,104,0.2288,30.0,0,,
iso30,105,0.25839,30.0,0,,
iso30,106,0.24642,30.0,0,,
iso30,107,0.16517,30.0,0,,
iso30,108,0.18838,30.0,0,,
iso30,109,0.1824,30.0,0,,
iso30,110,0.20594,30.0,0,,
iso30,111,0.1376,30.0,0,,
iso30,112,0.16094,30.0,0,,
iso30,113,0.1498,30.0,0,,
iso30,114,0.19252,30.0,0,,
iso30,115,0.22434,30.0,0,,
iso30,116,0.52113,30.0,0,,
iso30,117,0.15783,30.0,0,,
iso30,118,0.22348,30.0,0,,
iso30,119,0.5135,30.0,0,,
iso30,120,0.23427,30.0,0,,
iso30,121,0.20397,30.0,0,,
iso30,122,0.17116,30.0,0,,
iso30,123,0.1187,30.0,0,,
iso30,124,0.19384,30.0,0,,
iso30,125,0.1195,30.0,0,,
iso30,126,0.18523,30.0,0,,
iso30,127,0.26581,30.0,0,,
iso30,128,0.41169,30.0,0,,
iso30,129,0.26413,30.0,0,,
iso30,130,0.39438,30.0,0,,
iso30,131,0.15938,30.0,0,,
iso30,132,0.20385,30.0,0,,
iso30,133,0.17369,30.0,0,,
iso30,134,0.34161,30.0,0,,
iso30,135,0.30068,30.0,0,,
iso30,136,0.21958,30.0,0,,
iso30,137,0.15371,30.0,0,,
iso30,138,0.22135,30.0,0,,
iso30,139,0.19234,30.0,0,,
iso30,140,0.14752,30.0,0,,
iso30,141,0.17279,30.0,0,,
iso30,142,0.13133,30.0,0,,
iso30,143,0.24978,30.0,0,,
iso30,144,0.18293,30.0,0,,
iso30,145,0.27925,30.0,0,,
iso30,146,0.11366,30.0,0,,
iso30,147,0.22676,30.0,0,,
iso30,148,0.14025,30.0,0,,
iso30,149,0.56489,30.0,0,,
iso30,150,0.20099,30.0,0,,
iso30,151,0.16679,30.0,0,,
iso30,152,0.14689,30.0,0,,
iso30,153,0.16426,30.0,0,,
iso30,154,0.14398,30.0,0,,
iso30,155,0.30453,30.0,0,,
iso30,156,0.12099,30.0,0,,
iso30,157,0.10188,30.0,0,,
iso30,158,0.14496,30.0,0,,
iso30,159,0.13588,30.0,0,,
iso30,160,0.18327,30.0,0,,
iso30,161,0.18871,30.0,0,,
iso30,162,0.19223,30.0,0,,
iso30,163,0.17706,30.0,0,,
iso30,164,0.12919,30.0,0,,
iso30,165,0.16537,30.0,0,,
iso30,166,0.55622,30.0,0,,
iso30,167,0.40233,30.0,0,,
iso30,168,0.13736,30.0,0,,
iso30,169,0.17167,30.0,0,,
iso30,170,0.2158,30.0,0,,
iso30,171,0.14249,30.0,0,,
iso30,172,0.26876,30.0,0,,
iso30,173,0.15458,30.0,0,,
iso30,174,0.24277,30.0,0,,
iso30,175,0.15086,30.0,0,,
iso30,176,0.27316,30.0,0,,
iso30,177,0.0731,30.0,0,,
iso30,178,0.17662,30.0,0,,
iso30,179,0.16323,30.0,0,,
iso30,180,0.18046,30.0,0,,
iso30,181,0.25124,30.0,0,,
iso30,182,0.21563,30.0,0,,
iso30,183,0.23194,30.0,0,,
iso30,184,0.16857,30.0,0,,
iso30,185,0.16825,30.0,0,,
iso30,186,0.19368,30.0,0,,
iso30,187,0.15832,30.0,0,,
iso30,188,0.233,30.0,0,,
iso30,189,0.54574,30.0,0,,
iso30,190,0.15108,30.0,0,,
iso30,191,0.4363,30.0,0,,
iso30,192,0.18436,30.0,0,,
iso30,193,0.15675,30.0,0,,
iso30,194,0.19599,30.0,0,,
iso30,195,0.49043,30.0,0,,
iso30,196,0.27156,30.0,0,,
iso30,197,0.40505,30.0,0,,
iso30,198,0.33208,30.0,0,,
iso30,199,0.26597,30.0,0,,
iso60,100,0.33175,60.0,0,,
iso60,101,0.14518,60.0,0,,
iso60,102,0.16403,60.0,0,,
iso60,103,0.08718,60.0,0,,
iso60,104,0.19898,60.0,0,,
iso60,105,0.23887,60.0,0,,
iso60,106,0.21255,60.0,0,,
iso60,107,0.14349,60.0,0,,
iso60,108,0.17679,60.0,0,,
iso60,109,0.16011,60.0,0,,
iso60,110,0.18734,60.0,0,,
iso60,111,0.12954,60.0,0,,
iso60,112,0.14866,60.0,0,,
iso60,113,0.13199,60.0,0,,
iso60,114,0.16129,60.0,0,,
iso60,115,0.16287,60.0,0,,
iso60,116,0.44458,60.0,0,,
iso60,117,0.14992,60.0,0,,
iso60,118,0.17843,60.0,0,,
iso60,119,0.54332,60.0,0,,
iso60,120,0.17576,60.0,0,,
iso60,121,0.15848,60.0,0,,
iso60,122,0.17023,60.0,0,,
iso60,123,0.12147,60.0,0,,
iso60,124,0.20529,60.0,0,,
iso60,125,0.11727,60.0,0,,
iso60,126,0.1502,60.0,0,,
iso60,127,0.2379,60.0,0,,
iso60,128,0.22964,60.0,0,,
iso60,129,0.18606,60.0,0,,
iso60,130,0.3871,60.0,0,,
iso60,131,0.10712,60.0,0,,
iso60,132,0.14432,60.0,0,,
iso60,133,0.17655,60.0,0,,
iso60,134,0.30458,60.0,0,,
iso60,135,0.28628,60.0,0,,
iso60,136,0.20716,60.0,0,,
iso60,137,0.1361,60.0,0,,
iso60,138,0.20677,60.0,0,,
iso60,139,0.1614,60.0,0,,
iso60,140,0.13544,60.0,0,,
iso60,141,0.15912,60.0,0,,
iso60,142,0.12671,60.0,0,,
iso60,143,0.22722,60.0,0,,
iso60,144,0.16042,60.0,0,,
iso60,145,0.28349,60.0,0,,
iso60,146,0.12073,60.0,0,,
iso60,147,0.20583,60.0,0,,
iso60,148,0.13961,60.0,0,,
iso60,149,0.445,60.0,0,,
iso60,150,0.18151,60.0,0,,
iso60,151,0.16466,60.0,0,,
iso60,152,0.14143,60.0,0,,
iso60,153,0.14616,60.0,0,,
iso60,154,0.1362,60.0,0,,
iso60,155,0.29642,60.0,0,,
iso60,156,0.08828,60.0,0,,
iso60,157,0.09282,60.0,0,,
iso60,158,0.15048,60.0,0,,
iso60,159,0.13282,60.0,0,,
iso60,160,0.14614,60.0,0,,
iso60,161,0.15692,60.0,0,,
iso60,162,0.20834,60.0,0,,
iso60,163,0.1461,60.0,0,,
iso60,164,0.12108,60.0,0,,
iso60,165,0.12888,60.0,0,,
iso60,166,0.60508,60.0,0,,
iso60,167,0.27877,60.0,0,,
iso60,168,0.13749,60.0,0,,
iso60,169,0.15562,60.0,0,,
iso60,170,0.2045,60.0,0,,
iso60,171,0.14786,60.0,0,,
iso60,172,0.22106,60.0,0,,
iso60,173,0.14697,60.0,0,,
iso60,174,0.26061,60.0,0,,
iso60,175,0.14863,60.0,0,,
iso60,176,0.21072,60.0,0,,
iso60,177,0.08063,60.0,0,,
iso60,178,0.15564,60.0,0,,
iso60,179,0.15324,60.0,0,,
iso60,180,0.16161,60.0,0,,
iso60,181,0.17469,60.0,0,,
iso60,182,0.15169,60.0,0,,
iso60,183,0.22508,60.0,0,,
iso60,184,0.18223,60.0,0,,
iso60,185,0.18292,60.0,0,,
iso60,186,0.20904,60.0,0,,
iso60,187,0.14612,60.0,0,,
iso60,188,0.19945,60.0,0,,
iso60,189,0.33869,60.0,0,,
iso60,190,0.12968,60.0,0,,
iso60,191,0.41323,60.0,0,,
iso60,192,0.18298,60.0,0,,
iso60,193,0.15663,60.0,0,,
iso60,194,0.16197,60.0,0,,
iso60,195,0.64473,60.0,0,,
iso60,196,0.25109,60.0,0,,
iso60,197,0.60975,60.0,0,,
iso60,198,0.28794,60.0,0,,
iso60,199,0.21271,60.0,0,,
iso120,100,0.21951,120.0,0,,
iso120,101,0.1129,120.0,0,,
iso120,102,0.13932,120.0,0,,
iso120,103,0.07699,120.0,0,,
iso120,104,0.13072,120.0,0,,
iso120,105,0.1746,120.0,0,,
iso120,106,0.27714,120.0,0,,
iso120,107,0.12201,120.0,0,,
iso120,108,0.14024,120.0,0,,
iso120,109,0.14869,120.0,0,,
iso120,110,0.14803,120.0,0,,
iso120,111,0.08456,120.0,0,,
iso120,112,0.10079,120.0,0,,
iso120,113,0.12806,120.0,0,,
iso120,114,0.1491,120.0,0,,
iso120,115,0.15483,120.0,0,,
iso120,116,0.27257,120.0,0,,
iso120,117,0.14223,120.0,0,,
iso120,118,0.13858,120.0,0,,
iso120,119,0.28911,120.0,0,,
iso120,120,0.17824,120.0,0,,
iso120,121,0.17498,120.0,0,,
iso120,122,0.12923,120.0,0,,
iso120,123,0.09769,120.0,0,,
iso120,124,0.14543,120.0,0,,
iso120,125,0.09879,120.0,0,,
iso120,126,0.13285,120.0,0,,
iso120,127,0.23588,120.0,0,,
iso120,128,0.07694,120.0,0,,
iso120,129,0.15945,120.0,0,,
iso120,130,0.27916,120.0,0,,
iso120,131,0.10211,120.0,0,,
iso120,132,0.10841,120.0,0,,
iso120,133,0.16495,120.0,0,,
iso120,134,0.27966,120.0,0,,
iso120,135,0.13361,120.0,0,,
iso120,136,0.10104,120.0,0,,
iso120,137,0.10923,120.0,0,,
iso120,138,0.15146,120.0,0,,
iso120,139,0.14879,120.0,0,,
iso120,140,0.10787,120.0,0,,
iso120,141,0.14355,120.0,0,,
iso120,142,0.10617,120.0,0,,
iso120,143,0.19598,120.0,0,,
iso120,144,0.14923,120.0,0,,
iso120,145,0.17627,120.0,0,,
iso120,146,0.12454,120.0,0,,
iso120,147,0.14481,120.0,0,,
iso120,148,0.13514,120.0,0,,
iso120,149,0.72148,120.0,0,,
iso120,150,0.15717,120.0,0,,
iso120,151,0.14214,120.0,0,,
iso120,152,0.15932,120.0,0,,
iso120,153,0.13093,120.0,0,,
iso120,154,0.09269,120.0,0,,
iso120,155,0.2254,120.0,0,,
iso120,156,0.08762,120.0,0,,
iso120,157,0.09064,120.0,0,,
iso120,158,0.14231,120.0,0,,
iso120,159,0.11353,120.0,0,,
iso120,160,0.17818,120.0,0,,
iso120,161,0.14605,120.0,0,,
iso120,162,0.15966,120.0,0,,
iso120,163,0.19921,120.0,0,,
iso120,164,0.10894,120.0,0,,
iso120,165,0.14483,120.0,0,,
iso120,166,0.39721,120.0,0,,
iso120,167,0.28106,120.0,0,,
iso120,168,0.14662,120.0,0,,
iso120,169,0.14896,120.0,0,,
iso120,170,0.17029,120.0,0,,
iso120,171,0.13343,120.0,0,,
iso120,172,0.19533,120.0,0,,
iso120,173,0.11837,120.0,0,,
iso120,174,0.1391,120.0,0,,
iso120,175,0.1395,120.0,0,,
iso120,176,0.1482,120.0,0,,
iso120,177,0.07243,120.0,0,,
iso120,178,0.13873,120.0,0,,
iso120,179,0.10854,120.0,0,,
iso120,180,0.1388,120.0,0,,
iso120,181,0.13551,120.0,0,,
iso120,182,0.15149,120.0,0,,
iso120,183,0.22277,120.0,0,,
iso120,184,0.14436,120.0,0,,
iso120,185,0.10311,120.0,0,,
iso120,186,0.15084,120.0,0,,
iso120,187,0.12439,120.0,0,,
iso120,188,0.15644,120.0,0,,
iso120,189,0.16209,120.0,0,,
iso120,190,0.15635,120.0,0,,
iso120,191,0.26241,120.0,0,,
iso120,192,0.14539,120.0,0,,
iso120,193,0.13647,120.0,0,,
iso120,194,0.14468,120.0,0,,
iso120,195,0.07184,120.0,0,,
iso120,196,0.17189,120.0,0,,
iso120,197,0.29438,120.0,0,,
iso120,198,0.12405,120.0,0,,
iso120,199,0.19617,120.0,0,,
