cutoff,scope,group_a,group_b,n_a,n_b,shared,unique_a,unique_b,shared_over_a,shared_over_b,jaccard,note
10,all_layers_pooled,Tokyo,Japan,211,257,39,172,218,0.1848341232227488,0.1517509727626459,0.09090909090909091,
10,all_layers_pooled,Tokyo,Berlin,211,85,14,197,71,0.06635071090047394,0.16470588235294117,0.04964539007092199,
10,all_layers_pooled,Tokyo,Germany,211,204,16,195,188,0.07582938388625593,0.0784313725490196,0.040100250626566414,
10,all_layers_pooled,Japan,Berlin,257,85,7,250,78,0.027237354085603113,0.08235294117647059,0.020895522388059702,
10,all_layers_pooled,Japan,Germany,257,204,42,215,162,0.16342412451361868,0.20588235294117646,0.10023866348448687,
10,all_layers_pooled,Berlin,Germany,85,204,13,72,191,0.15294117647058825,0.06372549019607843,0.04710144927536232,
10,0,Tokyo,Japan,0,0,0,0,0,N/A,N/A,N/A,
10,0,Tokyo,Berlin,0,0,0,0,0,N/A,N/A,N/A,
10,0,Tokyo,Germany,0,0,0,0,0,N/A,N/A,N/A,
10,0,Japan,Berlin,0,0,0,0,0,N/A,N/A,N/A,
10,0,Japan,Germany,0,0,0,0,0,N/A,N/A,N/A,
10,0,Berlin,Germany,0,0,0,0,0,N/A,N/A,N/A,
10,1,Tokyo,Japan,3,10,0,3,10,0.0,0.0,0.0,
10,1,Tokyo,Berlin,3,0,0,3,0,0.0,N/A,0.0,
10,1,Tokyo,Germany,3,2,0,3,2,0.0,0.0,0.0,
10,1,Japan,Berlin,10,0,0,10,0,0.0,N/A,0.0,
10,1,Japan,Germany,10,2,1,9,1,0.1,0.5,0.09090909090909091,
10,1,Berlin,Germany,0,2,0,0,2,N/A,0.0,0.0,
10,2,Tokyo,Japan,9,10,0,9,10,0.0,0.0,0.0,
10,2,Tokyo,Berlin,9,0,0,9,0,0.0,N/A,0.0,
10,2,Tokyo,Germany,9,10,0,9,10,0.0,0.0,0.0,
10,2,Japan,Berlin,10,0,0,10,0,0.0,N/A,0.0,
10,2,Japan,Germany,10,10,4,6,6,0.4,0.4,0.25,
10,2,Berlin,Germany,0,10,0,0,10,N/A,0.0,0.0,
10,3,Tokyo,Japan,4,10,0,4,10,0.0,0.0,0.0,
10,3,Tokyo,Berlin,4,1,0,4,1,0.0,0.0,0.0,
10,3,Tokyo,Germany,4,5,1,3,4,0.25,0.2,0.125,
10,3,Japan,Berlin,10,1,0,10,1,0.0,0.0,0.0,
10,3,Japan,Germany,10,5,2,8,3,0.2,0.4,0.15384615384615385,
10,3,Berlin,Germany,1,5,0,1,5,0.0,0.0,0.0,
10,4,Tokyo,Japan,8,10,1,7,9,0.125,0.1,0.058823529411764705,
10,4,Tokyo,Berlin,8,1,1,7,0,0.125,1.0,0.125,
10,4,Tokyo,Germany,8,5,1,7,4,0.125,0.2,0.08333333333333333,
10,4,Japan,Berlin,10,1,0,10,1,0.0,0.0,0.0,
10,4,Japan,Germany,10,5,1,9,4,0.1,0.2,0.07142857142857142,
10,4,Berlin,Germany,1,5,0,1,5,0.0,0.0,0.0,
10,5,Tokyo,Japan,10,10,0,10,10,0.0,0.0,0.0,
10,5,Tokyo,Berlin,10,0,0,10,0,0.0,N/A,0.0,
10,5,Tokyo,Germany,10,10,0,10,10,0.0,0.0,0.0,
10,5,Japan,Berlin,10,0,0,10,0,0.0,N/A,0.0,
10,5,Japan,Germany,10,10,2,8,8,0.2,0.2,0.1111111111111111,
10,5,Berlin,Germany,0,10,0,0,10,N/A,0.0,0.0,
10,6,Tokyo,Japan,10,10,1,9,9,0.1,0.1,0.05263157894736842,
10,6,Tokyo,Berlin,10,1,0,10,1,0.0,0.0,0.0,
10,6,Tokyo,Germany,10,10,0,10,10,0.0,0.0,0.0,
10,6,Japan,Berlin,10,1,0,10,1,0.0,0.0,0.0,
10,6,Japan,Germany,10,10,1,9,9,0.1,0.1,0.05263157894736842,
10,6,Berlin,Germany,1,10,0,1,10,0.0,0.0,0.0,
10,7,Tokyo,Japan,10,10,1,9,9,0.1,0.1,0.05263157894736842,
10,7,Tokyo,Berlin,10,1,0,10,1,0.0,0.0,0.0,
10,7,Tokyo,Germany,10,2,1,9,1,0.1,0.5,0.09090909090909091,
10,7,Japan,Berlin,10,1,1,9,0,0.1,1.0,0.1,
10,7,Japan,Germany,10,2,2,8,0,0.2,1.0,0.2,
10,7,Berlin,Germany,1,2,0,1,2,0.0,0.0,0.0,
10,8,Tokyo,Japan,10,10,3,7,7,0.3,0.3,0.17647058823529413,
10,8,Tokyo,Berlin,10,1,0,10,1,0.0,0.0,0.0,
10,8,Tokyo,Germany,10,10,0,10,10,0.0,0.0,0.0,
10,8,Japan,Berlin,10,1,1,9,0,0.1,1.0,0.1,
10,8,Japan,Germany,10,10,1,9,9,0.1,0.1,0.05263157894736842,
10,8,Berlin,Germany,1,10,0,1,10,0.0,0.0,0.0,
10,9,Tokyo,Japan,10,10,0,10,10,0.0,0.0,0.0,
10,9,Tokyo,Berlin,10,3,0,10,3,0.0,0.0,0.0,
10,9,Tokyo,Germany,10,10,0,10,10,0.0,0.0,0.0,
10,9,Japan,Berlin,10,3,0,10,3,0.0,0.0,0.0,
10,9,Japan,Germany,10,10,3,7,7,0.3,0.3,0.17647058823529413,
10,9,Berlin,Germany,3,10,0,3,10,0.0,0.0,0.0,
10,10,Tokyo,Japan,10,10,0,10,10,0.0,0.0,0.0,
10,10,Tokyo,Berlin,10,5,0,10,5,0.0,0.0,0.0,
10,10,Tokyo,Germany,10,10,0,10,10,0.0,0.0,0.0,
10,10,Japan,Berlin,10,5,0,10,5,0.0,0.0,0.0,
10,10,Japan,Germany,10,10,3,7,7,0.3,0.3,0.17647058823529413,
10,10,Berlin,Germany,5,10,0,5,10,0.0,0.0,0.0,
10,11,Tokyo,Japan,10,10,0,10,10,0.0,0.0,0.0,
10,11,Tokyo,Berlin,10,1,1,9,0,0.1,1.0,0.1,
10,11,Tokyo,Germany,10,10,1,9,9,0.1,0.1,0.05263157894736842,
10,11,Japan,Berlin,10,1,0,10,1,0.0,0.0,0.0,
10,11,Japan,Germany,10,10,1,9,9,0.1,0.1,0.05263157894736842,
10,11,Berlin,Germany,1,10,0,1,10,0.0,0.0,0.0,
10,12,Tokyo,Japan,7,10,0,7,10,0.0,0.0,0.0,
10,12,Tokyo,Berlin,7,3,0,7,3,0.0,0.0,0.0,
10,12,Tokyo,Germany,7,10,3,4,7,0.42857142857142855,0.3,0.21428571428571427,
10,12,Japan,Berlin,10,3,0,10,3,0.0,0.0,0.0,
10,12,Japan,Germany,10,10,1,9,9,0.1,0.1,0.05263157894736842,
10,12,Berlin,Germany,3,10,0,3,10,0.0,0.0,0.0,
10,13,Tokyo,Japan,7,10,0,7,10,0.0,0.0,0.0,
10,13,Tokyo,Berlin,7,3,0,7,3,0.0,0.0,0.0,
10,13,Tokyo,Germany,7,10,1,6,9,0.14285714285714285,0.1,0.0625,
10,13,Japan,Berlin,10,3,0,10,3,0.0,0.0,0.0,
10,13,Japan,Germany,10,10,2,8,8,0.2,0.2,0.1111111111111111,
10,13,Berlin,Germany,3,10,0,3,10,0.0,0.0,0.0,
10,14,Tokyo,Japan,5,10,1,4,9,0.2,0.1,0.07142857142857142,
10,14,Tokyo,Berlin,5,3,0,5,3,0.0,0.0,0.0,
10,14,Tokyo,Germany,5,10,0,5,10,0.0,0.0,0.0,
10,14,Japan,Berlin,10,3,0,10,3,0.0,0.0,0.0,
10,14,Japan,Germany,10,10,2,8,8,0.2,0.2,0.1111111111111111,
10,14,Berlin,Germany,3,10,0,3,10,0.0,0.0,0.0,
10,15,Tokyo,Japan,10,10,1,9,9,0.1,0.1,0.05263157894736842,
10,15,Tokyo,Berlin,10,2,0,10,2,0.0,0.0,0.0,
10,15,Tokyo,Germany,10,10,1,9,9,0.1,0.1,0.05263157894736842,
10,15,Japan,Berlin,10,2,1,9,1,0.1,0.5,0.09090909090909091,
10,15,Japan,Germany,10,10,1,9,9,0.1,0.1,0.05263157894736842,
10,15,Berlin,Germany,2,10,0,2,10,0.0,0.0,0.0,
10,16,Tokyo,Japan,5,10,0,5,10,0.0,0.0,0.0,
10,16,Tokyo,Berlin,5,1,1,4,0,0.2,1.0,0.2,
10,16,Tokyo,Germany,5,10,0,5,10,0.0,0.0,0.0,
10,16,Japan,Berlin,10,1,0,10,1,0.0,0.0,0.0,
10,16,Japan,Germany,10,10,0,10,10,0.0,0.0,0.0,
10,16,Berlin,Germany,1,10,0,1,10,0.0,0.0,0.0,
10,17,Tokyo,Japan,6,10,0,6,10,0.0,0.0,0.0,
10,17,Tokyo,Berlin,6,4,1,5,3,0.16666666666666666,0.25,0.1111111111111111,
10,17,Tokyo,Germany,6,7,0,6,7,0.0,0.0,0.0,
10,17,Japan,Berlin,10,4,1,9,3,0.1,0.25,0.07692307692307693,
10,17,Japan,Germany,10,7,3,7,4,0.3,0.42857142857142855,0.21428571428571427,
10,17,Berlin,Germany,4,7,0,4,7,0.0,0.0,0.0,
10,18,Tokyo,Japan,5,10,1,4,9,0.2,0.1,0.07142857142857142,
10,18,Tokyo,Berlin,5,1,1,4,0,0.2,1.0,0.2,
10,18,Tokyo,Germany,5,3,0,5,3,0.0,0.0,0.0,
10,18,Japan,Berlin,10,1,1,9,0,0.1,1.0,0.1,
10,18,Japan,Germany,10,3,2,8,1,0.2,0.6666666666666666,0.18181818181818182,
10,18,Berlin,Germany,1,3,0,1,3,0.0,0.0,0.0,
10,19,Tokyo,Japan,6,8,1,5,7,0.16666666666666666,0.125,0.07692307692307693,
10,19,Tokyo,Berlin,6,2,0,6,2,0.0,0.0,0.0,
10,19,Tokyo,Germany,6,6,1,5,5,0.16666666666666666,0.16666666666666666,0.09090909090909091,
10,19,Japan,Berlin,8,2,0,8,2,0.0,0.0,0.0,
10,19,Japan,Germany,8,6,1,7,5,0.125,0.16666666666666666,0.07692307692307693,
10,19,Berlin,Germany,2,6,0,2,6,0.0,0.0,0.0,
10,20,Tokyo,Japan,6,10,4,2,6,0.6666666666666666,0.4,0.3333333333333333,
10,20,Tokyo,Berlin,6,6,2,4,4,0.3333333333333333,0.3333333333333333,0.2,
10,20,Tokyo,Germany,6,8,1,5,7,0.16666666666666666,0.125,0.07692307692307693,
10,20,Japan,Berlin,10,6,2,8,4,0.2,0.3333333333333333,0.14285714285714285,
10,20,Japan,Germany,10,8,3,7,5,0.3,0.375,0.2,
10,20,Berlin,Germany,6,8,1,5,7,0.16666666666666666,0.125,0.07692307692307693,
10,21,Tokyo,Japan,8,9,3,5,6,0.375,0.3333333333333333,0.21428571428571427,
10,21,Tokyo,Berlin,8,6,3,5,3,0.375,0.5,0.2727272727272727,
10,21,Tokyo,Germany,8,7,0,8,7,0.0,0.0,0.0,
10,21,Japan,Berlin,9,6,0,9,6,0.0,0.0,0.0,
10,21,Japan,Germany,9,7,1,8,6,0.1111111111111111,0.14285714285714285,0.06666666666666667,
10,21,Berlin,Germany,6,7,1,5,6,0.16666666666666666,0.14285714285714285,0.08333333333333333,
10,22,Tokyo,Japan,7,7,2,5,5,0.2857142857142857,0.2857142857142857,0.16666666666666666,
10,22,Tokyo,Berlin,7,6,0,7,6,0.0,0.0,0.0,
10,22,Tokyo,Germany,7,9,0,7,9,0.0,0.0,0.0,
10,22,Japan,Berlin,7,6,0,7,6,0.0,0.0,0.0,
10,22,Japan,Germany,7,9,0,7,9,0.0,0.0,0.0,
10,22,Berlin,Germany,6,9,3,3,6,0.5,0.3333333333333333,0.25,
10,23,Tokyo,Japan,10,10,4,6,6,0.4,0.4,0.25,
10,23,Tokyo,Berlin,10,6,1,9,5,0.1,0.16666666666666666,0.06666666666666667,
10,23,Tokyo,Germany,10,7,0,10,7,0.0,0.0,0.0,
10,23,Japan,Berlin,10,6,0,10,6,0.0,0.0,0.0,
10,23,Japan,Germany,10,7,1,9,6,0.1,0.14285714285714285,0.0625,
10,23,Berlin,Germany,6,7,2,4,5,0.3333333333333333,0.2857142857142857,0.18181818181818182,
10,24,Tokyo,Japan,10,10,3,7,7,0.3,0.3,0.17647058823529413,
10,24,Tokyo,Berlin,10,9,1,9,8,0.1,0.1111111111111111,0.05555555555555555,
10,24,Tokyo,Germany,10,8,2,8,6,0.2,0.25,0.125,
10,24,Japan,Berlin,10,9,0,10,9,0.0,0.0,0.0,
10,24,Japan,Germany,10,8,0,10,8,0.0,0.0,0.0,
10,24,Berlin,Germany,9,8,2,7,6,0.2222222222222222,0.25,0.13333333333333333,
10,25,Tokyo,Japan,10,10,5,5,5,0.5,0.5,0.3333333333333333,
10,25,Tokyo,Berlin,10,10,0,10,10,0.0,0.0,0.0,
10,25,Tokyo,Germany,10,5,0,10,5,0.0,0.0,0.0,
10,25,Japan,Berlin,10,10,0,10,10,0.0,0.0,0.0,
10,25,Japan,Germany,10,5,1,9,4,0.1,0.2,0.07142857142857142,
10,25,Berlin,Germany,10,5,1,9,4,0.1,0.2,0.07142857142857142,
10,26,Tokyo,Japan,10,10,6,4,4,0.6,0.6,0.42857142857142855,
10,26,Tokyo,Berlin,10,6,1,9,5,0.1,0.16666666666666666,0.06666666666666667,
10,26,Tokyo,Germany,10,8,2,8,6,0.2,0.25,0.125,
10,26,Japan,Berlin,10,6,0,10,6,0.0,0.0,0.0,
10,26,Japan,Germany,10,8,2,8,6,0.2,0.25,0.125,
10,26,Berlin,Germany,6,8,2,4,6,0.3333333333333333,0.25,0.16666666666666666,
10,27,Tokyo,Japan,5,3,2,3,1,0.4,0.6666666666666666,0.3333333333333333,
10,27,Tokyo,Berlin,5,3,1,4,2,0.2,0.3333333333333333,0.14285714285714285,
10,27,Tokyo,Germany,5,2,1,4,1,0.2,0.5,0.16666666666666666,
10,27,Japan,Berlin,3,3,0,3,3,0.0,0.0,0.0,
10,27,Japan,Germany,3,2,1,2,1,0.3333333333333333,0.5,0.25,
10,27,Berlin,Germany,3,2,1,2,1,0.3333333333333333,0.5,0.25,
20,all_layers_pooled,Tokyo,Japan,276,403,58,218,345,0.21014492753623187,0.14392059553349876,0.09339774557165861,
20,all_layers_pooled,Tokyo,Berlin,276,85,23,253,62,0.08333333333333333,0.27058823529411763,0.06804733727810651,
20,all_layers_pooled,Tokyo,Germany,276,271,27,249,244,0.09782608695652174,0.0996309963099631,0.051923076923076926,
20,all_layers_pooled,Japan,Berlin,403,85,11,392,74,0.02729528535980149,0.12941176470588237,0.023060796645702306,
20,all_layers_pooled,Japan,Germany,403,271,83,320,188,0.20595533498759305,0.3062730627306273,0.1404399323181049,
20,all_layers_pooled,Berlin,Germany,85,271,14,71,257,0.16470588235294117,0.05166051660516605,0.04093567251461988,
20,0,Tokyo,Japan,0,0,0,0,0,N/A,N/A,N/A,
20,0,Tokyo,Berlin,0,0,0,0,0,N/A,N/A,N/A,
20,0,Tokyo,Germany,0,0,0,0,0,N/A,N/A,N/A,
20,0,Japan,Berlin,0,0,0,0,0,N/A,N/A,N/A,
20,0,Japan,Germany,0,0,0,0,0,N/A,N/A,N/A,
20,0,Berlin,Germany,0,0,0,0,0,N/A,N/A,N/A,
20,1,Tokyo,Japan,3,10,0,3,10,0.0,0.0,0.0,
20,1,Tokyo,Berlin,3,0,0,3,0,0.0,N/A,0.0,
20,1,Tokyo,Germany,3,2,0,3,2,0.0,0.0,0.0,
20,1,Japan,Berlin,10,0,0,10,0,0.0,N/A,0.0,
20,1,Japan,Germany,10,2,1,9,1,0.1,0.5,0.09090909090909091,
20,1,Berlin,Germany,0,2,0,0,2,N/A,0.0,0.0,
20,2,Tokyo,Japan,9,20,1,8,19,0.1111111111111111,0.05,0.03571428571428571,
20,2,Tokyo,Berlin,9,0,0,9,0,0.0,N/A,0.0,
20,2,Tokyo,Germany,9,13,0,9,13,0.0,0.0,0.0,
20,2,Japan,Berlin,20,0,0,20,0,0.0,N/A,0.0,
20,2,Japan,Germany,20,13,7,13,6,0.35,0.5384615384615384,0.2692307692307692,
20,2,Berlin,Germany,0,13,0,0,13,N/A,0.0,0.0,
20,3,Tokyo,Japan,4,14,1,3,13,0.25,0.07142857142857142,0.058823529411764705,
20,3,Tokyo,Berlin,4,1,0,4,1,0.0,0.0,0.0,
20,3,Tokyo,Germany,4,5,1,3,4,0.25,0.2,0.125,
20,3,Japan,Berlin,14,1,0,14,1,0.0,0.0,0.0,
20,3,Japan,Germany,14,5,3,11,2,0.21428571428571427,0.6,0.1875,
20,3,Berlin,Germany,1,5,0,1,5,0.0,0.0,0.0,
20,4,Tokyo,Japan,8,16,2,6,14,0.25,0.125,0.09090909090909091,
20,4,Tokyo,Berlin,8,1,1,7,0,0.125,1.0,0.125,
20,4,Tokyo,Germany,8,5,1,7,4,0.125,0.2,0.08333333333333333,
20,4,Japan,Berlin,16,1,0,16,1,0.0,0.0,0.0,
20,4,Japan,Germany,16,5,1,15,4,0.0625,0.2,0.05,
20,4,Berlin,Germany,1,5,0,1,5,0.0,0.0,0.0,
20,5,Tokyo,Japan,19,18,1,18,17,0.05263157894736842,0.05555555555555555,0.027777777777777776,
20,5,Tokyo,Berlin,19,0,0,19,0,0.0,N/A,0.0,
20,5,Tokyo,Germany,19,16,1,18,15,0.05263157894736842,0.0625,0.029411764705882353,
20,5,Japan,Berlin,18,0,0,18,0,0.0,N/A,0.0,
20,5,Japan,Germany,18,16,4,14,12,0.2222222222222222,0.25,0.13333333333333333,
20,5,Berlin,Germany,0,16,0,0,16,N/A,0.0,0.0,
20,6,Tokyo,Japan,12,18,2,10,16,0.16666666666666666,0.1111111111111111,0.07142857142857142,
20,6,Tokyo,Berlin,12,1,0,12,1,0.0,0.0,0.0,
20,6,Tokyo,Germany,12,13,1,11,12,0.08333333333333333,0.07692307692307693,0.041666666666666664,
20,6,Japan,Berlin,18,1,0,18,1,0.0,0.0,0.0,
20,6,Japan,Germany,18,13,3,15,10,0.16666666666666666,0.23076923076923078,0.10714285714285714,
20,6,Berlin,Germany,1,13,0,1,13,0.0,0.0,0.0,
20,7,Tokyo,Japan,16,11,2,14,9,0.125,0.18181818181818182,0.08,
20,7,Tokyo,Berlin,16,1,1,15,0,0.0625,1.0,0.0625,
20,7,Tokyo,Germany,16,2,1,15,1,0.0625,0.5,0.058823529411764705,
20,7,Japan,Berlin,11,1,1,10,0,0.09090909090909091,1.0,0.09090909090909091,
20,7,Japan,Germany,11,2,2,9,0,0.18181818181818182,1.0,0.18181818181818182,
20,7,Berlin,Germany,1,2,0,1,2,0.0,0.0,0.0,
20,8,Tokyo,Japan,20,15,5,15,10,0.25,0.3333333333333333,0.16666666666666666,
20,8,Tokyo,Berlin,20,1,0,20,1,0.0,0.0,0.0,
20,8,Tokyo,Germany,20,20,3,17,17,0.15,0.15,0.08108108108108109,
20,8,Japan,Berlin,15,1,1,14,0,0.06666666666666667,1.0,0.06666666666666667,
20,8,Japan,Germany,15,20,6,9,14,0.4,0.3,0.20689655172413793,
20,8,Berlin,Germany,1,20,0,1,20,0.0,0.0,0.0,
20,9,Tokyo,Japan,19,20,1,18,19,0.05263157894736842,0.05,0.02631578947368421,
20,9,Tokyo,Berlin,19,3,0,19,3,0.0,0.0,0.0,
20,9,Tokyo,Germany,19,15,1,18,14,0.05263157894736842,0.06666666666666667,0.030303030303030304,
20,9,Japan,Berlin,20,3,0,20,3,0.0,0.0,0.0,
20,9,Japan,Germany,20,15,9,11,6,0.45,0.6,0.34615384615384615,
20,9,Berlin,Germany,3,15,0,3,15,0.0,0.0,0.0,
20,10,Tokyo,Japan,14,20,0,14,20,0.0,0.0,0.0,
20,10,Tokyo,Berlin,14,5,1,13,4,0.07142857142857142,0.2,0.05555555555555555,
20,10,Tokyo,Germany,14,15,0,14,15,0.0,0.0,0.0,
20,10,Japan,Berlin,20,5,1,19,4,0.05,0.2,0.041666666666666664,
20,10,Japan,Germany,20,15,6,14,9,0.3,0.4,0.20689655172413793,
20,10,Berlin,Germany,5,15,0,5,15,0.0,0.0,0.0,
20,11,Tokyo,Japan,12,20,1,11,19,0.08333333333333333,0.05,0.03225806451612903,
20,11,Tokyo,Berlin,12,1,1,11,0,0.08333333333333333,1.0,0.08333333333333333,
20,11,Tokyo,Germany,12,17,1,11,16,0.08333333333333333,0.058823529411764705,0.03571428571428571,
20,11,Japan,Berlin,20,1,0,20,1,0.0,0.0,0.0,
20,11,Japan,Germany,20,17,7,13,10,0.35,0.4117647058823529,0.23333333333333334,
20,11,Berlin,Germany,1,17,0,1,17,0.0,0.0,0.0,
20,12,Tokyo,Japan,7,20,0,7,20,0.0,0.0,0.0,
20,12,Tokyo,Berlin,7,3,0,7,3,0.0,0.0,0.0,
20,12,Tokyo,Germany,7,20,3,4,17,0.42857142857142855,0.15,0.125,
20,12,Japan,Berlin,20,3,0,20,3,0.0,0.0,0.0,
20,12,Japan,Germany,20,20,4,16,16,0.2,0.2,0.1111111111111111,
20,12,Berlin,Germany,3,20,0,3,20,0.0,0.0,0.0,
20,13,Tokyo,Japan,7,20,1,6,19,0.14285714285714285,0.05,0.038461538461538464,
20,13,Tokyo,Berlin,7,3,0,7,3,0.0,0.0,0.0,
20,13,Tokyo,Germany,7,14,2,5,12,0.2857142857142857,0.14285714285714285,0.10526315789473684,
20,13,Japan,Berlin,20,3,0,20,3,0.0,0.0,0.0,
20,13,Japan,Germany,20,14,3,17,11,0.15,0.21428571428571427,0.0967741935483871,
20,13,Berlin,Germany,3,14,0,3,14,0.0,0.0,0.0,
20,14,Tokyo,Japan,5,20,1,4,19,0.2,0.05,0.041666666666666664,
20,14,Tokyo,Berlin,5,3,0,5,3,0.0,0.0,0.0,
20,14,Tokyo,Germany,5,19,1,4,18,0.2,0.05263157894736842,0.043478260869565216,
20,14,Japan,Berlin,20,3,0,20,3,0.0,0.0,0.0,
20,14,Japan,Germany,20,19,7,13,12,0.35,0.3684210526315789,0.21875,
20,14,Berlin,Germany,3,19,1,2,18,0.3333333333333333,0.05263157894736842,0.047619047619047616,
20,15,Tokyo,Japan,19,20,3,16,17,0.15789473684210525,0.15,0.08333333333333333,
20,15,Tokyo,Berlin,19,2,2,17,0,0.10526315789473684,1.0,0.10526315789473684,
20,15,Tokyo,Germany,19,10,1,18,9,0.05263157894736842,0.1,0.03571428571428571,
20,15,Japan,Berlin,20,2,2,18,0,0.1,1.0,0.1,
20,15,Japan,Germany,20,10,2,18,8,0.1,0.2,0.07142857142857142,
20,15,Berlin,Germany,2,10,0,2,10,0.0,0.0,0.0,
20,16,Tokyo,Japan,5,20,0,5,20,0.0,0.0,0.0,
20,16,Tokyo,Berlin,5,1,1,4,0,0.2,1.0,0.2,
20,16,Tokyo,Germany,5,15,1,4,14,0.2,0.06666666666666667,0.05263157894736842,
20,16,Japan,Berlin,20,1,0,20,1,0.0,0.0,0.0,
20,16,Japan,Germany,20,15,2,18,13,0.1,0.13333333333333333,0.06060606060606061,
20,16,Berlin,Germany,1,15,0,1,15,0.0,0.0,0.0,
20,17,Tokyo,Japan,6,19,2,4,17,0.3333333333333333,0.10526315789473684,0.08695652173913043,
20,17,Tokyo,Berlin,6,4,1,5,3,0.16666666666666666,0.25,0.1111111111111111,
20,17,Tokyo,Germany,6,7,0,6,7,0.0,0.0,0.0,
20,17,Japan,Berlin,19,4,3,16,1,0.15789473684210525,0.75,0.15,
20,17,Japan,Germany,19,7,3,16,4,0.15789473684210525,0.42857142857142855,0.13043478260869565,
20,17,Berlin,Germany,4,7,0,4,7,0.0,0.0,0.0,
20,18,Tokyo,Japan,5,16,1,4,15,0.2,0.0625,0.05,
20,18,Tokyo,Berlin,5,1,1,4,0,0.2,1.0,0.2,
20,18,Tokyo,Germany,5,3,0,5,3,0.0,0.0,0.0,
20,18,Japan,Berlin,16,1,1,15,0,0.0625,1.0,0.0625,
20,18,Japan,Germany,16,3,2,14,1,0.125,0.6666666666666666,0.11764705882352941,
20,18,Berlin,Germany,1,3,0,1,3,0.0,0.0,0.0,
20,19,Tokyo,Japan,6,8,1,5,7,0.16666666666666666,0.125,0.07692307692307693,
20,19,Tokyo,Berlin,6,2,0,6,2,0.0,0.0,0.0,
20,19,Tokyo,Germany,6,6,1,5,5,0.16666666666666666,0.16666666666666666,0.09090909090909091,
20,19,Japan,Berlin,8,2,0,8,2,0.0,0.0,0.0,
20,19,Japan,Germany,8,6,1,7,5,0.125,0.16666666666666666,0.07692307692307693,
20,19,Berlin,Germany,2,6,0,2,6,0.0,0.0,0.0,
20,20,Tokyo,Japan,6,10,4,2,6,0.6666666666666666,0.4,0.3333333333333333,
20,20,Tokyo,Berlin,6,6,2,4,4,0.3333333333333333,0.3333333333333333,0.2,
20,20,Tokyo,Germany,6,8,1,5,7,0.16666666666666666,0.125,0.07692307692307693,
20,20,Japan,Berlin,10,6,2,8,4,0.2,0.3333333333333333,0.14285714285714285,
20,20,Japan,Germany,10,8,3,7,5,0.3,0.375,0.2,
20,20,Berlin,Germany,6,8,1,5,7,0.16666666666666666,0.125,0.07692307692307693,
20,21,Tokyo,Japan,8,9,3,5,6,0.375,0.3333333333333333,0.21428571428571427,
20,21,Tokyo,Berlin,8,6,3,5,3,0.375,0.5,0.2727272727272727,
20,21,Tokyo,Germany,8,7,0,8,7,0.0,0.0,0.0,
20,21,Japan,Berlin,9,6,0,9,6,0.0,0.0,0.0,
20,21,Japan,Germany,9,7,1,8,6,0.1111111111111111,0.14285714285714285,0.06666666666666667,
20,21,Berlin,Germany,6,7,1,5,6,0.16666666666666666,0.14285714285714285,0.08333333333333333,
20,22,Tokyo,Japan,7,7,2,5,5,0.2857142857142857,0.2857142857142857,0.16666666666666666,
20,22,Tokyo,Berlin,7,6,0,7,6,0.0,0.0,0.0,
20,22,Tokyo,Germany,7,9,0,7,9,0.0,0.0,0.0,
20,22,Japan,Berlin,7,6,0,7,6,0.0,0.0,0.0,
20,22,Japan,Germany,7,9,0,7,9,0.0,0.0,0.0,
20,22,Berlin,Germany,6,9,3,3,6,0.5,0.3333333333333333,0.25,
20,23,Tokyo,Japan,10,12,4,6,8,0.4,0.3333333333333333,0.2222222222222222,
20,23,Tokyo,Berlin,10,6,1,9,5,0.1,0.16666666666666666,0.06666666666666667,
20,23,Tokyo,Germany,10,7,0,10,7,0.0,0.0,0.0,
20,23,Japan,Berlin,12,6,0,12,6,0.0,0.0,0.0,
20,23,Japan,Germany,12,7,1,11,6,0.08333333333333333,0.14285714285714285,0.05555555555555555,
20,23,Berlin,Germany,6,7,2,4,5,0.3333333333333333,0.2857142857142857,0.18181818181818182,
20,24,Tokyo,Japan,15,11,4,11,7,0.26666666666666666,0.36363636363636365,0.18181818181818182,
20,24,Tokyo,Berlin,15,9,2,13,7,0.13333333333333333,0.2222222222222222,0.09090909090909091,
20,24,Tokyo,Germany,15,8,3,12,5,0.2,0.375,0.15,
20,24,Japan,Berlin,11,9,0,11,9,0.0,0.0,0.0,
20,24,Japan,Germany,11,8,0,11,8,0.0,0.0,0.0,
20,24,Berlin,Germany,9,8,2,7,6,0.2222222222222222,0.25,0.13333333333333333,
20,25,Tokyo,Japan,14,10,6,8,4,0.42857142857142855,0.6,0.3333333333333333,
20,25,Tokyo,Berlin,14,10,2,12,8,0.14285714285714285,0.2,0.09090909090909091,
20,25,Tokyo,Germany,14,5,1,13,4,0.07142857142857142,0.2,0.05555555555555555,
20,25,Japan,Berlin,10,10,0,10,10,0.0,0.0,0.0,
20,25,Japan,Germany,10,5,1,9,4,0.1,0.2,0.07142857142857142,
20,25,Berlin,Germany,10,5,1,9,4,0.1,0.2,0.07142857142857142,
20,26,Tokyo,Japan,15,16,8,7,8,0.5333333333333333,0.5,0.34782608695652173,
20,26,Tokyo,Berlin,15,6,3,12,3,0.2,0.5,0.16666666666666666,
20,26,Tokyo,Germany,15,8,2,13,6,0.13333333333333333,0.25,0.09523809523809523,
20,26,Japan,Berlin,16,6,0,16,6,0.0,0.0,0.0,
20,26,Japan,Germany,16,8,3,13,5,0.1875,0.375,0.14285714285714285,
20,26,Berlin,Germany,6,8,2,4,6,0.3333333333333333,0.25,0.16666666666666666,
20,27,Tokyo,Japan,5,3,2,3,1,0.4,0.6666666666666666,0.3333333333333333,
20,27,Tokyo,Berlin,5,3,1,4,2,0.2,0.3333333333333333,0.14285714285714285,
20,27,Tokyo,Germany,5,2,1,4,1,0.2,0.5,0.16666666666666666,
20,27,Japan,Berlin,3,3,0,3,3,0.0,0.0,0.0,
20,27,Japan,Germany,3,2,1,2,1,0.3333333333333333,0.5,0.25,
20,27,Berlin,Germany,3,2,1,2,1,0.3333333333333333,0.5,0.25,
50,all_layers_pooled,Tokyo,Japan,293,518,66,227,452,0.22525597269624573,0.1274131274131274,0.08859060402684564,
50,all_layers_pooled,Tokyo,Berlin,293,85,24,269,61,0.08191126279863481,0.2823529411764706,0.06779661016949153,
50,all_layers_pooled,Tokyo,Germany,293,275,27,266,248,0.09215017064846416,0.09818181818181818,0.04990757855822551,
50,all_layers_pooled,Japan,Berlin,518,85,11,507,74,0.021235521235521235,0.12941176470588237,0.018581081081081082,
50,all_layers_pooled,Japan,Germany,518,275,102,416,173,0.1969111969111969,0.3709090909090909,0.1476121562952243,
50,all_layers_pooled,Berlin,Germany,85,275,14,71,261,0.16470588235294117,0.05090909090909091,0.04046242774566474,
50,0,Tokyo,Japan,0,0,0,0,0,N/A,N/A,N/A,
50,0,Tokyo,Berlin,0,0,0,0,0,N/A,N/A,N/A,
50,0,Tokyo,Germany,0,0,0,0,0,N/A,N/A,N/A,
50,0,Japan,Berlin,0,0,0,0,0,N/A,N/A,N/A,
50,0,Japan,Germany,0,0,0,0,0,N/A,N/A,N/A,
50,0,Berlin,Germany,0,0,0,0,0,N/A,N/A,N/A,
50,1,Tokyo,Japan,3,10,0,3,10,0.0,0.0,0.0,
50,1,Tokyo,Berlin,3,0,0,3,0,0.0,N/A,0.0,
50,1,Tokyo,Germany,3,2,0,3,2,0.0,0.0,0.0,
50,1,Japan,Berlin,10,0,0,10,0,0.0,N/A,0.0,
50,1,Japan,Germany,10,2,1,9,1,0.1,0.5,0.09090909090909091,
50,1,Berlin,Germany,0,2,0,0,2,N/A,0.0,0.0,
50,2,Tokyo,Japan,9,50,1,8,49,0.1111111111111111,0.02,0.017241379310344827,
50,2,Tokyo,Berlin,9,0,0,9,0,0.0,N/A,0.0,
50,2,Tokyo,Germany,9,13,0,9,13,0.0,0.0,0.0,
50,2,Japan,Berlin,50,0,0,50,0,0.0,N/A,0.0,
50,2,Japan,Germany,50,13,11,39,2,0.22,0.8461538461538461,0.21153846153846154,
50,2,Berlin,Germany,0,13,0,0,13,N/A,0.0,0.0,
50,3,Tokyo,Japan,4,14,1,3,13,0.25,0.07142857142857142,0.058823529411764705,
50,3,Tokyo,Berlin,4,1,0,4,1,0.0,0.0,0.0,
50,3,Tokyo,Germany,4,5,1,3,4,0.25,0.2,0.125,
50,3,Japan,Berlin,14,1,0,14,1,0.0,0.0,0.0,
50,3,Japan,Germany,14,5,3,11,2,0.21428571428571427,0.6,0.1875,
50,3,Berlin,Germany,1,5,0,1,5,0.0,0.0,0.0,
50,4,Tokyo,Japan,8,16,2,6,14,0.25,0.125,0.09090909090909091,
50,4,Tokyo,Berlin,8,1,1,7,0,0.125,1.0,0.125,
50,4,Tokyo,Germany,8,5,1,7,4,0.125,0.2,0.08333333333333333,
50,4,Japan,Berlin,16,1,0,16,1,0.0,0.0,0.0,
50,4,Japan,Germany,16,5,1,15,4,0.0625,0.2,0.05,
50,4,Berlin,Germany,1,5,0,1,5,0.0,0.0,0.0,
50,5,Tokyo,Japan,19,18,1,18,17,0.05263157894736842,0.05555555555555555,0.027777777777777776,
50,5,Tokyo,Berlin,19,0,0,19,0,0.0,N/A,0.0,
50,5,Tokyo,Germany,19,16,1,18,15,0.05263157894736842,0.0625,0.029411764705882353,
50,5,Japan,Berlin,18,0,0,18,0,0.0,N/A,0.0,
50,5,Japan,Germany,18,16,4,14,12,0.2222222222222222,0.25,0.13333333333333333,
50,5,Berlin,Germany,0,16,0,0,16,N/A,0.0,0.0,
50,6,Tokyo,Japan,12,18,2,10,16,0.16666666666666666,0.1111111111111111,0.07142857142857142,
50,6,Tokyo,Berlin,12,1,0,12,1,0.0,0.0,0.0,
50,6,Tokyo,Germany,12,13,1,11,12,0.08333333333333333,0.07692307692307693,0.041666666666666664,
50,6,Japan,Berlin,18,1,0,18,1,0.0,0.0,0.0,
50,6,Japan,Germany,18,13,3,15,10,0.16666666666666666,0.23076923076923078,0.10714285714285714,
50,6,Berlin,Germany,1,13,0,1,13,0.0,0.0,0.0,
50,7,Tokyo,Japan,16,11,2,14,9,0.125,0.18181818181818182,0.08,
50,7,Tokyo,Berlin,16,1,1,15,0,0.0625,1.0,0.0625,
50,7,Tokyo,Germany,16,2,1,15,1,0.0625,0.5,0.058823529411764705,
50,7,Japan,Berlin,11,1,1,10,0,0.09090909090909091,1.0,0.09090909090909091,
50,7,Japan,Germany,11,2,2,9,0,0.18181818181818182,1.0,0.18181818181818182,
50,7,Berlin,Germany,1,2,0,1,2,0.0,0.0,0.0,
50,8,Tokyo,Japan,37,15,6,31,9,0.16216216216216217,0.4,0.13043478260869565,
50,8,Tokyo,Berlin,37,1,1,36,0,0.02702702702702703,1.0,0.02702702702702703,
50,8,Tokyo,Germany,37,22,3,34,19,0.08108108108108109,0.13636363636363635,0.05357142857142857,
50,8,Japan,Berlin,15,1,1,14,0,0.06666666666666667,1.0,0.06666666666666667,
50,8,Japan,Germany,15,22,6,9,16,0.4,0.2727272727272727,0.1935483870967742,
50,8,Berlin,Germany,1,22,0,1,22,0.0,0.0,0.0,
50,9,Tokyo,Japan,19,23,1,18,22,0.05263157894736842,0.043478260869565216,0.024390243902439025,
50,9,Tokyo,Berlin,19,3,0,19,3,0.0,0.0,0.0,
50,9,Tokyo,Germany,19,15,1,18,14,0.05263157894736842,0.06666666666666667,0.030303030303030304,
50,9,Japan,Berlin,23,3,0,23,3,0.0,0.0,0.0,
50,9,Japan,Germany,23,15,9,14,6,0.391304347826087,0.6,0.3103448275862069,
50,9,Berlin,Germany,3,15,0,3,15,0.0,0.0,0.0,
50,10,Tokyo,Japan,14,24,0,14,24,0.0,0.0,0.0,
50,10,Tokyo,Berlin,14,5,1,13,4,0.07142857142857142,0.2,0.05555555555555555,
50,10,Tokyo,Germany,14,15,0,14,15,0.0,0.0,0.0,
50,10,Japan,Berlin,24,5,1,23,4,0.041666666666666664,0.2,0.03571428571428571,
50,10,Japan,Germany,24,15,6,18,9,0.25,0.4,0.18181818181818182,
50,10,Berlin,Germany,5,15,0,5,15,0.0,0.0,0.0,
50,11,Tokyo,Japan,12,30,1,11,29,0.08333333333333333,0.03333333333333333,0.024390243902439025,
50,11,Tokyo,Berlin,12,1,1,11,0,0.08333333333333333,1.0,0.08333333333333333,
50,11,Tokyo,Germany,12,17,1,11,16,0.08333333333333333,0.058823529411764705,0.03571428571428571,
50,11,Japan,Berlin,30,1,0,30,1,0.0,0.0,0.0,
50,11,Japan,Germany,30,17,8,22,9,0.26666666666666666,0.47058823529411764,0.20512820512820512,
50,11,Berlin,Germany,1,17,0,1,17,0.0,0.0,0.0,
50,12,Tokyo,Japan,7,45,3,4,42,0.42857142857142855,0.06666666666666667,0.061224489795918366,
50,12,Tokyo,Berlin,7,3,0,7,3,0.0,0.0,0.0,
50,12,Tokyo,Germany,7,22,3,4,19,0.42857142857142855,0.13636363636363635,0.11538461538461539,
50,12,Japan,Berlin,45,3,0,45,3,0.0,0.0,0.0,
50,12,Japan,Germany,45,22,9,36,13,0.2,0.4090909090909091,0.15517241379310345,
50,12,Berlin,Germany,3,22,0,3,22,0.0,0.0,0.0,
50,13,Tokyo,Japan,7,21,1,6,20,0.14285714285714285,0.047619047619047616,0.037037037037037035,
50,13,Tokyo,Berlin,7,3,0,7,3,0.0,0.0,0.0,
50,13,Tokyo,Germany,7,14,2,5,12,0.2857142857142857,0.14285714285714285,0.10526315789473684,
50,13,Japan,Berlin,21,3,0,21,3,0.0,0.0,0.0,
50,13,Japan,Germany,21,14,3,18,11,0.14285714285714285,0.21428571428571427,0.09375,
50,13,Berlin,Germany,3,14,0,3,14,0.0,0.0,0.0,
50,14,Tokyo,Japan,5,30,2,3,28,0.4,0.06666666666666667,0.06060606060606061,
50,14,Tokyo,Berlin,5,3,0,5,3,0.0,0.0,0.0,
50,14,Tokyo,Germany,5,19,1,4,18,0.2,0.05263157894736842,0.043478260869565216,
50,14,Japan,Berlin,30,3,0,30,3,0.0,0.0,0.0,
50,14,Japan,Germany,30,19,8,22,11,0.26666666666666666,0.42105263157894735,0.1951219512195122,
50,14,Berlin,Germany,3,19,1,2,18,0.3333333333333333,0.05263157894736842,0.047619047619047616,
50,15,Tokyo,Japan,19,36,4,15,32,0.21052631578947367,0.1111111111111111,0.0784313725490196,
50,15,Tokyo,Berlin,19,2,2,17,0,0.10526315789473684,1.0,0.10526315789473684,
50,15,Tokyo,Germany,19,10,1,18,9,0.05263157894736842,0.1,0.03571428571428571,
50,15,Japan,Berlin,36,2,2,34,0,0.05555555555555555,1.0,0.05555555555555555,
50,15,Japan,Germany,36,10,5,31,5,0.1388888888888889,0.5,0.12195121951219512,
50,15,Berlin,Germany,2,10,0,2,10,0.0,0.0,0.0,
50,16,Tokyo,Japan,5,36,2,3,34,0.4,0.05555555555555555,0.05128205128205128,
50,16,Tokyo,Berlin,5,1,1,4,0,0.2,1.0,0.2,
50,16,Tokyo,Germany,5,15,1,4,14,0.2,0.06666666666666667,0.05263157894736842,
50,16,Japan,Berlin,36,1,0,36,1,0.0,0.0,0.0,
50,16,Japan,Germany,36,15,7,29,8,0.19444444444444445,0.4666666666666667,0.1590909090909091,
50,16,Berlin,Germany,1,15,0,1,15,0.0,0.0,0.0,
50,17,Tokyo,Japan,6,19,2,4,17,0.3333333333333333,0.10526315789473684,0.08695652173913043,
50,17,Tokyo,Berlin,6,4,1,5,3,0.16666666666666666,0.25,0.1111111111111111,
50,17,Tokyo,Germany,6,7,0,6,7,0.0,0.0,0.0,
50,17,Japan,Berlin,19,4,3,16,1,0.15789473684210525,0.75,0.15,
50,17,Japan,Germany,19,7,3,16,4,0.15789473684210525,0.42857142857142855,0.13043478260869565,
50,17,Berlin,Germany,4,7,0,4,7,0.0,0.0,0.0,
50,18,Tokyo,Japan,5,16,1,4,15,0.2,0.0625,0.05,
50,18,Tokyo,Berlin,5,1,1,4,0,0.2,1.0,0.2,
50,18,Tokyo,Germany,5,3,0,5,3,0.0,0.0,0.0,
50,18,Japan,Berlin,16,1,1,15,0,0.0625,1.0,0.0625,
50,18,Japan,Germany,16,3,2,14,1,0.125,0.6666666666666666,0.11764705882352941,
50,18,Berlin,Germany,1,3,0,1,3,0.0,0.0,0.0,
50,19,Tokyo,Japan,6,8,1,5,7,0.16666666666666666,0.125,0.07692307692307693,
50,19,Tokyo,Berlin,6,2,0,6,2,0.0,0.0,0.0,
50,19,Tokyo,Germany,6,6,1,5,5,0.16666666666666666,0.16666666666666666,0.09090909090909091,
50,19,Japan,Berlin,8,2,0,8,2,0.0,0.0,0.0,
50,19,Japan,Germany,8,6,1,7,5,0.125,0.16666666666666666,0.07692307692307693,
50,19,Berlin,Germany,2,6,0,2,6,0.0,0.0,0.0,
50,20,Tokyo,Japan,6,10,4,2,6,0.6666666666666666,0.4,0.3333333333333333,
50,20,Tokyo,Berlin,6,6,2,4,4,0.3333333333333333,0.3333333333333333,0.2,
50,20,Tokyo,Germany,6,8,1,5,7,0.16666666666666666,0.125,0.07692307692307693,
50,20,Japan,Berlin,10,6,2,8,4,0.2,0.3333333333333333,0.14285714285714285,
50,20,Japan,Germany,10,8,3,7,5,0.3,0.375,0.2,
50,20,Berlin,Germany,6,8,1,5,7,0.16666666666666666,0.125,0.07692307692307693,
50,21,Tokyo,Japan,8,9,3,5,6,0.375,0.3333333333333333,0.21428571428571427,
50,21,Tokyo,Berlin,8,6,3,5,3,0.375,0.5,0.2727272727272727,
50,21,Tokyo,Germany,8,7,0,8,7,0.0,0.0,0.0,
50,21,Japan,Berlin,9,6,0,9,6,0.0,0.0,0.0,
50,21,Japan,Germany,9,7,1,8,6,0.1111111111111111,0.14285714285714285,0.06666666666666667,
50,21,Berlin,Germany,6,7,1,5,6,0.16666666666666666,0.14285714285714285,0.08333333333333333,
50,22,Tokyo,Japan,7,7,2,5,5,0.2857142857142857,0.2857142857142857,0.16666666666666666,
50,22,Tokyo,Berlin,7,6,0,7,6,0.0,0.0,0.0,
50,22,Tokyo,Germany,7,9,0,7,9,0.0,0.0,0.0,
50,22,Japan,Berlin,7,6,0,7,6,0.0,0.0,0.0,
50,22,Japan,Germany,7,9,0,7,9,0.0,0.0,0.0,
50,22,Berlin,Germany,6,9,3,3,6,0.5,0.3333333333333333,0.25,
50,23,Tokyo,Japan,10,12,4,6,8,0.4,0.3333333333333333,0.2222222222222222,
50,23,Tokyo,Berlin,10,6,1,9,5,0.1,0.16666666666666666,0.06666666666666667,
50,23,Tokyo,Germany,10,7,0,10,7,0.0,0.0,0.0,
50,23,Japan,Berlin,12,6,0,12,6,0.0,0.0,0.0,
50,23,Japan,Germany,12,7,1,11,6,0.08333333333333333,0.14285714285714285,0.05555555555555555,
50,23,Berlin,Germany,6,7,2,4,5,0.3333333333333333,0.2857142857142857,0.18181818181818182,
50,24,Tokyo,Japan,15,11,4,11,7,0.26666666666666666,0.36363636363636365,0.18181818181818182,
50,24,Tokyo,Berlin,15,9,2,13,7,0.13333333333333333,0.2222222222222222,0.09090909090909091,
50,24,Tokyo,Germany,15,8,3,12,5,0.2,0.375,0.15,
50,24,Japan,Berlin,11,9,0,11,9,0.0,0.0,0.0,
50,24,Japan,Germany,11,8,0,11,8,0.0,0.0,0.0,
50,24,Berlin,Germany,9,8,2,7,6,0.2222222222222222,0.25,0.13333333333333333,
50,25,Tokyo,Japan,14,10,6,8,4,0.42857142857142855,0.6,0.3333333333333333,
50,25,Tokyo,Berlin,14,10,2,12,8,0.14285714285714285,0.2,0.09090909090909091,
50,25,Tokyo,Germany,14,5,1,13,4,0.07142857142857142,0.2,0.05555555555555555,
50,25,Japan,Berlin,10,10,0,10,10,0.0,0.0,0.0,
50,25,Japan,Germany,10,5,1,9,4,0.1,0.2,0.07142857142857142,
50,25,Berlin,Germany,10,5,1,9,4,0.1,0.2,0.07142857142857142,
50,26,Tokyo,Japan,15,16,8,7,8,0.5333333333333333,0.5,0.34782608695652173,
50,26,Tokyo,Berlin,15,6,3,12,3,0.2,0.5,0.16666666666666666,
50,26,Tokyo,Germany,15,8,2,13,6,0.13333333333333333,0.25,0.09523809523809523,
50,26,Japan,Berlin,16,6,0,16,6,0.0,0.0,0.0,
50,26,Japan,Germany,16,8,3,13,5,0.1875,0.375,0.14285714285714285,
50,26,Berlin,Germany,6,8,2,4,6,0.3333333333333333,0.25,0.16666666666666666,
50,27,Tokyo,Japan,5,3,2,3,1,0.4,0.6666666666666666,0.3333333333333333,
50,27,Tokyo,Berlin,5,3,1,4,2,0.2,0.3333333333333333,0.14285714285714285,
50,27,Tokyo,Germany,5,2,1,4,1,0.2,0.5,0.16666666666666666,
50,27,Japan,Berlin,3,3,0,3,3,0.0,0.0,0.0,
50,27,Japan,Germany,3,2,1,2,1,0.3333333333333333,0.5,0.25,
50,27,Berlin,Germany,3,2,1,2,1,0.3333333333333333,0.5,0.25,
