layer,n_rows,mean_active_features,rel_l2_error,finite
0,156,18.897436141967773,0.24657881259918213,True
1,156,17.46794891357422,0.35677334666252136,True
2,156,16.698719024658203,0.4743955731391907,True
3,156,8.551281929016113,0.5026843547821045,True
4,156,10.378205299377441,0.5190832018852234,True
5,156,12.019230842590332,0.60759437084198,True
6,156,10.70512866973877,0.6436982750892639,True
7,156,12.60897445678711,0.6179686188697815,True
8,156,13.423076629638672,0.7063677310943604,True
9,156,13.339743614196777,0.6767257452011108,True
10,156,12.551281929016113,0.6702588200569153,True
11,156,11.692307472229004,0.7326423525810242,True
12,156,13.85897445678711,0.7531394362449646,True
13,156,10.89102554321289,0.7673999667167664,True
14,156,12.807692527770996,0.7381306290626526,True
15,156,11.576923370361328,0.7308465838432312,True
16,156,10.34615421295166,0.6439507603645325,True
17,156,9.333333015441895,0.548568606376648,True
18,156,8.884615898132324,0.6407895684242249,True
19,156,9.583333015441895,0.5100387930870056,True
20,156,10.852563858032227,0.556970477104187,True
21,156,8.282051086425781,0.538348376750946,True
22,156,10.5,0.3969230651855469,True
23,156,10.692307472229004,0.48205509781837463,True
24,156,10.160256385803223,0.4186868965625763,True
25,156,10.884615898132324,0.4841479957103729,True
26,156,9.73717975616455,0.5159725546836853,True
27,156,4.679487228393555,0.2774578928947449,True
