threshold,set_a,set_b,n_strong,strong_also_in_b,n_weak,weak_also_in_b
0.25,Tokyo,Japan,80,30,196,28
0.25,Tokyo,Berlin,80,3,196,20
0.25,Tokyo,Germany,80,10,196,17
0.25,Japan,Tokyo,81,25,322,33
0.25,Japan,Berlin,81,2,322,9
0.25,Japan,Germany,81,23,322,60
0.25,Berlin,Tokyo,36,2,49,21
0.25,Berlin,Japan,36,0,49,11
0.25,Berlin,Germany,36,11,49,3
0.25,Germany,Tokyo,64,4,207,23
0.25,Germany,Japan,64,21,207,62
0.25,Germany,Berlin,64,10,207,4
0.5,Tokyo,Japan,20,16,256,42
0.5,Tokyo,Berlin,20,1,256,22
0.5,Tokyo,Germany,20,0,256,27
0.5,Japan,Tokyo,19,12,384,46
0.5,Japan,Berlin,19,0,384,11
0.5,Japan,Germany,19,3,384,80
0.5,Berlin,Tokyo,25,1,60,22
0.5,Berlin,Japan,25,0,60,11
0.5,Berlin,Germany,25,11,60,3
0.5,Germany,Tokyo,14,2,257,25
0.5,Germany,Japan,14,4,257,79
0.5,Germany,Berlin,14,7,257,7
0.75,Tokyo,Japan,10,10,266,48
0.75,Tokyo,Berlin,10,0,266,23
0.75,Tokyo,Germany,10,0,266,27
0.75,Japan,Tokyo,11,10,392,48
0.75,Japan,Berlin,11,0,392,11
0.75,Japan,Germany,11,0,392,83
0.75,Berlin,Tokyo,19,0,66,23
0.75,Berlin,Japan,19,0,66,11
0.75,Berlin,Germany,19,11,66,3
0.75,Germany,Tokyo,5,0,266,27
0.75,Germany,Japan,5,0,266,83
0.75,Germany,Berlin,5,4,266,10
