country,city,kind,layer,arm,role,prompt,edited_position,alpha,answer,answer_first_token,answer_prob,top1,continuation,perturbation_l2,bridge_prob
Japan,Tokyo,set-exclusive (predeclared),12,candidate,capital,The capital of Japan is,3,0.0,Tokyo, Tokyo,0.40225979685783386, Tokyo, Tokyo. The capital of the United States,0.0,0.6925448179244995
Japan,Tokyo,set-exclusive (predeclared),12,candidate,capital,The capital of Japan is,3,0.5,Tokyo, Tokyo,0.40872833132743835, Tokyo, Tokyo. The capital of the United States,2.257375478744507,0.6953224539756775
Japan,Tokyo,set-exclusive (predeclared),12,candidate,capital,The capital of Japan is,3,1.0,Tokyo, Tokyo,0.4148184061050415, Tokyo, Tokyo. The capital of the United States,4.514750957489014,0.6975398063659668
Japan,Tokyo,set-exclusive (predeclared),12,candidate,context_control,The official currency of Japan is the,4,0.0,Yen, yen,0.8510834574699402, yen," yen, and the official currency of the",0.0,
Japan,Tokyo,set-exclusive (predeclared),12,candidate,context_control,The official currency of Japan is the,4,0.5,Yen, yen,0.8502964973449707, yen," yen, and the official currency of the",1.763587474822998,
Japan,Tokyo,set-exclusive (predeclared),12,candidate,context_control,The official currency of Japan is the,4,1.0,Yen, yen,0.8495080471038818, yen," yen, and the official currency of the",3.527174949645996,
Japan,Tokyo,set-exclusive (predeclared),12,candidate,context_control,Japan's official currency is the,0,0.0,Yen, yen,0.8909014463424683, yen," yen, and the official currency is the",0.0,
Japan,Tokyo,set-exclusive (predeclared),12,candidate,context_control,Japan's official currency is the,0,0.5,Yen, yen,0.8908994197845459, yen," yen, and the official currency is the",0.24967411160469055,
Japan,Tokyo,set-exclusive (predeclared),12,candidate,context_control,Japan's official currency is the,0,1.0,Yen, yen,0.8908970355987549, yen," yen, and the official currency is the",0.4993482232093811,
Japan,Tokyo,set-exclusive (predeclared),12,candidate,context_control,What is the official currency of Japan? It is called the,6,0.0,Yen, yen,0.3825865387916565, yen, yen. What is the official currency of,0.0,
Japan,Tokyo,set-exclusive (predeclared),12,candidate,context_control,What is the official currency of Japan? It is called the,6,0.5,Yen, yen,0.38245365023612976, yen, yen. What is the official currency of,1.2980539798736572,
Japan,Tokyo,set-exclusive (predeclared),12,candidate,context_control,What is the official currency of Japan? It is called the,6,1.0,Yen, yen,0.3822309374809265, yen, yen. What is the official currency of,2.5961079597473145,
Japan,Tokyo,set-exclusive (predeclared),12,candidate,context_control,Japan's official currency is called the,0,0.0,Yen, yen,0.33960017561912537, yen, yen. The yen is a currency used,0.0,
Japan,Tokyo,set-exclusive (predeclared),12,candidate,context_control,Japan's official currency is called the,0,0.5,Yen, yen,0.3396175801753998, yen, yen. The yen is a currency used,0.24967411160469055,
Japan,Tokyo,set-exclusive (predeclared),12,candidate,context_control,Japan's official currency is called the,0,1.0,Yen, yen,0.3396347761154175, yen, yen. The yen is a currency used,0.4993482232093811,
Japan,Tokyo,set-exclusive (predeclared),12,candidate,context_control,People in Japan speak,2,0.0,Japanese, Japanese,0.3603721559047699, Japanese," Japanese, but they are not necessarily the",0.0,
Japan,Tokyo,set-exclusive (predeclared),12,candidate,context_control,People in Japan speak,2,0.5,Japanese, Japanese,0.35402920842170715, Japanese," Japanese, but they are not necessarily the",2.3780570030212402,
Japan,Tokyo,set-exclusive (predeclared),12,candidate,context_control,People in Japan speak,2,1.0,Japanese, Japanese,0.34749266505241394, Japanese," Japanese, but they are not necessarily the",4.7561140060424805,
Japan,Tokyo,set-exclusive (predeclared),12,candidate,context_control,"In Japan, the primary language is",1,0.0,Japanese, Japanese,0.7218413352966309, Japanese," Japanese, and the primary language of the",0.0,
Japan,Tokyo,set-exclusive (predeclared),12,candidate,context_control,"In Japan, the primary language is",1,0.5,Japanese, Japanese,0.7141113877296448, Japanese," Japanese, and the primary language of the",2.2787890434265137,
Japan,Tokyo,set-exclusive (predeclared),12,candidate,context_control,"In Japan, the primary language is",1,1.0,Japanese, Japanese,0.7053406238555908, Japanese," Japanese, and the primary language of the",4.557578086853027,
Japan,Tokyo,set-exclusive (predeclared),12,candidate,context_control,"Japan, where most people speak",0,0.0,Japanese, Japanese,0.4408876895904541, Japanese," Japanese, is a country that has been",0.0,
Japan,Tokyo,set-exclusive (predeclared),12,candidate,context_control,"Japan, where most people speak",0,0.5,Japanese, Japanese,0.4409102201461792, Japanese," Japanese, is a country that has been",0.24967411160469055,
Japan,Tokyo,set-exclusive (predeclared),12,candidate,context_control,"Japan, where most people speak",0,1.0,Japanese, Japanese,0.4409315288066864, Japanese," Japanese, is a country that has been",0.4993482232093811,
Japan,Tokyo,set-exclusive (predeclared),12,norm-matched control,capital,The capital of Japan is,3,0.0,Tokyo, Tokyo,0.40225979685783386, Tokyo, Tokyo. The capital of the United States,0.0,0.6925448179244995
Japan,Tokyo,set-exclusive (predeclared),12,norm-matched control,capital,The capital of Japan is,3,0.5,Tokyo, Tokyo,0.4129749536514282, Tokyo, Tokyo. The capital of the United States,2.0225367546081543,0.6968429088592529
Japan,Tokyo,set-exclusive (predeclared),12,norm-matched control,capital,The capital of Japan is,3,1.0,Tokyo, Tokyo,0.42348596453666687, Tokyo, Tokyo. The capital of the United States,4.045073509216309,0.7009342312812805
Japan,Tokyo,set-exclusive (predeclared),12,norm-matched control,context_control,The official currency of Japan is the,4,0.0,Yen, yen,0.8510834574699402, yen," yen, and the official currency of the",0.0,
Japan,Tokyo,set-exclusive (predeclared),12,norm-matched control,context_control,The official currency of Japan is the,4,0.5,Yen, yen,0.8542830944061279, yen," yen, and the official currency of the",2.4328067302703857,
Japan,Tokyo,set-exclusive (predeclared),12,norm-matched control,context_control,The official currency of Japan is the,4,1.0,Yen, yen,0.8573548793792725, yen," yen, and the official currency of the",4.8656134605407715,
Japan,Tokyo,set-exclusive (predeclared),12,norm-matched control,context_control,Japan's official currency is the,0,0.0,Yen, yen,0.8909014463424683, yen," yen, and the official currency is the",0.0,
Japan,Tokyo,set-exclusive (predeclared),12,norm-matched control,context_control,Japan's official currency is the,0,0.5,Yen, yen,0.8909256458282471, yen," yen, and the official currency is the",0.22976259887218475,
Japan,Tokyo,set-exclusive (predeclared),12,norm-matched control,context_control,Japan's official currency is the,0,1.0,Yen, yen,0.8909499645233154, yen," yen, and the official currency is the",0.4595251977443695,
Japan,Tokyo,set-exclusive (predeclared),12,norm-matched control,context_control,What is the official currency of Japan? It is called the,6,0.0,Yen, yen,0.3825865387916565, yen, yen. What is the official currency of,0.0,
Japan,Tokyo,set-exclusive (predeclared),12,norm-matched control,context_control,What is the official currency of Japan? It is called the,6,0.5,Yen, yen,0.37978145480155945, yen, yen. What is the official currency of,2.258185386657715,
Japan,Tokyo,set-exclusive (predeclared),12,norm-matched control,context_control,What is the official currency of Japan? It is called the,6,1.0,Yen, yen,0.37633129954338074, yen, yen. What is the official currency of,4.51637077331543,
Japan,Tokyo,set-exclusive (predeclared),12,norm-matched control,context_control,Japan's official currency is called the,0,0.0,Yen, yen,0.33960017561912537, yen, yen. The yen is a currency used,0.0,
Japan,Tokyo,set-exclusive (predeclared),12,norm-matched control,context_control,Japan's official currency is called the,0,0.5,Yen, yen,0.3396177291870117, yen, yen. The yen is a currency used,0.22976259887218475,
Japan,Tokyo,set-exclusive (predeclared),12,norm-matched control,context_control,Japan's official currency is called the,0,1.0,Yen, yen,0.3396355211734772, yen, yen. The yen is a currency used,0.4595251977443695,
Japan,Tokyo,set-exclusive (predeclared),12,norm-matched control,context_control,People in Japan speak,2,0.0,Japanese, Japanese,0.3603721559047699, Japanese," Japanese, but they are not necessarily the",0.0,
Japan,Tokyo,set-exclusive (predeclared),12,norm-matched control,context_control,People in Japan speak,2,0.5,Japanese, Japanese,0.36580953001976013, Japanese," Japanese, but they are not necessarily the",2.1747584342956543,
Japan,Tokyo,set-exclusive (predeclared),12,norm-matched control,context_control,People in Japan speak,2,1.0,Japanese, Japanese,0.37047410011291504, Japanese," Japanese, but they are not necessarily the",4.349516868591309,
Japan,Tokyo,set-exclusive (predeclared),12,norm-matched control,context_control,"In Japan, the primary language is",1,0.0,Japanese, Japanese,0.7218413352966309, Japanese," Japanese, and the primary language of the",0.0,
Japan,Tokyo,set-exclusive (predeclared),12,norm-matched control,context_control,"In Japan, the primary language is",1,0.5,Japanese, Japanese,0.726128876209259, Japanese," Japanese, and the primary language of the",1.5772817134857178,
Japan,Tokyo,set-exclusive (predeclared),12,norm-matched control,context_control,"In Japan, the primary language is",1,1.0,Japanese, Japanese,0.7296493053436279, Japanese," Japanese, and the primary language of the",3.1545634269714355,
Japan,Tokyo,set-exclusive (predeclared),12,norm-matched control,context_control,"Japan, where most people speak",0,0.0,Japanese, Japanese,0.4408876895904541, Japanese," Japanese, is a country that has been",0.0,
Japan,Tokyo,set-exclusive (predeclared),12,norm-matched control,context_control,"Japan, where most people speak",0,0.5,Japanese, Japanese,0.4408992826938629, Japanese," Japanese, is a country that has been",0.22976259887218475,
Japan,Tokyo,set-exclusive (predeclared),12,norm-matched control,context_control,"Japan, where most people speak",0,1.0,Japanese, Japanese,0.44090867042541504, Japanese," Japanese, is a country that has been",0.4595251977443695,
Japan,Tokyo,shared (extra),21,candidate,capital,The capital of Japan is,3,0.0,Tokyo, Tokyo,0.40225979685783386, Tokyo, Tokyo. The capital of the United States,0.0,0.6925448179244995
Japan,Tokyo,shared (extra),21,candidate,capital,The capital of Japan is,3,0.5,Tokyo, Tokyo,0.40756791830062866, Tokyo, Tokyo. The capital of the United States,7.020196914672852,0.6911685466766357
Japan,Tokyo,shared (extra),21,candidate,capital,The capital of Japan is,3,1.0,Tokyo, Tokyo,0.41269978880882263, Tokyo, Tokyo. The capital of the United States,14.040393829345703,0.6897974014282227
Japan,Tokyo,shared (extra),21,norm-matched control,capital,The capital of Japan is,3,0.0,Tokyo, Tokyo,0.40225979685783386, Tokyo, Tokyo. The capital of the United States,0.0,0.6925448179244995
Japan,Tokyo,shared (extra),21,norm-matched control,capital,The capital of Japan is,3,0.5,Tokyo, Tokyo,0.39598652720451355, Tokyo, Tokyo. The capital of the United States,7.623847961425781,0.7027438879013062
Japan,Tokyo,shared (extra),21,norm-matched control,capital,The capital of Japan is,3,1.0,Tokyo, Tokyo,0.38967469334602356, Tokyo, Tokyo. The capital of the United States,15.247695922851562,0.7131239175796509
Germany,Berlin,set-exclusive (predeclared),25,candidate,capital,The capital of Germany is,3,0.0,Berlin, Berlin,0.47704407572746277, Berlin, Berlin. The capital of France is Paris,0.0,0.7512708902359009
Germany,Berlin,set-exclusive (predeclared),25,candidate,capital,The capital of Germany is,3,0.5,Berlin, Berlin,0.47831040620803833, Berlin, Berlin. The capital of France is Paris,5.4759063720703125,0.7528640627861023
Germany,Berlin,set-exclusive (predeclared),25,candidate,capital,The capital of Germany is,3,1.0,Berlin, Berlin,0.479560911655426, Berlin, Berlin. The capital of France is Paris,10.951812744140625,0.7543712854385376
Germany,Berlin,set-exclusive (predeclared),25,candidate,context_control,People in Germany speak,2,0.0,German, German,0.5773579478263855, German," German, but they also speak other languages",0.0,
Germany,Berlin,set-exclusive (predeclared),25,candidate,context_control,People in Germany speak,2,0.5,German, German,0.5775731205940247, German," German, but they also speak other languages",1.0539710521697998,
Germany,Berlin,set-exclusive (predeclared),25,candidate,context_control,People in Germany speak,2,1.0,German, German,0.5777849555015564, German," German, but they also speak other languages",2.1079421043395996,
Germany,Berlin,set-exclusive (predeclared),25,candidate,context_control,"In Germany, the primary language is",1,0.0,German, German,0.8644933700561523, German," German, and the primary language is also",0.0,
Germany,Berlin,set-exclusive (predeclared),25,candidate,context_control,"In Germany, the primary language is",1,0.5,German, German,0.864218533039093, German," German, and the primary language is also",5.696178913116455,
Germany,Berlin,set-exclusive (predeclared),25,candidate,context_control,"In Germany, the primary language is",1,1.0,German, German,0.8639670014381409, German," German, and the primary language is also",11.39235782623291,
Germany,Berlin,set-exclusive (predeclared),25,candidate,context_control,"Germany, where most people speak",0,0.0,German, German,0.6232426762580872, German," German, and the country is known for",0.0,
Germany,Berlin,set-exclusive (predeclared),25,candidate,context_control,"Germany, where most people speak",0,0.5,German, German,0.6232094764709473, German," German, and the country is known for",1.7706763744354248,
Germany,Berlin,set-exclusive (predeclared),25,candidate,context_control,"Germany, where most people speak",0,1.0,German, German,0.6231759786605835, German," German, and the country is known for",3.5413527488708496,
Germany,Berlin,set-exclusive (predeclared),25,norm-matched control,capital,The capital of Germany is,3,0.0,Berlin, Berlin,0.47704407572746277, Berlin, Berlin. The capital of France is Paris,0.0,0.7512708902359009
Germany,Berlin,set-exclusive (predeclared),25,norm-matched control,capital,The capital of Germany is,3,0.5,Berlin, Berlin,0.4769587814807892, Berlin, Berlin. The capital of France is Paris,0.37508392333984375,0.7520126104354858
Germany,Berlin,set-exclusive (predeclared),25,norm-matched control,capital,The capital of Germany is,3,1.0,Berlin, Berlin,0.4768740236759186, Berlin, Berlin. The capital of France is Paris,0.7501678466796875,0.7527519464492798
Germany,Berlin,set-exclusive (predeclared),25,norm-matched control,context_control,People in Germany speak,2,0.0,German, German,0.5773579478263855, German," German, but they also speak other languages",0.0,
Germany,Berlin,set-exclusive (predeclared),25,norm-matched control,context_control,People in Germany speak,2,0.5,German, German,0.5773579478263855, German," German, but they also speak other languages",0.0,
Germany,Berlin,set-exclusive (predeclared),25,norm-matched control,context_control,People in Germany speak,2,1.0,German, German,0.5773579478263855, German," German, but they also speak other languages",0.0,
Germany,Berlin,set-exclusive (predeclared),25,norm-matched control,context_control,"In Germany, the primary language is",1,0.0,German, German,0.8644933700561523, German," German, and the primary language is also",0.0,
Germany,Berlin,set-exclusive (predeclared),25,norm-matched control,context_control,"In Germany, the primary language is",1,0.5,German, German,0.8644933700561523, German," German, and the primary language is also",0.0,
Germany,Berlin,set-exclusive (predeclared),25,norm-matched control,context_control,"In Germany, the primary language is",1,1.0,German, German,0.8644933700561523, German," German, and the primary language is also",0.0,
Germany,Berlin,set-exclusive (predeclared),25,norm-matched control,context_control,"Germany, where most people speak",0,0.0,German, German,0.6232426762580872, German," German, and the country is known for",0.0,
Germany,Berlin,set-exclusive (predeclared),25,norm-matched control,context_control,"Germany, where most people speak",0,0.5,German, German,0.6232406497001648, German," German, and the country is known for",0.08472438901662827,
Germany,Berlin,set-exclusive (predeclared),25,norm-matched control,context_control,"Germany, where most people speak",0,1.0,German, German,0.623237669467926, German," German, and the country is known for",0.16944877803325653,
Germany,Berlin,shared (extra),22,candidate,capital,The capital of Germany is,3,0.0,Berlin, Berlin,0.47704407572746277, Berlin, Berlin. The capital of France is Paris,0.0,0.7512708902359009
Germany,Berlin,shared (extra),22,candidate,capital,The capital of Germany is,3,0.5,Berlin, Berlin,0.48053550720214844, Berlin, Berlin. The capital of France is Paris,23.311433792114258,0.7618935704231262
Germany,Berlin,shared (extra),22,candidate,capital,The capital of Germany is,3,1.0,Berlin, Berlin,0.48379504680633545, Berlin, Berlin. The capital of France is Paris,46.622867584228516,0.774093747138977
Germany,Berlin,shared (extra),22,norm-matched control,capital,The capital of Germany is,3,0.0,Berlin, Berlin,0.47704407572746277, Berlin, Berlin. The capital of France is Paris,0.0,0.7512708902359009
Germany,Berlin,shared (extra),22,norm-matched control,capital,The capital of Germany is,3,0.5,Berlin, Berlin,0.47214701771736145, Berlin, Berlin. The capital of France is Paris,27.87039566040039,0.7543617486953735
Germany,Berlin,shared (extra),22,norm-matched control,capital,The capital of Germany is,3,1.0,Berlin, Berlin,0.46800944209098816, Berlin, Berlin. The capital of France is Paris,55.74079132080078,0.756069004535675
