seed,model,layer,pair,class_a,class_b,rep,idx_a,idx_b,lin_dev,max_jump
0,clf,d_h2,0,0,1,0,10,2,0.199226,3.847764
0,clf,d_h2,1,0,1,1,183,94,0.236942,3.854328
0,clf,d_h2,2,0,2,0,13,1,0.05744,1.613016
0,clf,d_h2,3,0,2,1,188,172,0.162095,2.144072
0,clf,d_h2,4,0,3,0,25,18,0.291907,3.576394
0,clf,d_h2,5,0,3,1,192,142,0.210382,2.996937
0,clf,d_h2,6,0,4,0,28,4,0.132199,2.551043
0,clf,d_h2,7,0,4,1,194,85,0.12855,2.849502
0,clf,d_h2,8,0,5,0,55,8,0.165803,2.508415
0,clf,d_h2,9,0,5,1,215,152,0.156845,2.665276
0,clf,d_h2,10,0,6,0,69,11,0.128845,1.62336
0,clf,d_h2,11,0,6,1,246,130,0.177942,2.622199
0,clf,d_h2,12,0,7,0,71,0,0.266537,4.10479
0,clf,d_h2,13,0,7,1,269,83,0.081582,2.514909
0,clf,d_h2,14,0,8,0,101,61,0.146128,2.348957
0,clf,d_h2,15,0,8,1,271,233,0.24714,3.258543
0,clf,d_h2,16,0,9,0,126,7,0.070229,2.310636
0,clf,d_h2,17,0,9,1,294,105,0.16428,3.055078
0,clf,d_h2,18,1,2,0,14,35,0.100169,3.160668
0,clf,d_h2,19,1,2,1,107,174,0.040695,1.74103
0,clf,d_h2,20,1,3,0,29,30,0.112294,2.592699
0,clf,d_h2,21,1,3,1,135,158,0.175535,3.62684
0,clf,d_h2,22,1,4,0,31,6,0.088141,3.149554
0,clf,d_h2,23,1,4,1,137,95,0.065566,2.055862
0,clf,d_h2,24,1,5,0,37,15,0.157418,3.451357
0,clf,d_h2,25,1,5,1,143,153,0.172169,3.111649
0,clf,d_h2,26,1,6,0,39,21,0.108708,3.540234
0,clf,d_h2,27,1,6,1,145,131,0.080382,3.133203
0,clf,d_h2,28,1,7,0,40,17,0.128322,2.88129
0,clf,d_h2,29,1,7,1,154,86,0.10369,2.454604
0,clf,d_h2,30,1,8,0,46,84,0.080045,2.607881
0,clf,d_h2,31,1,8,1,168,242,0.055713,1.995517
0,clf,d_h2,32,1,9,0,57,9,0.066627,2.200571
0,clf,d_h2,33,1,9,1,176,108,0.090136,2.450639
0,clf,d_h2,34,2,3,0,43,32,0.067562,1.747185
0,clf,d_h2,35,2,3,1,199,173,0.125398,2.409208
0,clf,d_h2,36,2,4,0,47,19,0.143934,2.020007
0,clf,d_h2,37,2,4,1,208,103,0.067566,1.627923
0,clf,d_h2,38,2,5,0,72,23,0.095437,3.65
0,clf,d_h2,39,2,5,1,221,155,0.09686,3.344501
0,clf,d_h2,40,2,6,0,77,22,0.052657,1.689166
0,clf,d_h2,41,2,6,1,222,138,0.039614,1.675955
0,clf,d_h2,42,2,7,0,82,26,0.243064,2.566193
0,clf,d_h2,43,2,7,1,225,97,0.097481,2.870496
0,clf,d_h2,44,2,8,0,106,110,0.080428,1.681239
0,clf,d_h2,45,2,8,1,236,257,0.239621,2.674331
0,clf,d_h2,46,2,9,0,119,12,0.195651,3.721334
0,clf,d_h2,47,2,9,1,237,113,0.216135,2.381666
0,clf,d_h2,48,3,4,0,51,24,0.169186,2.942793
0,clf,d_h2,49,3,4,1,200,109,0.145747,4.000134
0,clf,d_h2,50,3,5,0,63,45,0.117375,2.230958
0,clf,d_h2,51,3,5,1,205,162,0.041025,1.429945
0,clf,d_h2,52,3,6,0,68,50,0.133036,2.251915
0,clf,d_h2,53,3,6,1,213,140,0.100621,2.442074
0,clf,d_h2,54,3,7,0,76,34,0.103575,2.42824
0,clf,d_h2,55,3,7,1,216,111,0.166491,2.15625
0,clf,d_h2,56,3,8,0,87,128,0.097236,2.35862
0,clf,d_h2,57,3,8,1,230,260,0.099009,2.572647
0,clf,d_h2,58,3,9,0,90,16,0.156783,2.312456
0,clf,d_h2,59,3,9,1,231,118,0.206212,2.842451
0,clf,d_h2,60,4,5,0,33,52,0.142662,2.870748
0,clf,d_h2,61,4,5,1,116,165,0.065612,1.767793
0,clf,d_h2,62,4,6,0,42,54,0.04226,1.93029
0,clf,d_h2,63,4,6,1,117,156,0.055394,1.714137
0,clf,d_h2,64,4,7,0,48,36,0.188739,3.205368
0,clf,d_h2,65,4,7,1,121,114,0.083981,2.020815
0,clf,d_h2,66,4,8,0,49,134,0.165151,2.391584
0,clf,d_h2,67,4,8,1,139,266,0.206405,3.564734
0,clf,d_h2,68,4,9,0,56,20,0.184115,2.022161
0,clf,d_h2,69,4,9,1,159,125,0.053351,1.331216
0,clf,d_h2,70,5,6,0,59,66,0.029326,1.433712
0,clf,d_h2,71,5,6,1,182,161,0.03738,1.520967
0,clf,d_h2,72,5,7,0,102,41,0.127032,2.53665
0,clf,d_h2,73,5,7,1,187,122,0.139048,2.547183
0,clf,d_h2,74,5,8,0,120,146,0.069676,1.903581
0,clf,d_h2,75,5,8,1,207,268,0.087829,1.583147
0,clf,d_h2,76,5,9,0,127,58,0.165662,2.282948
0,clf,d_h2,77,5,9,1,211,150,0.084797,1.90463
0,clf,d_h2,78,6,7,0,88,60,0.165034,3.087474
0,clf,d_h2,79,6,7,1,197,124,0.201152,2.451992
0,clf,d_h2,80,6,8,0,91,177,0.103973,1.773933
0,clf,d_h2,81,6,8,1,201,277,0.203462,2.27056
0,clf,d_h2,82,6,9,0,98,62,0.093172,1.605052
0,clf,d_h2,83,6,9,1,217,151,0.131888,2.406857
0,clf,d_h2,84,7,8,0,70,179,0.20621,4.555732
0,clf,d_h2,85,7,8,1,141,290,0.246128,4.708446
0,clf,d_h2,86,7,9,0,75,73,0.021485,1.425207
0,clf,d_h2,87,7,9,1,144,185,0.108082,1.637694
0,clf,d_h2,88,8,9,0,184,78,0.06702,2.073953
0,clf,d_h2,89,8,9,1,338,193,0.197752,3.008254
0,clf,d_h3,0,0,1,0,10,2,0.246257,4.150613
0,clf,d_h3,1,0,1,1,183,94,0.317957,4.891752
0,clf,d_h3,2,0,2,0,13,1,0.078084,1.987123
0,clf,d_h3,3,0,2,1,188,172,0.135548,1.716691
0,clf,d_h3,4,0,3,0,25,18,0.345686,3.801405
0,clf,d_h3,5,0,3,1,192,142,0.212253,2.608059
0,clf,d_h3,6,0,4,0,28,4,0.23157,2.897537
0,clf,d_h3,7,0,4,1,194,85,0.218809,3.604033
0,clf,d_h3,8,0,5,0,55,8,0.324507,3.891492
0,clf,d_h3,9,0,5,1,215,152,0.265023,3.184429
0,clf,d_h3,10,0,6,0,69,11,0.216563,2.926117
0,clf,d_h3,11,0,6,1,246,130,0.266204,2.890152
0,clf,d_h3,12,0,7,0,71,0,0.273262,3.752874
0,clf,d_h3,13,0,7,1,269,83,0.092054,2.762267
0,clf,d_h3,14,0,8,0,101,61,0.231859,3.684425
0,clf,d_h3,15,0,8,1,271,233,0.340542,3.701777
0,clf,d_h3,16,0,9,0,126,7,0.122608,3.598863
0,clf,d_h3,17,0,9,1,294,105,0.14979,2.625149
0,clf,d_h3,18,1,2,0,14,35,0.125122,2.882583
0,clf,d_h3,19,1,2,1,107,174,0.070746,1.626831
0,clf,d_h3,20,1,3,0,29,30,0.149984,3.445429
0,clf,d_h3,21,1,3,1,135,158,0.304966,4.372762
0,clf,d_h3,22,1,4,0,31,6,0.162618,3.690635
0,clf,d_h3,23,1,4,1,137,95,0.100351,2.646297
0,clf,d_h3,24,1,5,0,37,15,0.259983,4.067373
0,clf,d_h3,25,1,5,1,143,153,0.261085,3.771314
0,clf,d_h3,26,1,6,0,39,21,0.173356,5.054505
0,clf,d_h3,27,1,6,1,145,131,0.187863,5.301323
0,clf,d_h3,28,1,7,0,40,17,0.24709,4.626498
0,clf,d_h3,29,1,7,1,154,86,0.118746,2.459781
0,clf,d_h3,30,1,8,0,46,84,0.070571,2.242723
0,clf,d_h3,31,1,8,1,168,242,0.153737,3.234574
0,clf,d_h3,32,1,9,0,57,9,0.090194,2.803519
0,clf,d_h3,33,1,9,1,176,108,0.163361,2.981576
0,clf,d_h3,34,2,3,0,43,32,0.166317,2.112612
0,clf,d_h3,35,2,3,1,199,173,0.314662,4.453819
0,clf,d_h3,36,2,4,0,47,19,0.280073,2.607048
0,clf,d_h3,37,2,4,1,208,103,0.234396,2.3016
0,clf,d_h3,38,2,5,0,72,23,0.260718,6.334149
0,clf,d_h3,39,2,5,1,221,155,0.237866,6.479902
0,clf,d_h3,40,2,6,0,77,22,0.15101,2.273306
0,clf,d_h3,41,2,6,1,222,138,0.11504,2.239844
0,clf,d_h3,42,2,7,0,82,26,0.277403,2.454176
0,clf,d_h3,43,2,7,1,225,97,0.266517,4.707845
0,clf,d_h3,44,2,8,0,106,110,0.176846,1.804808
0,clf,d_h3,45,2,8,1,236,257,0.31613,3.213576
0,clf,d_h3,46,2,9,0,119,12,0.196353,5.113674
0,clf,d_h3,47,2,9,1,237,113,0.245461,2.377714
0,clf,d_h3,48,3,4,0,51,24,0.209646,3.284177
0,clf,d_h3,49,3,4,1,200,109,0.200709,4.683596
0,clf,d_h3,50,3,5,0,63,45,0.191058,2.180566
0,clf,d_h3,51,3,5,1,205,162,0.026333,1.88593
0,clf,d_h3,52,3,6,0,68,50,0.116325,2.169383
0,clf,d_h3,53,3,6,1,213,140,0.105856,2.348032
0,clf,d_h3,54,3,7,0,76,34,0.093528,3.054291
0,clf,d_h3,55,3,7,1,216,111,0.126596,1.679227
0,clf,d_h3,56,3,8,0,87,128,0.161983,3.199388
0,clf,d_h3,57,3,8,1,230,260,0.140668,3.030038
0,clf,d_h3,58,3,9,0,90,16,0.165659,2.582798
0,clf,d_h3,59,3,9,1,231,118,0.180224,2.625156
0,clf,d_h3,60,4,5,0,33,52,0.146083,3.168213
0,clf,d_h3,61,4,5,1,116,165,0.083928,2.29682
0,clf,d_h3,62,4,6,0,42,54,0.03492,1.612628
0,clf,d_h3,63,4,6,1,117,156,0.036839,1.555136
0,clf,d_h3,64,4,7,0,48,36,0.149292,2.86938
0,clf,d_h3,65,4,7,1,121,114,0.066233,1.985645
0,clf,d_h3,66,4,8,0,49,134,0.170237,2.35776
0,clf,d_h3,67,4,8,1,139,266,0.246551,3.634575
0,clf,d_h3,68,4,9,0,56,20,0.14132,1.748168
0,clf,d_h3,69,4,9,1,159,125,0.045961,1.703173
0,clf,d_h3,70,5,6,0,59,66,0.025982,2.192843
0,clf,d_h3,71,5,6,1,182,161,0.0504,1.93218
0,clf,d_h3,72,5,7,0,102,41,0.161227,2.54778
0,clf,d_h3,73,5,7,1,187,122,0.144729,2.487499
0,clf,d_h3,74,5,8,0,120,146,0.05374,2.21987
0,clf,d_h3,75,5,8,1,207,268,0.110685,1.767701
0,clf,d_h3,76,5,9,0,127,58,0.149736,2.054864
0,clf,d_h3,77,5,9,1,211,150,0.068508,1.920885
0,clf,d_h3,78,6,7,0,88,60,0.18936,2.955782
0,clf,d_h3,79,6,7,1,197,124,0.25393,2.513176
0,clf,d_h3,80,6,8,0,91,177,0.132472,1.755279
0,clf,d_h3,81,6,8,1,201,277,0.258674,2.450219
0,clf,d_h3,82,6,9,0,98,62,0.094892,1.71991
0,clf,d_h3,83,6,9,1,217,151,0.25992,4.281908
0,clf,d_h3,84,7,8,0,70,179,0.358366,8.097712
0,clf,d_h3,85,7,8,1,141,290,0.292205,7.207854
0,clf,d_h3,86,7,9,0,75,73,0.025345,1.608443
0,clf,d_h3,87,7,9,1,144,185,0.131833,2.038793
0,clf,d_h3,88,8,9,0,184,78,0.073096,2.25354
0,clf,d_h3,89,8,9,1,338,193,0.184659,3.042636
0,clf,d_out,0,0,1,0,10,2,0.166712,9.749339
0,clf,d_out,1,0,1,1,183,94,0.147672,10.695592
0,clf,d_out,2,0,2,0,13,1,0.202866,6.277752
0,clf,d_out,3,0,2,1,188,172,0.185215,6.631515
0,clf,d_out,4,0,3,0,25,18,0.231994,14.192515
0,clf,d_out,5,0,3,1,192,142,0.192509,6.350544
0,clf,d_out,6,0,4,0,28,4,0.189801,15.920487
0,clf,d_out,7,0,4,1,194,85,0.191494,8.050753
0,clf,d_out,8,0,5,0,55,8,0.254483,10.403172
0,clf,d_out,9,0,5,1,215,152,0.198251,9.718961
0,clf,d_out,10,0,6,0,69,11,0.189257,6.835264
0,clf,d_out,11,0,6,1,246,130,0.208429,7.645583
0,clf,d_out,12,0,7,0,71,0,0.186636,13.317263
0,clf,d_out,13,0,7,1,269,83,0.245868,7.115868
0,clf,d_out,14,0,8,0,101,61,0.206702,15.048164
0,clf,d_out,15,0,8,1,271,233,0.157996,11.440349
0,clf,d_out,16,0,9,0,126,7,0.285459,9.861833
0,clf,d_out,17,0,9,1,294,105,0.182526,9.264771
0,clf,d_out,18,1,2,0,14,35,0.191381,8.190465
0,clf,d_out,19,1,2,1,107,174,0.258874,5.36516
0,clf,d_out,20,1,3,0,29,30,0.305679,11.350852
0,clf,d_out,21,1,3,1,135,158,0.224197,7.669449
0,clf,d_out,22,1,4,0,31,6,0.283453,4.25784
0,clf,d_out,23,1,4,1,137,95,0.113302,4.389544
0,clf,d_out,24,1,5,0,37,15,0.193233,5.888656
0,clf,d_out,25,1,5,1,143,153,0.187047,6.01175
0,clf,d_out,26,1,6,0,39,21,0.208862,9.25333
0,clf,d_out,27,1,6,1,145,131,0.143391,6.21905
0,clf,d_out,28,1,7,0,40,17,0.209625,6.683151
0,clf,d_out,29,1,7,1,154,86,0.191417,4.826817
0,clf,d_out,30,1,8,0,46,84,0.19423,3.953306
0,clf,d_out,31,1,8,1,168,242,0.109417,2.726705
0,clf,d_out,32,1,9,0,57,9,0.138569,5.281411
0,clf,d_out,33,1,9,1,176,108,0.261958,7.558477
0,clf,d_out,34,2,3,0,43,32,0.222105,7.408971
0,clf,d_out,35,2,3,1,199,173,0.393914,5.42759
0,clf,d_out,36,2,4,0,47,19,0.148363,4.911987
0,clf,d_out,37,2,4,1,208,103,0.192015,7.036558
0,clf,d_out,38,2,5,0,72,23,0.263825,9.31354
0,clf,d_out,39,2,5,1,221,155,0.217952,4.72531
0,clf,d_out,40,2,6,0,77,22,0.134713,4.023266
0,clf,d_out,41,2,6,1,222,138,0.181622,4.843807
0,clf,d_out,42,2,7,0,82,26,0.178247,5.541656
0,clf,d_out,43,2,7,1,225,97,0.304005,10.58468
0,clf,d_out,44,2,8,0,106,110,0.189477,5.574182
0,clf,d_out,45,2,8,1,236,257,0.092134,6.577857
0,clf,d_out,46,2,9,0,119,12,0.234411,7.849851
0,clf,d_out,47,2,9,1,237,113,0.112207,6.380171
0,clf,d_out,48,3,4,0,51,24,0.198483,6.799016
0,clf,d_out,49,3,4,1,200,109,0.072076,4.432492
0,clf,d_out,50,3,5,0,63,45,0.191176,5.152738
0,clf,d_out,51,3,5,1,205,162,0.204853,6.268489
0,clf,d_out,52,3,6,0,68,50,0.137477,3.971118
0,clf,d_out,53,3,6,1,213,140,0.134819,7.370067
0,clf,d_out,54,3,7,0,76,34,0.138022,13.67799
0,clf,d_out,55,3,7,1,216,111,0.293386,6.46019
0,clf,d_out,56,3,8,0,87,128,0.19172,8.621418
0,clf,d_out,57,3,8,1,230,260,0.131696,4.878224
0,clf,d_out,58,3,9,0,90,16,0.241501,5.342227
0,clf,d_out,59,3,9,1,231,118,0.1112,4.687926
0,clf,d_out,60,4,5,0,33,52,0.268228,4.536134
0,clf,d_out,61,4,5,1,116,165,0.167109,7.377423
0,clf,d_out,62,4,6,0,42,54,0.202938,8.072024
0,clf,d_out,63,4,6,1,117,156,0.154504,4.347003
0,clf,d_out,64,4,7,0,48,36,0.120391,6.557597
0,clf,d_out,65,4,7,1,121,114,0.162538,3.439763
0,clf,d_out,66,4,8,0,49,134,0.157949,4.501489
0,clf,d_out,67,4,8,1,139,266,0.133128,4.744726
0,clf,d_out,68,4,9,0,56,20,0.24355,7.002078
0,clf,d_out,69,4,9,1,159,125,0.163895,3.575426
0,clf,d_out,70,5,6,0,59,66,0.201109,6.773705
0,clf,d_out,71,5,6,1,182,161,0.163196,4.367518
0,clf,d_out,72,5,7,0,102,41,0.183355,5.447525
0,clf,d_out,73,5,7,1,187,122,0.1008,5.668527
0,clf,d_out,74,5,8,0,120,146,0.15091,5.616415
0,clf,d_out,75,5,8,1,207,268,0.200167,6.285965
0,clf,d_out,76,5,9,0,127,58,0.12342,4.07052
0,clf,d_out,77,5,9,1,211,150,0.135696,4.326165
0,clf,d_out,78,6,7,0,88,60,0.163608,11.754777
0,clf,d_out,79,6,7,1,197,124,0.127613,6.672895
0,clf,d_out,80,6,8,0,91,177,0.127373,4.107699
0,clf,d_out,81,6,8,1,201,277,0.102556,6.899395
0,clf,d_out,82,6,9,0,98,62,0.115399,4.24245
0,clf,d_out,83,6,9,1,217,151,0.116176,6.251988
0,clf,d_out,84,7,8,0,70,179,0.148853,7.657316
0,clf,d_out,85,7,8,1,141,290,0.13195,7.352021
0,clf,d_out,86,7,9,0,75,73,0.297109,7.149529
0,clf,d_out,87,7,9,1,144,185,0.352947,5.542412
0,clf,d_out,88,8,9,0,184,78,0.228061,4.677732
0,clf,d_out,89,8,9,1,338,193,0.08681,3.157595
0,pre,d_h2,0,0,1,0,10,2,0.079845,1.447693
0,pre,d_h2,1,0,1,1,183,94,0.048378,1.332971
0,pre,d_h2,2,0,2,0,13,1,0.012405,1.070243
0,pre,d_h2,3,0,2,1,188,172,0.015348,1.077078
0,pre,d_h2,4,0,3,0,25,18,0.028462,1.160583
0,pre,d_h2,5,0,3,1,192,142,0.029007,1.15166
0,pre,d_h2,6,0,4,0,28,4,0.063823,1.297601
0,pre,d_h2,7,0,4,1,194,85,0.014664,1.132798
0,pre,d_h2,8,0,5,0,55,8,0.006492,1.067314
0,pre,d_h2,9,0,5,1,215,152,0.039225,1.170656
0,pre,d_h2,10,0,6,0,69,11,0.022509,1.123442
0,pre,d_h2,11,0,6,1,246,130,0.027593,1.124773
0,pre,d_h2,12,0,7,0,71,0,0.087225,1.505602
0,pre,d_h2,13,0,7,1,269,83,0.021194,1.136743
0,pre,d_h2,14,0,8,0,101,61,0.013995,1.099372
0,pre,d_h2,15,0,8,1,271,233,0.010895,1.038688
0,pre,d_h2,16,0,9,0,126,7,0.046432,1.261452
0,pre,d_h2,17,0,9,1,294,105,0.045698,1.172616
0,pre,d_h2,18,1,2,0,14,35,0.0116,1.058769
0,pre,d_h2,19,1,2,1,107,174,0.02574,1.153117
0,pre,d_h2,20,1,3,0,29,30,0.007141,1.078418
0,pre,d_h2,21,1,3,1,135,158,0.011421,1.047635
0,pre,d_h2,22,1,4,0,31,6,0.011077,1.06706
0,pre,d_h2,23,1,4,1,137,95,0.009609,1.089954
0,pre,d_h2,24,1,5,0,37,15,0.001975,1.033777
0,pre,d_h2,25,1,5,1,143,153,0.012349,1.058519
0,pre,d_h2,26,1,6,0,39,21,0.005701,1.054066
0,pre,d_h2,27,1,6,1,145,131,0.018682,1.109868
0,pre,d_h2,28,1,7,0,40,17,0.021855,1.131892
0,pre,d_h2,29,1,7,1,154,86,0.021173,1.13253
0,pre,d_h2,30,1,8,0,46,84,0.007334,1.144211
0,pre,d_h2,31,1,8,1,168,242,0.021169,1.130426
0,pre,d_h2,32,1,9,0,57,9,0.018386,1.109612
0,pre,d_h2,33,1,9,1,176,108,0.01916,1.119339
0,pre,d_h2,34,2,3,0,43,32,0.007361,1.066935
0,pre,d_h2,35,2,3,1,199,173,0.04173,1.237152
0,pre,d_h2,36,2,4,0,47,19,0.04514,1.164138
0,pre,d_h2,37,2,4,1,208,103,0.040526,1.128879
0,pre,d_h2,38,2,5,0,72,23,0.029308,1.161254
0,pre,d_h2,39,2,5,1,221,155,0.024716,1.10102
0,pre,d_h2,40,2,6,0,77,22,0.01517,1.084861
0,pre,d_h2,41,2,6,1,222,138,0.03999,1.275424
0,pre,d_h2,42,2,7,0,82,26,0.07728,1.427209
0,pre,d_h2,43,2,7,1,225,97,0.013195,1.080316
0,pre,d_h2,44,2,8,0,106,110,0.022054,1.099612
0,pre,d_h2,45,2,8,1,236,257,0.028427,1.132624
0,pre,d_h2,46,2,9,0,119,12,0.027067,1.107718
0,pre,d_h2,47,2,9,1,237,113,0.01642,1.090434
0,pre,d_h2,48,3,4,0,51,24,0.072008,1.423466
0,pre,d_h2,49,3,4,1,200,109,0.059797,1.308622
0,pre,d_h2,50,3,5,0,63,45,0.010334,1.037987
0,pre,d_h2,51,3,5,1,205,162,0.009728,1.04804
0,pre,d_h2,52,3,6,0,68,50,0.047116,1.194428
0,pre,d_h2,53,3,6,1,213,140,0.016421,1.067075
0,pre,d_h2,54,3,7,0,76,34,0.00835,1.092446
0,pre,d_h2,55,3,7,1,216,111,0.018343,1.080711
0,pre,d_h2,56,3,8,0,87,128,0.015045,1.098877
0,pre,d_h2,57,3,8,1,230,260,0.006468,1.073879
0,pre,d_h2,58,3,9,0,90,16,0.021401,1.064417
0,pre,d_h2,59,3,9,1,231,118,0.024136,1.101971
0,pre,d_h2,60,4,5,0,33,52,0.013343,1.120094
0,pre,d_h2,61,4,5,1,116,165,0.022355,1.125616
0,pre,d_h2,62,4,6,0,42,54,0.004409,1.040304
0,pre,d_h2,63,4,6,1,117,156,0.006908,1.045746
0,pre,d_h2,64,4,7,0,48,36,0.02672,1.12467
0,pre,d_h2,65,4,7,1,121,114,0.02405,1.091935
0,pre,d_h2,66,4,8,0,49,134,0.002223,1.062185
0,pre,d_h2,67,4,8,1,139,266,0.019064,1.100636
0,pre,d_h2,68,4,9,0,56,20,0.002882,1.029181
0,pre,d_h2,69,4,9,1,159,125,0.012356,1.065266
0,pre,d_h2,70,5,6,0,59,66,0.005949,1.063699
0,pre,d_h2,71,5,6,1,182,161,0.008904,1.101938
0,pre,d_h2,72,5,7,0,102,41,0.040679,1.26671
0,pre,d_h2,73,5,7,1,187,122,0.06541,1.309883
0,pre,d_h2,74,5,8,0,120,146,0.013937,1.082528
0,pre,d_h2,75,5,8,1,207,268,0.009725,1.084632
0,pre,d_h2,76,5,9,0,127,58,0.02353,1.075396
0,pre,d_h2,77,5,9,1,211,150,0.002356,1.029569
0,pre,d_h2,78,6,7,0,88,60,0.023377,1.164277
0,pre,d_h2,79,6,7,1,197,124,0.042392,1.163234
0,pre,d_h2,80,6,8,0,91,177,0.016015,1.089233
0,pre,d_h2,81,6,8,1,201,277,0.007706,1.046692
0,pre,d_h2,82,6,9,0,98,62,0.043483,1.210145
0,pre,d_h2,83,6,9,1,217,151,0.006917,1.06708
0,pre,d_h2,84,7,8,0,70,179,0.002098,1.051635
0,pre,d_h2,85,7,8,1,141,290,0.019763,1.088107
0,pre,d_h2,86,7,9,0,75,73,0.006541,1.06377
0,pre,d_h2,87,7,9,1,144,185,0.00672,1.03423
0,pre,d_h2,88,8,9,0,184,78,0.030513,1.110042
0,pre,d_h2,89,8,9,1,338,193,0.057143,1.270921
0,pre,d_h3,0,0,1,0,10,2,0.120589,1.55379
0,pre,d_h3,1,0,1,1,183,94,0.062145,1.400546
0,pre,d_h3,2,0,2,0,13,1,0.018735,1.18371
0,pre,d_h3,3,0,2,1,188,172,0.037901,1.186084
0,pre,d_h3,4,0,3,0,25,18,0.046827,1.271015
0,pre,d_h3,5,0,3,1,192,142,0.055037,1.426539
0,pre,d_h3,6,0,4,0,28,4,0.086856,1.419262
0,pre,d_h3,7,0,4,1,194,85,0.032014,1.228264
0,pre,d_h3,8,0,5,0,55,8,0.035636,1.214603
0,pre,d_h3,9,0,5,1,215,152,0.075641,1.29593
0,pre,d_h3,10,0,6,0,69,11,0.029065,1.150136
0,pre,d_h3,11,0,6,1,246,130,0.042233,1.22119
0,pre,d_h3,12,0,7,0,71,0,0.135384,1.719903
0,pre,d_h3,13,0,7,1,269,83,0.047904,1.302308
0,pre,d_h3,14,0,8,0,101,61,0.017199,1.18421
0,pre,d_h3,15,0,8,1,271,233,0.040782,1.145586
0,pre,d_h3,16,0,9,0,126,7,0.071674,1.419127
0,pre,d_h3,17,0,9,1,294,105,0.069959,1.333427
0,pre,d_h3,18,1,2,0,14,35,0.012961,1.127803
0,pre,d_h3,19,1,2,1,107,174,0.026299,1.183325
0,pre,d_h3,20,1,3,0,29,30,0.035264,1.268911
0,pre,d_h3,21,1,3,1,135,158,0.006561,1.088518
0,pre,d_h3,22,1,4,0,31,6,0.022374,1.312664
0,pre,d_h3,23,1,4,1,137,95,0.007349,1.087368
0,pre,d_h3,24,1,5,0,37,15,0.007154,1.15492
0,pre,d_h3,25,1,5,1,143,153,0.006589,1.153868
0,pre,d_h3,26,1,6,0,39,21,0.02561,1.170087
0,pre,d_h3,27,1,6,1,145,131,0.020786,1.221752
0,pre,d_h3,28,1,7,0,40,17,0.013278,1.179463
0,pre,d_h3,29,1,7,1,154,86,0.024555,1.406547
0,pre,d_h3,30,1,8,0,46,84,0.049974,1.718634
0,pre,d_h3,31,1,8,1,168,242,0.022808,1.218581
0,pre,d_h3,32,1,9,0,57,9,0.041605,1.273102
0,pre,d_h3,33,1,9,1,176,108,0.021484,1.216137
0,pre,d_h3,34,2,3,0,43,32,0.008093,1.097238
0,pre,d_h3,35,2,3,1,199,173,0.073238,1.414242
0,pre,d_h3,36,2,4,0,47,19,0.064622,1.374841
0,pre,d_h3,37,2,4,1,208,103,0.04615,1.376892
0,pre,d_h3,38,2,5,0,72,23,0.039865,1.276249
0,pre,d_h3,39,2,5,1,221,155,0.045148,1.258388
0,pre,d_h3,40,2,6,0,77,22,0.034348,1.208007
0,pre,d_h3,41,2,6,1,222,138,0.050286,1.360843
0,pre,d_h3,42,2,7,0,82,26,0.11251,1.619871
0,pre,d_h3,43,2,7,1,225,97,0.029796,1.144388
0,pre,d_h3,44,2,8,0,106,110,0.025161,1.143044
0,pre,d_h3,45,2,8,1,236,257,0.025745,1.15066
0,pre,d_h3,46,2,9,0,119,12,0.057482,1.338568
0,pre,d_h3,47,2,9,1,237,113,0.034995,1.176966
0,pre,d_h3,48,3,4,0,51,24,0.104373,1.569092
0,pre,d_h3,49,3,4,1,200,109,0.082361,1.450619
0,pre,d_h3,50,3,5,0,63,45,0.024374,1.113686
0,pre,d_h3,51,3,5,1,205,162,0.011508,1.102656
0,pre,d_h3,52,3,6,0,68,50,0.058577,1.290344
0,pre,d_h3,53,3,6,1,213,140,0.017002,1.097208
0,pre,d_h3,54,3,7,0,76,34,0.011508,1.15357
0,pre,d_h3,55,3,7,1,216,111,0.027354,1.111436
0,pre,d_h3,56,3,8,0,87,128,0.012374,1.577418
0,pre,d_h3,57,3,8,1,230,260,0.009579,1.155424
0,pre,d_h3,58,3,9,0,90,16,0.051552,1.268035
0,pre,d_h3,59,3,9,1,231,118,0.07157,1.303089
0,pre,d_h3,60,4,5,0,33,52,0.01565,1.15447
0,pre,d_h3,61,4,5,1,116,165,0.025633,1.158595
0,pre,d_h3,62,4,6,0,42,54,0.011506,1.143795
0,pre,d_h3,63,4,6,1,117,156,0.010865,1.096523
0,pre,d_h3,64,4,7,0,48,36,0.053339,1.233409
0,pre,d_h3,65,4,7,1,121,114,0.053008,1.336539
0,pre,d_h3,66,4,8,0,49,134,0.010511,1.165897
0,pre,d_h3,67,4,8,1,139,266,0.02675,1.16778
0,pre,d_h3,68,4,9,0,56,20,0.018788,1.138479
0,pre,d_h3,69,4,9,1,159,125,0.005213,1.180746
0,pre,d_h3,70,5,6,0,59,66,0.017182,1.163447
0,pre,d_h3,71,5,6,1,182,161,0.03138,1.24228
0,pre,d_h3,72,5,7,0,102,41,0.066442,1.356063
0,pre,d_h3,73,5,7,1,187,122,0.097837,1.422891
0,pre,d_h3,74,5,8,0,120,146,0.01512,1.087645
0,pre,d_h3,75,5,8,1,207,268,0.012183,1.108104
0,pre,d_h3,76,5,9,0,127,58,0.033043,1.225851
0,pre,d_h3,77,5,9,1,211,150,0.001967,1.050055
0,pre,d_h3,78,6,7,0,88,60,0.054176,1.378992
0,pre,d_h3,79,6,7,1,197,124,0.059366,1.35258
0,pre,d_h3,80,6,8,0,91,177,0.041678,1.291049
0,pre,d_h3,81,6,8,1,201,277,0.005326,1.107533
0,pre,d_h3,82,6,9,0,98,62,0.066622,1.300588
0,pre,d_h3,83,6,9,1,217,151,0.047756,1.376794
0,pre,d_h3,84,7,8,0,70,179,0.016821,1.151389
0,pre,d_h3,85,7,8,1,141,290,0.010646,1.111484
0,pre,d_h3,86,7,9,0,75,73,0.012221,1.184031
0,pre,d_h3,87,7,9,1,144,185,0.007659,1.081454
0,pre,d_h3,88,8,9,0,184,78,0.051261,1.227033
0,pre,d_h3,89,8,9,1,338,193,0.070652,1.300435
0,pre,d_out,0,0,1,0,10,2,0.136009,1.706567
0,pre,d_out,1,0,1,1,183,94,0.072397,1.434108
0,pre,d_out,2,0,2,0,13,1,0.018638,1.216245
0,pre,d_out,3,0,2,1,188,172,0.039161,1.207117
0,pre,d_out,4,0,3,0,25,18,0.050111,1.403484
0,pre,d_out,5,0,3,1,192,142,0.062045,1.552368
0,pre,d_out,6,0,4,0,28,4,0.075529,1.447513
0,pre,d_out,7,0,4,1,194,85,0.008098,1.154917
0,pre,d_out,8,0,5,0,55,8,0.021184,1.285572
0,pre,d_out,9,0,5,1,215,152,0.054094,1.214355
0,pre,d_out,10,0,6,0,69,11,0.027687,1.157302
0,pre,d_out,11,0,6,1,246,130,0.049412,1.283197
0,pre,d_out,12,0,7,0,71,0,0.12469,1.744756
0,pre,d_out,13,0,7,1,269,83,0.077858,1.424517
0,pre,d_out,14,0,8,0,101,61,0.012075,1.145166
0,pre,d_out,15,0,8,1,271,233,0.039207,1.202579
0,pre,d_out,16,0,9,0,126,7,0.083061,1.527586
0,pre,d_out,17,0,9,1,294,105,0.060727,1.330238
0,pre,d_out,18,1,2,0,14,35,0.015284,1.174018
0,pre,d_out,19,1,2,1,107,174,0.015189,1.226419
0,pre,d_out,20,1,3,0,29,30,0.063587,1.426643
0,pre,d_out,21,1,3,1,135,158,0.008012,1.150455
0,pre,d_out,22,1,4,0,31,6,0.017542,1.280129
0,pre,d_out,23,1,4,1,137,95,0.021724,1.20393
0,pre,d_out,24,1,5,0,37,15,0.026652,1.369587
0,pre,d_out,25,1,5,1,143,153,0.063184,1.433933
0,pre,d_out,26,1,6,0,39,21,0.047551,1.321456
0,pre,d_out,27,1,6,1,145,131,0.009522,1.17819
0,pre,d_out,28,1,7,0,40,17,0.012205,1.183465
0,pre,d_out,29,1,7,1,154,86,0.057054,1.562147
0,pre,d_out,30,1,8,0,46,84,0.057516,1.64628
0,pre,d_out,31,1,8,1,168,242,0.019529,1.359743
0,pre,d_out,32,1,9,0,57,9,0.02413,1.362598
0,pre,d_out,33,1,9,1,176,108,0.043206,1.353098
0,pre,d_out,34,2,3,0,43,32,0.005077,1.212724
0,pre,d_out,35,2,3,1,199,173,0.08749,1.579888
0,pre,d_out,36,2,4,0,47,19,0.072505,1.473444
0,pre,d_out,37,2,4,1,208,103,0.030708,1.517384
0,pre,d_out,38,2,5,0,72,23,0.084861,1.547761
0,pre,d_out,39,2,5,1,221,155,0.031583,1.248971
0,pre,d_out,40,2,6,0,77,22,0.036955,1.287298
0,pre,d_out,41,2,6,1,222,138,0.047166,1.307429
0,pre,d_out,42,2,7,0,82,26,0.130179,1.790508
0,pre,d_out,43,2,7,1,225,97,0.035235,1.17916
0,pre,d_out,44,2,8,0,106,110,0.036386,1.277867
0,pre,d_out,45,2,8,1,236,257,0.048321,1.30731
0,pre,d_out,46,2,9,0,119,12,0.052952,1.320395
0,pre,d_out,47,2,9,1,237,113,0.028271,1.314531
0,pre,d_out,48,3,4,0,51,24,0.133566,1.782448
0,pre,d_out,49,3,4,1,200,109,0.088706,1.588774
0,pre,d_out,50,3,5,0,63,45,0.053325,1.239479
0,pre,d_out,51,3,5,1,205,162,0.014198,1.306094
0,pre,d_out,52,3,6,0,68,50,0.049182,1.319485
0,pre,d_out,53,3,6,1,213,140,0.006595,1.132083
0,pre,d_out,54,3,7,0,76,34,0.009133,1.180986
0,pre,d_out,55,3,7,1,216,111,0.052353,1.281141
0,pre,d_out,56,3,8,0,87,128,0.03636,1.792181
0,pre,d_out,57,3,8,1,230,260,0.037729,1.410779
0,pre,d_out,58,3,9,0,90,16,0.029471,1.215893
0,pre,d_out,59,3,9,1,231,118,0.075193,1.469234
0,pre,d_out,60,4,5,0,33,52,0.035302,1.247082
0,pre,d_out,61,4,5,1,116,165,0.017299,1.392201
0,pre,d_out,62,4,6,0,42,54,0.00968,1.13647
0,pre,d_out,63,4,6,1,117,156,0.026984,1.372191
0,pre,d_out,64,4,7,0,48,36,0.046269,1.288568
0,pre,d_out,65,4,7,1,121,114,0.033324,1.291342
0,pre,d_out,66,4,8,0,49,134,0.032413,1.17636
0,pre,d_out,67,4,8,1,139,266,0.006136,1.145142
0,pre,d_out,68,4,9,0,56,20,0.019343,1.138271
0,pre,d_out,69,4,9,1,159,125,0.029759,1.323909
0,pre,d_out,70,5,6,0,59,66,0.01298,1.147097
0,pre,d_out,71,5,6,1,182,161,0.023279,1.214045
0,pre,d_out,72,5,7,0,102,41,0.057734,1.37107
0,pre,d_out,73,5,7,1,187,122,0.064119,1.293794
0,pre,d_out,74,5,8,0,120,146,0.042923,1.223528
0,pre,d_out,75,5,8,1,207,268,0.021537,1.157454
0,pre,d_out,76,5,9,0,127,58,0.047145,1.250213
0,pre,d_out,77,5,9,1,211,150,0.033449,1.206751
0,pre,d_out,78,6,7,0,88,60,0.085734,1.697053
0,pre,d_out,79,6,7,1,197,124,0.063919,1.347275
0,pre,d_out,80,6,8,0,91,177,0.018249,1.202989
0,pre,d_out,81,6,8,1,201,277,0.03166,1.239219
0,pre,d_out,82,6,9,0,98,62,0.067642,1.291208
0,pre,d_out,83,6,9,1,217,151,0.060552,1.420789
0,pre,d_out,84,7,8,0,70,179,0.054337,1.359743
0,pre,d_out,85,7,8,1,141,290,0.047076,1.306648
0,pre,d_out,86,7,9,0,75,73,0.041304,1.369184
0,pre,d_out,87,7,9,1,144,185,0.015087,1.171618
0,pre,d_out,88,8,9,0,184,78,0.056836,1.311964
0,pre,d_out,89,8,9,1,338,193,0.052958,1.338853
1,clf,d_h2,0,0,1,0,10,2,0.164696,2.606099
1,clf,d_h2,1,0,1,1,183,94,0.173735,3.489541
1,clf,d_h2,2,0,2,0,13,1,0.037832,1.748496
1,clf,d_h2,3,0,2,1,188,172,0.038956,1.742151
1,clf,d_h2,4,0,3,0,25,18,0.164969,3.014488
1,clf,d_h2,5,0,3,1,192,142,0.119971,2.354384
1,clf,d_h2,6,0,4,0,28,4,0.167132,2.914994
1,clf,d_h2,7,0,4,1,194,85,0.14021,3.408556
1,clf,d_h2,8,0,5,0,55,8,0.061952,1.983297
1,clf,d_h2,9,0,5,1,215,152,0.162181,2.273967
1,clf,d_h2,10,0,6,0,69,11,0.081906,1.518242
1,clf,d_h2,11,0,6,1,246,130,0.12693,2.124075
1,clf,d_h2,12,0,7,0,71,0,0.176741,2.862666
1,clf,d_h2,13,0,7,1,269,83,0.080208,3.026102
1,clf,d_h2,14,0,8,0,101,61,0.088923,1.908408
1,clf,d_h2,15,0,8,1,271,233,0.155684,2.705199
1,clf,d_h2,16,0,9,0,126,7,0.104531,2.728584
1,clf,d_h2,17,0,9,1,294,105,0.130804,3.272107
1,clf,d_h2,18,1,2,0,14,35,0.074729,1.904
1,clf,d_h2,19,1,2,1,107,174,0.050382,1.5347
1,clf,d_h2,20,1,3,0,29,30,0.03993,1.704991
1,clf,d_h2,21,1,3,1,135,158,0.111888,2.559378
1,clf,d_h2,22,1,4,0,31,6,0.08742,1.858754
1,clf,d_h2,23,1,4,1,137,95,0.072757,2.25726
1,clf,d_h2,24,1,5,0,37,15,0.124533,2.383385
1,clf,d_h2,25,1,5,1,143,153,0.137846,2.306442
1,clf,d_h2,26,1,6,0,39,21,0.096211,2.662664
1,clf,d_h2,27,1,6,1,145,131,0.052625,1.79074
1,clf,d_h2,28,1,7,0,40,17,0.039185,1.696523
1,clf,d_h2,29,1,7,1,154,86,0.052463,1.481332
1,clf,d_h2,30,1,8,0,46,84,0.130848,2.081721
1,clf,d_h2,31,1,8,1,168,242,0.103321,1.91716
1,clf,d_h2,32,1,9,0,57,9,0.075378,1.740897
1,clf,d_h2,33,1,9,1,176,108,0.133952,2.21386
1,clf,d_h2,34,2,3,0,43,32,0.065483,1.812698
1,clf,d_h2,35,2,3,1,199,173,0.145571,2.081838
1,clf,d_h2,36,2,4,0,47,19,0.166275,2.743092
1,clf,d_h2,37,2,4,1,208,103,0.087628,1.990421
1,clf,d_h2,38,2,5,0,72,23,0.093803,2.137841
1,clf,d_h2,39,2,5,1,221,155,0.087075,2.43137
1,clf,d_h2,40,2,6,0,77,22,0.048238,1.593185
1,clf,d_h2,41,2,6,1,222,138,0.046455,1.840308
1,clf,d_h2,42,2,7,0,82,26,0.228893,2.764999
1,clf,d_h2,43,2,7,1,225,97,0.16067,2.445281
1,clf,d_h2,44,2,8,0,106,110,0.12246,1.838917
1,clf,d_h2,45,2,8,1,236,257,0.225358,2.404048
1,clf,d_h2,46,2,9,0,119,12,0.20878,3.032836
1,clf,d_h2,47,2,9,1,237,113,0.206823,2.644531
1,clf,d_h2,48,3,4,0,51,24,0.2039,4.410534
1,clf,d_h2,49,3,4,1,200,109,0.259358,4.924098
1,clf,d_h2,50,3,5,0,63,45,0.100355,1.492877
1,clf,d_h2,51,3,5,1,205,162,0.028145,1.342845
1,clf,d_h2,52,3,6,0,68,50,0.132973,1.837117
1,clf,d_h2,53,3,6,1,213,140,0.154361,2.017832
1,clf,d_h2,54,3,7,0,76,34,0.085096,1.860422
1,clf,d_h2,55,3,7,1,216,111,0.166594,2.268396
1,clf,d_h2,56,3,8,0,87,128,0.072538,2.051309
1,clf,d_h2,57,3,8,1,230,260,0.121977,2.538529
1,clf,d_h2,58,3,9,0,90,16,0.225652,3.533459
1,clf,d_h2,59,3,9,1,231,118,0.19453,2.554989
1,clf,d_h2,60,4,5,0,33,52,0.088708,2.158039
1,clf,d_h2,61,4,5,1,116,165,0.085428,1.947801
1,clf,d_h2,62,4,6,0,42,54,0.041755,1.65298
1,clf,d_h2,63,4,6,1,117,156,0.044103,1.558161
1,clf,d_h2,64,4,7,0,48,36,0.097107,2.421957
1,clf,d_h2,65,4,7,1,121,114,0.055205,2.12112
1,clf,d_h2,66,4,8,0,49,134,0.115136,2.688966
1,clf,d_h2,67,4,8,1,139,266,0.161196,4.056122
1,clf,d_h2,68,4,9,0,56,20,0.107454,1.64224
1,clf,d_h2,69,4,9,1,159,125,0.074363,1.489942
1,clf,d_h2,70,5,6,0,59,66,0.07898,1.738744
1,clf,d_h2,71,5,6,1,182,161,0.011229,1.16196
1,clf,d_h2,72,5,7,0,102,41,0.125002,2.085307
1,clf,d_h2,73,5,7,1,187,122,0.151276,2.239439
1,clf,d_h2,74,5,8,0,120,146,0.080425,1.908221
1,clf,d_h2,75,5,8,1,207,268,0.116111,1.695809
1,clf,d_h2,76,5,9,0,127,58,0.221143,2.677526
1,clf,d_h2,77,5,9,1,211,150,0.208862,3.698193
1,clf,d_h2,78,6,7,0,88,60,0.128643,2.607239
1,clf,d_h2,79,6,7,1,197,124,0.193283,2.912104
1,clf,d_h2,80,6,8,0,91,177,0.138152,1.911217
1,clf,d_h2,81,6,8,1,201,277,0.209836,2.499394
1,clf,d_h2,82,6,9,0,98,62,0.148285,2.058129
1,clf,d_h2,83,6,9,1,217,151,0.156816,3.033289
1,clf,d_h2,84,7,8,0,70,179,0.124189,2.267429
1,clf,d_h2,85,7,8,1,141,290,0.241984,3.740854
1,clf,d_h2,86,7,9,0,75,73,0.076503,1.41286
1,clf,d_h2,87,7,9,1,144,185,0.042344,1.474552
1,clf,d_h2,88,8,9,0,184,78,0.05451,1.605381
1,clf,d_h2,89,8,9,1,338,193,0.14992,1.893143
1,clf,d_h3,0,0,1,0,10,2,0.294911,3.307621
1,clf,d_h3,1,0,1,1,183,94,0.446576,5.611695
1,clf,d_h3,2,0,2,0,13,1,0.101484,2.170658
1,clf,d_h3,3,0,2,1,188,172,0.060301,2.138574
1,clf,d_h3,4,0,3,0,25,18,0.236611,3.533312
1,clf,d_h3,5,0,3,1,192,142,0.125118,2.779405
1,clf,d_h3,6,0,4,0,28,4,0.170855,2.983246
1,clf,d_h3,7,0,4,1,194,85,0.163964,3.858674
1,clf,d_h3,8,0,5,0,55,8,0.182212,3.583938
1,clf,d_h3,9,0,5,1,215,152,0.247808,2.709411
1,clf,d_h3,10,0,6,0,69,11,0.127775,2.673829
1,clf,d_h3,11,0,6,1,246,130,0.152674,1.991736
1,clf,d_h3,12,0,7,0,71,0,0.266436,3.676818
1,clf,d_h3,13,0,7,1,269,83,0.121616,4.636902
1,clf,d_h3,14,0,8,0,101,61,0.232789,4.051394
1,clf,d_h3,15,0,8,1,271,233,0.332822,4.468817
1,clf,d_h3,16,0,9,0,126,7,0.273866,4.457057
1,clf,d_h3,17,0,9,1,294,105,0.150673,5.059317
1,clf,d_h3,18,1,2,0,14,35,0.083573,1.837975
1,clf,d_h3,19,1,2,1,107,174,0.106237,1.652604
1,clf,d_h3,20,1,3,0,29,30,0.099822,1.748455
1,clf,d_h3,21,1,3,1,135,158,0.103707,2.86082
1,clf,d_h3,22,1,4,0,31,6,0.043421,1.724869
1,clf,d_h3,23,1,4,1,137,95,0.087118,2.353579
1,clf,d_h3,24,1,5,0,37,15,0.20334,2.834295
1,clf,d_h3,25,1,5,1,143,153,0.207957,2.613456
1,clf,d_h3,26,1,6,0,39,21,0.100728,2.584866
1,clf,d_h3,27,1,6,1,145,131,0.02315,1.747611
1,clf,d_h3,28,1,7,0,40,17,0.034123,1.476565
1,clf,d_h3,29,1,7,1,154,86,0.075471,1.740891
1,clf,d_h3,30,1,8,0,46,84,0.1559,2.429026
1,clf,d_h3,31,1,8,1,168,242,0.173777,2.887523
1,clf,d_h3,32,1,9,0,57,9,0.043735,2.035499
1,clf,d_h3,33,1,9,1,176,108,0.13117,2.323291
1,clf,d_h3,34,2,3,0,43,32,0.083865,1.696742
1,clf,d_h3,35,2,3,1,199,173,0.113301,1.640916
1,clf,d_h3,36,2,4,0,47,19,0.160206,2.705961
1,clf,d_h3,37,2,4,1,208,103,0.091921,1.907374
1,clf,d_h3,38,2,5,0,72,23,0.158719,2.70592
1,clf,d_h3,39,2,5,1,221,155,0.125873,3.148744
1,clf,d_h3,40,2,6,0,77,22,0.06366,1.836705
1,clf,d_h3,41,2,6,1,222,138,0.053451,1.804137
1,clf,d_h3,42,2,7,0,82,26,0.27275,2.940734
1,clf,d_h3,43,2,7,1,225,97,0.234686,2.907173
1,clf,d_h3,44,2,8,0,106,110,0.221174,2.336641
1,clf,d_h3,45,2,8,1,236,257,0.251508,2.39189
1,clf,d_h3,46,2,9,0,119,12,0.195119,3.754902
1,clf,d_h3,47,2,9,1,237,113,0.269363,2.895537
1,clf,d_h3,48,3,4,0,51,24,0.296169,5.747157
1,clf,d_h3,49,3,4,1,200,109,0.307132,5.988718
1,clf,d_h3,50,3,5,0,63,45,0.134203,1.629025
1,clf,d_h3,51,3,5,1,205,162,0.097984,2.258971
1,clf,d_h3,52,3,6,0,68,50,0.17362,1.858306
1,clf,d_h3,53,3,6,1,213,140,0.216136,2.136549
1,clf,d_h3,54,3,7,0,76,34,0.120031,2.008151
1,clf,d_h3,55,3,7,1,216,111,0.181472,2.011712
1,clf,d_h3,56,3,8,0,87,128,0.242098,3.202073
1,clf,d_h3,57,3,8,1,230,260,0.193108,4.39696
1,clf,d_h3,58,3,9,0,90,16,0.384163,5.211307
1,clf,d_h3,59,3,9,1,231,118,0.320769,3.157601
1,clf,d_h3,60,4,5,0,33,52,0.114187,2.680537
1,clf,d_h3,61,4,5,1,116,165,0.133598,2.64508
1,clf,d_h3,62,4,6,0,42,54,0.056542,1.807478
1,clf,d_h3,63,4,6,1,117,156,0.040832,2.172822
1,clf,d_h3,64,4,7,0,48,36,0.104858,2.641649
1,clf,d_h3,65,4,7,1,121,114,0.067988,2.074136
1,clf,d_h3,66,4,8,0,49,134,0.224792,3.448237
1,clf,d_h3,67,4,8,1,139,266,0.291706,5.829507
1,clf,d_h3,68,4,9,0,56,20,0.176934,2.053151
1,clf,d_h3,69,4,9,1,159,125,0.152468,2.450567
1,clf,d_h3,70,5,6,0,59,66,0.163369,2.320589
1,clf,d_h3,71,5,6,1,182,161,0.028087,2.488929
1,clf,d_h3,72,5,7,0,102,41,0.190004,2.400652
1,clf,d_h3,73,5,7,1,187,122,0.146671,1.963138
1,clf,d_h3,74,5,8,0,120,146,0.110861,2.63019
1,clf,d_h3,75,5,8,1,207,268,0.165113,1.817983
1,clf,d_h3,76,5,9,0,127,58,0.262006,2.818958
1,clf,d_h3,77,5,9,1,211,150,0.305991,4.738746
1,clf,d_h3,78,6,7,0,88,60,0.22468,3.067967
1,clf,d_h3,79,6,7,1,197,124,0.28999,3.184062
1,clf,d_h3,80,6,8,0,91,177,0.204677,2.102262
1,clf,d_h3,81,6,8,1,201,277,0.29667,2.922058
1,clf,d_h3,82,6,9,0,98,62,0.174357,2.41518
1,clf,d_h3,83,6,9,1,217,151,0.284958,6.017825
1,clf,d_h3,84,7,8,0,70,179,0.290104,3.477892
1,clf,d_h3,85,7,8,1,141,290,0.318909,5.620634
1,clf,d_h3,86,7,9,0,75,73,0.087764,1.466221
1,clf,d_h3,87,7,9,1,144,185,0.083801,2.893835
1,clf,d_h3,88,8,9,0,184,78,0.052309,1.983426
1,clf,d_h3,89,8,9,1,338,193,0.066624,1.648272
1,clf,d_out,0,0,1,0,10,2,0.14469,6.511885
1,clf,d_out,1,0,1,1,183,94,0.270472,11.058703
1,clf,d_out,2,0,2,0,13,1,0.211345,6.984109
1,clf,d_out,3,0,2,1,188,172,0.18274,6.601137
1,clf,d_out,4,0,3,0,25,18,0.204142,11.407632
1,clf,d_out,5,0,3,1,192,142,0.179016,10.414415
1,clf,d_out,6,0,4,0,28,4,0.201464,12.397942
1,clf,d_out,7,0,4,1,194,85,0.261488,12.715658
1,clf,d_out,8,0,5,0,55,8,0.119835,5.475947
1,clf,d_out,9,0,5,1,215,152,0.161214,9.628567
1,clf,d_out,10,0,6,0,69,11,0.216755,8.217114
1,clf,d_out,11,0,6,1,246,130,0.172929,6.300853
1,clf,d_out,12,0,7,0,71,0,0.224096,8.557897
1,clf,d_out,13,0,7,1,269,83,0.323817,8.419207
1,clf,d_out,14,0,8,0,101,61,0.217985,11.025849
1,clf,d_out,15,0,8,1,271,233,0.242301,13.504878
1,clf,d_out,16,0,9,0,126,7,0.223762,8.371204
1,clf,d_out,17,0,9,1,294,105,0.248291,12.939125
1,clf,d_out,18,1,2,0,14,35,0.098426,6.242087
1,clf,d_out,19,1,2,1,107,174,0.179693,3.396231
1,clf,d_out,20,1,3,0,29,30,0.22382,6.310412
1,clf,d_out,21,1,3,1,135,158,0.058221,4.145691
1,clf,d_out,22,1,4,0,31,6,0.174931,3.893061
1,clf,d_out,23,1,4,1,137,95,0.122649,3.402668
1,clf,d_out,24,1,5,0,37,15,0.147913,3.869271
1,clf,d_out,25,1,5,1,143,153,0.128225,3.614697
1,clf,d_out,26,1,6,0,39,21,0.214374,4.560608
1,clf,d_out,27,1,6,1,145,131,0.2013,4.421494
1,clf,d_out,28,1,7,0,40,17,0.16104,3.720999
1,clf,d_out,29,1,7,1,154,86,0.129151,4.598109
1,clf,d_out,30,1,8,0,46,84,0.177409,4.754674
1,clf,d_out,31,1,8,1,168,242,0.157043,4.428715
1,clf,d_out,32,1,9,0,57,9,0.087301,2.654797
1,clf,d_out,33,1,9,1,176,108,0.22293,4.521443
1,clf,d_out,34,2,3,0,43,32,0.17291,4.590842
1,clf,d_out,35,2,3,1,199,173,0.230197,4.152208
1,clf,d_out,36,2,4,0,47,19,0.155842,4.6597
1,clf,d_out,37,2,4,1,208,103,0.207162,7.341024
1,clf,d_out,38,2,5,0,72,23,0.236247,9.321189
1,clf,d_out,39,2,5,1,221,155,0.172285,5.875442
1,clf,d_out,40,2,6,0,77,22,0.200128,8.52632
1,clf,d_out,41,2,6,1,222,138,0.154007,4.715574
1,clf,d_out,42,2,7,0,82,26,0.220928,9.56859
1,clf,d_out,43,2,7,1,225,97,0.19336,5.358589
1,clf,d_out,44,2,8,0,106,110,0.192059,6.825262
1,clf,d_out,45,2,8,1,236,257,0.130287,3.66461
1,clf,d_out,46,2,9,0,119,12,0.242131,5.627105
1,clf,d_out,47,2,9,1,237,113,0.178899,6.046586
1,clf,d_out,48,3,4,0,51,24,0.211536,5.457334
1,clf,d_out,49,3,4,1,200,109,0.210432,7.81683
1,clf,d_out,50,3,5,0,63,45,0.212553,6.206274
1,clf,d_out,51,3,5,1,205,162,0.214984,6.53165
1,clf,d_out,52,3,6,0,68,50,0.163153,4.579801
1,clf,d_out,53,3,6,1,213,140,0.12735,4.392952
1,clf,d_out,54,3,7,0,76,34,0.179449,5.174285
1,clf,d_out,55,3,7,1,216,111,0.192609,3.451163
1,clf,d_out,56,3,8,0,87,128,0.174142,6.130846
1,clf,d_out,57,3,8,1,230,260,0.268658,9.043627
1,clf,d_out,58,3,9,0,90,16,0.342819,9.589091
1,clf,d_out,59,3,9,1,231,118,0.19143,9.504351
1,clf,d_out,60,4,5,0,33,52,0.170779,3.256738
1,clf,d_out,61,4,5,1,116,165,0.155705,8.135097
1,clf,d_out,62,4,6,0,42,54,0.198455,9.163743
1,clf,d_out,63,4,6,1,117,156,0.191712,9.973568
1,clf,d_out,64,4,7,0,48,36,0.155355,7.978669
1,clf,d_out,65,4,7,1,121,114,0.173786,4.866085
1,clf,d_out,66,4,8,0,49,134,0.207854,5.9852
1,clf,d_out,67,4,8,1,139,266,0.254322,6.639452
1,clf,d_out,68,4,9,0,56,20,0.215422,8.366701
1,clf,d_out,69,4,9,1,159,125,0.267439,4.171401
1,clf,d_out,70,5,6,0,59,66,0.122969,4.378718
1,clf,d_out,71,5,6,1,182,161,0.196802,8.238626
1,clf,d_out,72,5,7,0,102,41,0.166689,6.423189
1,clf,d_out,73,5,7,1,187,122,0.075582,3.223845
1,clf,d_out,74,5,8,0,120,146,0.199284,3.883666
1,clf,d_out,75,5,8,1,207,268,0.18105,4.440203
1,clf,d_out,76,5,9,0,127,58,0.164464,7.077584
1,clf,d_out,77,5,9,1,211,150,0.164046,5.734533
1,clf,d_out,78,6,7,0,88,60,0.207623,16.392374
1,clf,d_out,79,6,7,1,197,124,0.202182,10.851163
1,clf,d_out,80,6,8,0,91,177,0.179308,5.704942
1,clf,d_out,81,6,8,1,201,277,0.250125,15.480911
1,clf,d_out,82,6,9,0,98,62,0.102273,3.987873
1,clf,d_out,83,6,9,1,217,151,0.318597,11.415309
1,clf,d_out,84,7,8,0,70,179,0.117172,5.606359
1,clf,d_out,85,7,8,1,141,290,0.353893,7.550931
1,clf,d_out,86,7,9,0,75,73,0.248016,5.153072
1,clf,d_out,87,7,9,1,144,185,0.345968,5.30356
1,clf,d_out,88,8,9,0,184,78,0.133081,4.124981
1,clf,d_out,89,8,9,1,338,193,0.209773,2.925444
1,pre,d_h2,0,0,1,0,10,2,0.054352,1.247209
1,pre,d_h2,1,0,1,1,183,94,0.053727,1.243664
1,pre,d_h2,2,0,2,0,13,1,0.009474,1.065505
1,pre,d_h2,3,0,2,1,188,172,0.002078,1.050879
1,pre,d_h2,4,0,3,0,25,18,0.038978,1.209806
1,pre,d_h2,5,0,3,1,192,142,0.028128,1.190963
1,pre,d_h2,6,0,4,0,28,4,0.050447,1.246366
1,pre,d_h2,7,0,4,1,194,85,0.004807,1.067662
1,pre,d_h2,8,0,5,0,55,8,0.01122,1.089543
1,pre,d_h2,9,0,5,1,215,152,0.041238,1.21037
1,pre,d_h2,10,0,6,0,69,11,0.019464,1.078618
1,pre,d_h2,11,0,6,1,246,130,0.030517,1.135904
1,pre,d_h2,12,0,7,0,71,0,0.06641,1.504504
1,pre,d_h2,13,0,7,1,269,83,0.0258,1.133924
1,pre,d_h2,14,0,8,0,101,61,0.002093,1.032358
1,pre,d_h2,15,0,8,1,271,233,0.010357,1.09269
1,pre,d_h2,16,0,9,0,126,7,0.03781,1.185928
1,pre,d_h2,17,0,9,1,294,105,0.024213,1.125728
1,pre,d_h2,18,1,2,0,14,35,0.008416,1.062703
1,pre,d_h2,19,1,2,1,107,174,0.010824,1.122397
1,pre,d_h2,20,1,3,0,29,30,0.004188,1.065013
1,pre,d_h2,21,1,3,1,135,158,0.009458,1.059943
1,pre,d_h2,22,1,4,0,31,6,0.024262,1.12431
1,pre,d_h2,23,1,4,1,137,95,0.017196,1.108372
1,pre,d_h2,24,1,5,0,37,15,0.019858,1.081556
1,pre,d_h2,25,1,5,1,143,153,0.025536,1.125538
1,pre,d_h2,26,1,6,0,39,21,0.003504,1.046291
1,pre,d_h2,27,1,6,1,145,131,0.019081,1.106763
1,pre,d_h2,28,1,7,0,40,17,0.012553,1.069969
1,pre,d_h2,29,1,7,1,154,86,0.013439,1.10963
1,pre,d_h2,30,1,8,0,46,84,0.018643,1.090664
1,pre,d_h2,31,1,8,1,168,242,0.024249,1.122016
1,pre,d_h2,32,1,9,0,57,9,0.005165,1.071092
1,pre,d_h2,33,1,9,1,176,108,0.031293,1.197988
1,pre,d_h2,34,2,3,0,43,32,0.012251,1.078266
1,pre,d_h2,35,2,3,1,199,173,0.04544,1.255044
1,pre,d_h2,36,2,4,0,47,19,0.014076,1.059937
1,pre,d_h2,37,2,4,1,208,103,0.005081,1.035908
1,pre,d_h2,38,2,5,0,72,23,0.025365,1.188042
1,pre,d_h2,39,2,5,1,221,155,0.013483,1.169844
1,pre,d_h2,40,2,6,0,77,22,0.01,1.060733
1,pre,d_h2,41,2,6,1,222,138,0.042874,1.241158
1,pre,d_h2,42,2,7,0,82,26,0.043116,1.306275
1,pre,d_h2,43,2,7,1,225,97,0.027166,1.10423
1,pre,d_h2,44,2,8,0,106,110,0.012274,1.070455
1,pre,d_h2,45,2,8,1,236,257,0.013636,1.055619
1,pre,d_h2,46,2,9,0,119,12,0.043134,1.24721
1,pre,d_h2,47,2,9,1,237,113,0.011926,1.068449
1,pre,d_h2,48,3,4,0,51,24,0.062902,1.386718
1,pre,d_h2,49,3,4,1,200,109,0.060691,1.363311
1,pre,d_h2,50,3,5,0,63,45,0.010636,1.053798
1,pre,d_h2,51,3,5,1,205,162,0.000901,1.048291
1,pre,d_h2,52,3,6,0,68,50,0.035882,1.185322
1,pre,d_h2,53,3,6,1,213,140,0.013384,1.066357
1,pre,d_h2,54,3,7,0,76,34,0.012185,1.132101
1,pre,d_h2,55,3,7,1,216,111,0.026462,1.11023
1,pre,d_h2,56,3,8,0,87,128,0.004951,1.052964
1,pre,d_h2,57,3,8,1,230,260,0.006617,1.067655
1,pre,d_h2,58,3,9,0,90,16,0.026752,1.11109
1,pre,d_h2,59,3,9,1,231,118,0.031911,1.152238
1,pre,d_h2,60,4,5,0,33,52,0.010467,1.040465
1,pre,d_h2,61,4,5,1,116,165,0.02107,1.104438
1,pre,d_h2,62,4,6,0,42,54,0.005856,1.05561
1,pre,d_h2,63,4,6,1,117,156,0.022689,1.111741
1,pre,d_h2,64,4,7,0,48,36,0.040215,1.19886
1,pre,d_h2,65,4,7,1,121,114,0.018784,1.085167
1,pre,d_h2,66,4,8,0,49,134,0.005802,1.052055
1,pre,d_h2,67,4,8,1,139,266,0.021465,1.105148
1,pre,d_h2,68,4,9,0,56,20,0.005987,1.039648
1,pre,d_h2,69,4,9,1,159,125,0.009127,1.057035
1,pre,d_h2,70,5,6,0,59,66,0.020427,1.093727
1,pre,d_h2,71,5,6,1,182,161,0.004115,1.048672
1,pre,d_h2,72,5,7,0,102,41,0.041307,1.20632
1,pre,d_h2,73,5,7,1,187,122,0.052687,1.269297
1,pre,d_h2,74,5,8,0,120,146,0.025158,1.134307
1,pre,d_h2,75,5,8,1,207,268,0.008148,1.049459
1,pre,d_h2,76,5,9,0,127,58,0.022641,1.127169
1,pre,d_h2,77,5,9,1,211,150,0.017611,1.067045
1,pre,d_h2,78,6,7,0,88,60,0.009429,1.108569
1,pre,d_h2,79,6,7,1,197,124,0.02217,1.135853
1,pre,d_h2,80,6,8,0,91,177,0.001615,1.047033
1,pre,d_h2,81,6,8,1,201,277,0.001544,1.029611
1,pre,d_h2,82,6,9,0,98,62,0.039852,1.211068
1,pre,d_h2,83,6,9,1,217,151,0.006389,1.054615
1,pre,d_h2,84,7,8,0,70,179,0.004392,1.053035
1,pre,d_h2,85,7,8,1,141,290,0.006922,1.039469
1,pre,d_h2,86,7,9,0,75,73,0.004327,1.098797
1,pre,d_h2,87,7,9,1,144,185,0.011852,1.063811
1,pre,d_h2,88,8,9,0,184,78,0.026552,1.159971
1,pre,d_h2,89,8,9,1,338,193,0.039955,1.215361
1,pre,d_h3,0,0,1,0,10,2,0.087738,1.430526
1,pre,d_h3,1,0,1,1,183,94,0.072151,1.398917
1,pre,d_h3,2,0,2,0,13,1,0.030056,1.177794
1,pre,d_h3,3,0,2,1,188,172,0.026573,1.2656
1,pre,d_h3,4,0,3,0,25,18,0.044216,1.322547
1,pre,d_h3,5,0,3,1,192,142,0.060222,1.602693
1,pre,d_h3,6,0,4,0,28,4,0.046997,1.243892
1,pre,d_h3,7,0,4,1,194,85,0.016697,1.182678
1,pre,d_h3,8,0,5,0,55,8,0.026041,1.289773
1,pre,d_h3,9,0,5,1,215,152,0.0748,1.346588
1,pre,d_h3,10,0,6,0,69,11,0.045621,1.261425
1,pre,d_h3,11,0,6,1,246,130,0.027337,1.110058
1,pre,d_h3,12,0,7,0,71,0,0.126198,1.920824
1,pre,d_h3,13,0,7,1,269,83,0.048647,1.301712
1,pre,d_h3,14,0,8,0,101,61,0.00533,1.102918
1,pre,d_h3,15,0,8,1,271,233,0.037508,1.297307
1,pre,d_h3,16,0,9,0,126,7,0.039437,1.195002
1,pre,d_h3,17,0,9,1,294,105,0.036095,1.181632
1,pre,d_h3,18,1,2,0,14,35,0.008487,1.201922
1,pre,d_h3,19,1,2,1,107,174,0.011609,1.14283
1,pre,d_h3,20,1,3,0,29,30,0.011285,1.177996
1,pre,d_h3,21,1,3,1,135,158,0.009797,1.165857
1,pre,d_h3,22,1,4,0,31,6,0.022934,1.188844
1,pre,d_h3,23,1,4,1,137,95,0.010158,1.090944
1,pre,d_h3,24,1,5,0,37,15,0.015426,1.146853
1,pre,d_h3,25,1,5,1,143,153,0.037255,1.185101
1,pre,d_h3,26,1,6,0,39,21,0.016476,1.119179
1,pre,d_h3,27,1,6,1,145,131,0.049642,1.321203
1,pre,d_h3,28,1,7,0,40,17,0.040516,1.286155
1,pre,d_h3,29,1,7,1,154,86,0.027918,1.280427
1,pre,d_h3,30,1,8,0,46,84,0.018919,1.125759
1,pre,d_h3,31,1,8,1,168,242,0.029342,1.178658
1,pre,d_h3,32,1,9,0,57,9,0.017806,1.135272
1,pre,d_h3,33,1,9,1,176,108,0.047542,1.320809
1,pre,d_h3,34,2,3,0,43,32,0.013503,1.150554
1,pre,d_h3,35,2,3,1,199,173,0.054055,1.267892
1,pre,d_h3,36,2,4,0,47,19,0.020488,1.224607
1,pre,d_h3,37,2,4,1,208,103,0.003663,1.085711
1,pre,d_h3,38,2,5,0,72,23,0.038062,1.401936
1,pre,d_h3,39,2,5,1,221,155,0.023886,1.352395
1,pre,d_h3,40,2,6,0,77,22,0.017923,1.118928
1,pre,d_h3,41,2,6,1,222,138,0.050865,1.306529
1,pre,d_h3,42,2,7,0,82,26,0.095089,1.528963
1,pre,d_h3,43,2,7,1,225,97,0.034596,1.1484
1,pre,d_h3,44,2,8,0,106,110,0.004022,1.039466
1,pre,d_h3,45,2,8,1,236,257,0.022388,1.142508
1,pre,d_h3,46,2,9,0,119,12,0.080016,1.490439
1,pre,d_h3,47,2,9,1,237,113,0.023764,1.16564
1,pre,d_h3,48,3,4,0,51,24,0.078834,1.467013
1,pre,d_h3,49,3,4,1,200,109,0.063664,1.381094
1,pre,d_h3,50,3,5,0,63,45,0.03541,1.196498
1,pre,d_h3,51,3,5,1,205,162,0.014816,1.099139
1,pre,d_h3,52,3,6,0,68,50,0.045765,1.184592
1,pre,d_h3,53,3,6,1,213,140,0.008469,1.095593
1,pre,d_h3,54,3,7,0,76,34,0.031788,1.288271
1,pre,d_h3,55,3,7,1,216,111,0.046571,1.207861
1,pre,d_h3,56,3,8,0,87,128,0.005728,1.101053
1,pre,d_h3,57,3,8,1,230,260,0.024304,1.339486
1,pre,d_h3,58,3,9,0,90,16,0.044202,1.284666
1,pre,d_h3,59,3,9,1,231,118,0.056767,1.320001
1,pre,d_h3,60,4,5,0,33,52,0.02221,1.120853
1,pre,d_h3,61,4,5,1,116,165,0.028939,1.140493
1,pre,d_h3,62,4,6,0,42,54,0.006553,1.101345
1,pre,d_h3,63,4,6,1,117,156,0.026649,1.170818
1,pre,d_h3,64,4,7,0,48,36,0.043174,1.207664
1,pre,d_h3,65,4,7,1,121,114,0.056548,1.315266
1,pre,d_h3,66,4,8,0,49,134,0.045239,1.235291
1,pre,d_h3,67,4,8,1,139,266,0.015675,1.113927
1,pre,d_h3,68,4,9,0,56,20,0.025715,1.115476
1,pre,d_h3,69,4,9,1,159,125,0.007251,1.082814
1,pre,d_h3,70,5,6,0,59,66,0.009382,1.119208
1,pre,d_h3,71,5,6,1,182,161,0.010718,1.094782
1,pre,d_h3,72,5,7,0,102,41,0.038081,1.237221
1,pre,d_h3,73,5,7,1,187,122,0.061629,1.339813
1,pre,d_h3,74,5,8,0,120,146,0.032732,1.1903
1,pre,d_h3,75,5,8,1,207,268,0.015172,1.178076
1,pre,d_h3,76,5,9,0,127,58,0.01433,1.133348
1,pre,d_h3,77,5,9,1,211,150,0.022543,1.217635
1,pre,d_h3,78,6,7,0,88,60,0.027555,1.219032
1,pre,d_h3,79,6,7,1,197,124,0.065901,1.323365
1,pre,d_h3,80,6,8,0,91,177,0.007546,1.127487
1,pre,d_h3,81,6,8,1,201,277,0.009973,1.126194
1,pre,d_h3,82,6,9,0,98,62,0.064555,1.322614
1,pre,d_h3,83,6,9,1,217,151,0.021291,1.206459
1,pre,d_h3,84,7,8,0,70,179,0.004093,1.128638
1,pre,d_h3,85,7,8,1,141,290,0.029801,1.144614
1,pre,d_h3,86,7,9,0,75,73,0.00858,1.204073
1,pre,d_h3,87,7,9,1,144,185,0.008996,1.077695
1,pre,d_h3,88,8,9,0,184,78,0.068306,1.407521
1,pre,d_h3,89,8,9,1,338,193,0.043281,1.20399
1,pre,d_out,0,0,1,0,10,2,0.103979,1.534154
1,pre,d_out,1,0,1,1,183,94,0.077109,1.511911
1,pre,d_out,2,0,2,0,13,1,0.002832,1.120234
1,pre,d_out,3,0,2,1,188,172,0.03892,1.303405
1,pre,d_out,4,0,3,0,25,18,0.045287,1.44008
1,pre,d_out,5,0,3,1,192,142,0.089302,1.865207
1,pre,d_out,6,0,4,0,28,4,0.052438,1.314086
1,pre,d_out,7,0,4,1,194,85,0.016882,1.195696
1,pre,d_out,8,0,5,0,55,8,0.028209,1.352982
1,pre,d_out,9,0,5,1,215,152,0.080499,1.644875
1,pre,d_out,10,0,6,0,69,11,0.033769,1.227474
1,pre,d_out,11,0,6,1,246,130,0.045231,1.286755
1,pre,d_out,12,0,7,0,71,0,0.152699,2.332024
1,pre,d_out,13,0,7,1,269,83,0.09787,1.63004
1,pre,d_out,14,0,8,0,101,61,0.00623,1.144642
1,pre,d_out,15,0,8,1,271,233,0.050107,1.587105
1,pre,d_out,16,0,9,0,126,7,0.062305,1.391817
1,pre,d_out,17,0,9,1,294,105,0.03364,1.232188
1,pre,d_out,18,1,2,0,14,35,0.02364,1.467849
1,pre,d_out,19,1,2,1,107,174,0.029414,1.225057
1,pre,d_out,20,1,3,0,29,30,0.047291,1.393049
1,pre,d_out,21,1,3,1,135,158,0.008304,1.254773
1,pre,d_out,22,1,4,0,31,6,0.023371,1.250708
1,pre,d_out,23,1,4,1,137,95,0.015641,1.274014
1,pre,d_out,24,1,5,0,37,15,0.011411,1.143573
1,pre,d_out,25,1,5,1,143,153,0.031388,1.359037
1,pre,d_out,26,1,6,0,39,21,0.029325,1.186186
1,pre,d_out,27,1,6,1,145,131,0.007518,1.188108
1,pre,d_out,28,1,7,0,40,17,0.004793,1.251571
1,pre,d_out,29,1,7,1,154,86,0.018383,1.255715
1,pre,d_out,30,1,8,0,46,84,0.023877,1.168351
1,pre,d_out,31,1,8,1,168,242,0.010373,1.23812
1,pre,d_out,32,1,9,0,57,9,0.020911,1.367557
1,pre,d_out,33,1,9,1,176,108,0.056529,1.426345
1,pre,d_out,34,2,3,0,43,32,0.00676,1.245142
1,pre,d_out,35,2,3,1,199,173,0.074383,1.475062
1,pre,d_out,36,2,4,0,47,19,0.042506,1.400894
1,pre,d_out,37,2,4,1,208,103,0.027142,1.265501
1,pre,d_out,38,2,5,0,72,23,0.095968,1.641779
1,pre,d_out,39,2,5,1,221,155,0.056901,1.744255
1,pre,d_out,40,2,6,0,77,22,0.042681,1.327282
1,pre,d_out,41,2,6,1,222,138,0.062867,1.357663
1,pre,d_out,42,2,7,0,82,26,0.146198,1.923564
1,pre,d_out,43,2,7,1,225,97,0.048127,1.244661
1,pre,d_out,44,2,8,0,106,110,0.034842,1.226828
1,pre,d_out,45,2,8,1,236,257,0.057016,1.298057
1,pre,d_out,46,2,9,0,119,12,0.077988,1.583634
1,pre,d_out,47,2,9,1,237,113,0.046994,1.347177
1,pre,d_out,48,3,4,0,51,24,0.136068,1.77958
1,pre,d_out,49,3,4,1,200,109,0.09755,1.751427
1,pre,d_out,50,3,5,0,63,45,0.076814,1.422933
1,pre,d_out,51,3,5,1,205,162,0.021318,1.189947
1,pre,d_out,52,3,6,0,68,50,0.056925,1.365079
1,pre,d_out,53,3,6,1,213,140,0.033359,1.2079
1,pre,d_out,54,3,7,0,76,34,0.051247,1.557982
1,pre,d_out,55,3,7,1,216,111,0.047476,1.279527
1,pre,d_out,56,3,8,0,87,128,0.029345,1.218945
1,pre,d_out,57,3,8,1,230,260,0.058206,1.949321
1,pre,d_out,58,3,9,0,90,16,0.050205,1.306985
1,pre,d_out,59,3,9,1,231,118,0.073705,1.504439
1,pre,d_out,60,4,5,0,33,52,0.042599,1.227699
1,pre,d_out,61,4,5,1,116,165,0.027884,1.579374
1,pre,d_out,62,4,6,0,42,54,0.00836,1.193857
1,pre,d_out,63,4,6,1,117,156,0.031333,1.406889
1,pre,d_out,64,4,7,0,48,36,0.053218,1.338231
1,pre,d_out,65,4,7,1,121,114,0.031663,1.294987
1,pre,d_out,66,4,8,0,49,134,0.044026,1.264414
1,pre,d_out,67,4,8,1,139,266,0.026882,1.161193
1,pre,d_out,68,4,9,0,56,20,0.03464,1.169148
1,pre,d_out,69,4,9,1,159,125,0.004731,1.103616
1,pre,d_out,70,5,6,0,59,66,0.014719,1.213819
1,pre,d_out,71,5,6,1,182,161,0.021768,1.361778
1,pre,d_out,72,5,7,0,102,41,0.059935,1.361272
1,pre,d_out,73,5,7,1,187,122,0.061227,1.33053
1,pre,d_out,74,5,8,0,120,146,0.059542,1.317061
1,pre,d_out,75,5,8,1,207,268,0.025282,1.499944
1,pre,d_out,76,5,9,0,127,58,0.025498,1.198627
1,pre,d_out,77,5,9,1,211,150,0.068966,1.453539
1,pre,d_out,78,6,7,0,88,60,0.06213,1.489815
1,pre,d_out,79,6,7,1,197,124,0.063535,1.407529
1,pre,d_out,80,6,8,0,91,177,0.053083,1.277182
1,pre,d_out,81,6,8,1,201,277,0.0332,1.176965
1,pre,d_out,82,6,9,0,98,62,0.066815,1.405007
1,pre,d_out,83,6,9,1,217,151,0.040783,1.304538
1,pre,d_out,84,7,8,0,70,179,0.088125,1.601866
1,pre,d_out,85,7,8,1,141,290,0.056387,1.275002
1,pre,d_out,86,7,9,0,75,73,0.03055,1.589125
1,pre,d_out,87,7,9,1,144,185,0.003951,1.120269
1,pre,d_out,88,8,9,0,184,78,0.066371,1.5432
1,pre,d_out,89,8,9,1,338,193,0.056274,1.37522
2,clf,d_h2,0,0,1,0,10,2,0.17651,2.579539
2,clf,d_h2,1,0,1,1,183,94,0.189687,2.894328
2,clf,d_h2,2,0,2,0,13,1,0.044025,1.528519
2,clf,d_h2,3,0,2,1,188,172,0.108563,1.82865
2,clf,d_h2,4,0,3,0,25,18,0.18606,2.861359
2,clf,d_h2,5,0,3,1,192,142,0.174248,2.491679
2,clf,d_h2,6,0,4,0,28,4,0.158614,2.736117
2,clf,d_h2,7,0,4,1,194,85,0.174243,3.474039
2,clf,d_h2,8,0,5,0,55,8,0.048016,1.652849
2,clf,d_h2,9,0,5,1,215,152,0.139328,2.025813
2,clf,d_h2,10,0,6,0,69,11,0.091672,1.512206
2,clf,d_h2,11,0,6,1,246,130,0.141031,2.394734
2,clf,d_h2,12,0,7,0,71,0,0.19634,3.425384
2,clf,d_h2,13,0,7,1,269,83,0.10638,2.389648
2,clf,d_h2,14,0,8,0,101,61,0.143805,2.175868
2,clf,d_h2,15,0,8,1,271,233,0.266466,3.560436
2,clf,d_h2,16,0,9,0,126,7,0.167396,3.805305
2,clf,d_h2,17,0,9,1,294,105,0.121007,2.716306
2,clf,d_h2,18,1,2,0,14,35,0.04458,1.809303
2,clf,d_h2,19,1,2,1,107,174,0.024962,1.349255
2,clf,d_h2,20,1,3,0,29,30,0.031796,1.345462
2,clf,d_h2,21,1,3,1,135,158,0.049211,1.627388
2,clf,d_h2,22,1,4,0,31,6,0.065256,2.105253
2,clf,d_h2,23,1,4,1,137,95,0.06972,1.730199
2,clf,d_h2,24,1,5,0,37,15,0.090199,1.795941
2,clf,d_h2,25,1,5,1,143,153,0.098491,2.026706
2,clf,d_h2,26,1,6,0,39,21,0.077731,2.353944
2,clf,d_h2,27,1,6,1,145,131,0.087157,2.417208
2,clf,d_h2,28,1,7,0,40,17,0.060788,1.912873
2,clf,d_h2,29,1,7,1,154,86,0.029607,1.394381
2,clf,d_h2,30,1,8,0,46,84,0.14923,2.429189
2,clf,d_h2,31,1,8,1,168,242,0.083595,1.579516
2,clf,d_h2,32,1,9,0,57,9,0.054919,1.81207
2,clf,d_h2,33,1,9,1,176,108,0.085347,2.356804
2,clf,d_h2,34,2,3,0,43,32,0.036822,1.395726
2,clf,d_h2,35,2,3,1,199,173,0.107104,1.981488
2,clf,d_h2,36,2,4,0,47,19,0.084322,2.180854
2,clf,d_h2,37,2,4,1,208,103,0.119155,2.077899
2,clf,d_h2,38,2,5,0,72,23,0.113221,2.139468
2,clf,d_h2,39,2,5,1,221,155,0.073069,2.055089
2,clf,d_h2,40,2,6,0,77,22,0.046157,1.751834
2,clf,d_h2,41,2,6,1,222,138,0.038554,1.453414
2,clf,d_h2,42,2,7,0,82,26,0.129404,2.209542
2,clf,d_h2,43,2,7,1,225,97,0.115694,2.252135
2,clf,d_h2,44,2,8,0,106,110,0.05121,1.499099
2,clf,d_h2,45,2,8,1,236,257,0.13892,1.985782
2,clf,d_h2,46,2,9,0,119,12,0.13001,2.78987
2,clf,d_h2,47,2,9,1,237,113,0.133046,2.206546
2,clf,d_h2,48,3,4,0,51,24,0.196302,3.2765
2,clf,d_h2,49,3,4,1,200,109,0.179645,3.313012
2,clf,d_h2,50,3,5,0,63,45,0.110605,1.913585
2,clf,d_h2,51,3,5,1,205,162,0.010286,1.207376
2,clf,d_h2,52,3,6,0,68,50,0.109572,2.006309
2,clf,d_h2,53,3,6,1,213,140,0.125899,1.946255
2,clf,d_h2,54,3,7,0,76,34,0.083311,1.976105
2,clf,d_h2,55,3,7,1,216,111,0.170492,2.104423
2,clf,d_h2,56,3,8,0,87,128,0.059746,1.572206
2,clf,d_h2,57,3,8,1,230,260,0.154336,2.435303
2,clf,d_h2,58,3,9,0,90,16,0.139354,2.304142
2,clf,d_h2,59,3,9,1,231,118,0.158139,2.223205
2,clf,d_h2,60,4,5,0,33,52,0.11203,2.567704
2,clf,d_h2,61,4,5,1,116,165,0.069102,1.736987
2,clf,d_h2,62,4,6,0,42,54,0.053225,1.784599
2,clf,d_h2,63,4,6,1,117,156,0.03693,1.383933
2,clf,d_h2,64,4,7,0,48,36,0.076061,1.980421
2,clf,d_h2,65,4,7,1,121,114,0.027415,1.41879
2,clf,d_h2,66,4,8,0,49,134,0.148959,2.39712
2,clf,d_h2,67,4,8,1,139,266,0.086911,2.789529
2,clf,d_h2,68,4,9,0,56,20,0.118002,1.842853
2,clf,d_h2,69,4,9,1,159,125,0.033202,1.673733
2,clf,d_h2,70,5,6,0,59,66,0.033731,1.486176
2,clf,d_h2,71,5,6,1,182,161,0.033648,1.424503
2,clf,d_h2,72,5,7,0,102,41,0.128401,1.961165
2,clf,d_h2,73,5,7,1,187,122,0.135422,2.346869
2,clf,d_h2,74,5,8,0,120,146,0.117719,2.021144
2,clf,d_h2,75,5,8,1,207,268,0.133874,1.736344
2,clf,d_h2,76,5,9,0,127,58,0.154524,2.378437
2,clf,d_h2,77,5,9,1,211,150,0.074423,1.987404
2,clf,d_h2,78,6,7,0,88,60,0.112144,3.039625
2,clf,d_h2,79,6,7,1,197,124,0.174541,2.360445
2,clf,d_h2,80,6,8,0,91,177,0.158915,2.336673
2,clf,d_h2,81,6,8,1,201,277,0.186014,2.426256
2,clf,d_h2,82,6,9,0,98,62,0.120603,1.773939
2,clf,d_h2,83,6,9,1,217,151,0.155779,2.682556
2,clf,d_h2,84,7,8,0,70,179,0.153205,2.764113
2,clf,d_h2,85,7,8,1,141,290,0.206145,2.67439
2,clf,d_h2,86,7,9,0,75,73,0.088753,1.441389
2,clf,d_h2,87,7,9,1,144,185,0.089466,1.71038
2,clf,d_h2,88,8,9,0,184,78,0.034965,1.528416
2,clf,d_h2,89,8,9,1,338,193,0.083571,1.838225
2,clf,d_h3,0,0,1,0,10,2,0.175496,2.358127
2,clf,d_h3,1,0,1,1,183,94,0.249491,2.842799
2,clf,d_h3,2,0,2,0,13,1,0.018044,1.963326
2,clf,d_h3,3,0,2,1,188,172,0.123139,2.190226
2,clf,d_h3,4,0,3,0,25,18,0.390701,3.505653
2,clf,d_h3,5,0,3,1,192,142,0.265032,3.238648
2,clf,d_h3,6,0,4,0,28,4,0.198945,3.934425
2,clf,d_h3,7,0,4,1,194,85,0.231822,4.600411
2,clf,d_h3,8,0,5,0,55,8,0.122124,3.036493
2,clf,d_h3,9,0,5,1,215,152,0.119026,1.833219
2,clf,d_h3,10,0,6,0,69,11,0.090901,2.235913
2,clf,d_h3,11,0,6,1,246,130,0.098467,2.535552
2,clf,d_h3,12,0,7,0,71,0,0.309217,4.098574
2,clf,d_h3,13,0,7,1,269,83,0.196012,3.123933
2,clf,d_h3,14,0,8,0,101,61,0.312144,4.186302
2,clf,d_h3,15,0,8,1,271,233,0.339174,3.995007
2,clf,d_h3,16,0,9,0,126,7,0.339687,6.033593
2,clf,d_h3,17,0,9,1,294,105,0.257554,3.434247
2,clf,d_h3,18,1,2,0,14,35,0.066081,1.660752
2,clf,d_h3,19,1,2,1,107,174,0.033934,1.487601
2,clf,d_h3,20,1,3,0,29,30,0.025108,2.247837
2,clf,d_h3,21,1,3,1,135,158,0.033676,1.529497
2,clf,d_h3,22,1,4,0,31,6,0.155378,2.974719
2,clf,d_h3,23,1,4,1,137,95,0.046787,2.124286
2,clf,d_h3,24,1,5,0,37,15,0.023739,1.511082
2,clf,d_h3,25,1,5,1,143,153,0.068272,1.745076
2,clf,d_h3,26,1,6,0,39,21,0.033049,2.053636
2,clf,d_h3,27,1,6,1,145,131,0.085496,2.367136
2,clf,d_h3,28,1,7,0,40,17,0.21454,3.084558
2,clf,d_h3,29,1,7,1,154,86,0.105835,1.971871
2,clf,d_h3,30,1,8,0,46,84,0.229244,3.253776
2,clf,d_h3,31,1,8,1,168,242,0.037181,1.987332
2,clf,d_h3,32,1,9,0,57,9,0.176534,4.029989
2,clf,d_h3,33,1,9,1,176,108,0.156133,3.064433
2,clf,d_h3,34,2,3,0,43,32,0.073752,1.472747
2,clf,d_h3,35,2,3,1,199,173,0.180008,2.880263
2,clf,d_h3,36,2,4,0,47,19,0.090292,2.028805
2,clf,d_h3,37,2,4,1,208,103,0.147375,2.498925
2,clf,d_h3,38,2,5,0,72,23,0.086649,1.634943
2,clf,d_h3,39,2,5,1,221,155,0.049324,1.729266
2,clf,d_h3,40,2,6,0,77,22,0.058324,2.40441
2,clf,d_h3,41,2,6,1,222,138,0.059536,2.343732
2,clf,d_h3,42,2,7,0,82,26,0.160009,2.015249
2,clf,d_h3,43,2,7,1,225,97,0.111023,1.829991
2,clf,d_h3,44,2,8,0,106,110,0.081823,1.703507
2,clf,d_h3,45,2,8,1,236,257,0.18897,2.192056
2,clf,d_h3,46,2,9,0,119,12,0.255183,3.538704
2,clf,d_h3,47,2,9,1,237,113,0.1601,2.070604
2,clf,d_h3,48,3,4,0,51,24,0.356202,4.41231
2,clf,d_h3,49,3,4,1,200,109,0.294932,4.931307
2,clf,d_h3,50,3,5,0,63,45,0.12591,1.777126
2,clf,d_h3,51,3,5,1,205,162,0.016438,1.480818
2,clf,d_h3,52,3,6,0,68,50,0.133803,1.812747
2,clf,d_h3,53,3,6,1,213,140,0.13459,1.720445
2,clf,d_h3,54,3,7,0,76,34,0.114101,2.038615
2,clf,d_h3,55,3,7,1,216,111,0.194071,2.042066
2,clf,d_h3,56,3,8,0,87,128,0.205114,2.38466
2,clf,d_h3,57,3,8,1,230,260,0.105435,2.262984
2,clf,d_h3,58,3,9,0,90,16,0.308993,3.63168
2,clf,d_h3,59,3,9,1,231,118,0.290949,2.921203
2,clf,d_h3,60,4,5,0,33,52,0.09761,2.573416
2,clf,d_h3,61,4,5,1,116,165,0.100308,2.212012
2,clf,d_h3,62,4,6,0,42,54,0.047035,2.237326
2,clf,d_h3,63,4,6,1,117,156,0.116706,2.368516
2,clf,d_h3,64,4,7,0,48,36,0.113083,2.615926
2,clf,d_h3,65,4,7,1,121,114,0.038251,1.869228
2,clf,d_h3,66,4,8,0,49,134,0.190178,2.538329
2,clf,d_h3,67,4,8,1,139,266,0.259363,5.463153
2,clf,d_h3,68,4,9,0,56,20,0.242622,2.271406
2,clf,d_h3,69,4,9,1,159,125,0.02486,2.02567
2,clf,d_h3,70,5,6,0,59,66,0.055445,2.747124
2,clf,d_h3,71,5,6,1,182,161,0.062371,1.827535
2,clf,d_h3,72,5,7,0,102,41,0.235186,2.691917
2,clf,d_h3,73,5,7,1,187,122,0.18176,2.611893
2,clf,d_h3,74,5,8,0,120,146,0.197462,2.159011
2,clf,d_h3,75,5,8,1,207,268,0.11814,1.72413
2,clf,d_h3,76,5,9,0,127,58,0.188928,2.186686
2,clf,d_h3,77,5,9,1,211,150,0.076249,2.394451
2,clf,d_h3,78,6,7,0,88,60,0.313246,4.727568
2,clf,d_h3,79,6,7,1,197,124,0.249709,2.50172
2,clf,d_h3,80,6,8,0,91,177,0.203754,2.020031
2,clf,d_h3,81,6,8,1,201,277,0.293788,2.644344
2,clf,d_h3,82,6,9,0,98,62,0.188701,2.01382
2,clf,d_h3,83,6,9,1,217,151,0.273224,4.310721
2,clf,d_h3,84,7,8,0,70,179,0.240366,3.171512
2,clf,d_h3,85,7,8,1,141,290,0.257646,3.045395
2,clf,d_h3,86,7,9,0,75,73,0.019124,2.205449
2,clf,d_h3,87,7,9,1,144,185,0.148896,2.586505
2,clf,d_h3,88,8,9,0,184,78,0.112944,2.47278
2,clf,d_h3,89,8,9,1,338,193,0.078692,4.030281
2,clf,d_out,0,0,1,0,10,2,0.151639,6.382835
2,clf,d_out,1,0,1,1,183,94,0.112004,4.623135
2,clf,d_out,2,0,2,0,13,1,0.187175,6.737342
2,clf,d_out,3,0,2,1,188,172,0.156856,7.626158
2,clf,d_out,4,0,3,0,25,18,0.261425,10.625582
2,clf,d_out,5,0,3,1,192,142,0.226746,9.430063
2,clf,d_out,6,0,4,0,28,4,0.123707,8.877426
2,clf,d_out,7,0,4,1,194,85,0.183956,9.149318
2,clf,d_out,8,0,5,0,55,8,0.219517,5.58868
2,clf,d_out,9,0,5,1,215,152,0.164972,5.947274
2,clf,d_out,10,0,6,0,69,11,0.184137,5.334661
2,clf,d_out,11,0,6,1,246,130,0.106588,5.686846
2,clf,d_out,12,0,7,0,71,0,0.201834,7.723701
2,clf,d_out,13,0,7,1,269,83,0.246965,5.209595
2,clf,d_out,14,0,8,0,101,61,0.204302,8.441806
2,clf,d_out,15,0,8,1,271,233,0.166111,10.687386
2,clf,d_out,16,0,9,0,126,7,0.288295,3.85516
2,clf,d_out,17,0,9,1,294,105,0.110744,5.328217
2,clf,d_out,18,1,2,0,14,35,0.12046,5.219725
2,clf,d_out,19,1,2,1,107,174,0.2006,4.276955
2,clf,d_out,20,1,3,0,29,30,0.291486,7.332611
2,clf,d_out,21,1,3,1,135,158,0.189794,5.252379
2,clf,d_out,22,1,4,0,31,6,0.17823,5.154875
2,clf,d_out,23,1,4,1,137,95,0.104877,3.679782
2,clf,d_out,24,1,5,0,37,15,0.144694,3.869587
2,clf,d_out,25,1,5,1,143,153,0.116328,3.187595
2,clf,d_out,26,1,6,0,39,21,0.2041,3.778827
2,clf,d_out,27,1,6,1,145,131,0.164444,2.915604
2,clf,d_out,28,1,7,0,40,17,0.206639,5.112341
2,clf,d_out,29,1,7,1,154,86,0.182021,4.291605
2,clf,d_out,30,1,8,0,46,84,0.272278,7.650733
2,clf,d_out,31,1,8,1,168,242,0.15279,4.203981
2,clf,d_out,32,1,9,0,57,9,0.132944,4.244534
2,clf,d_out,33,1,9,1,176,108,0.188713,4.243992
2,clf,d_out,34,2,3,0,43,32,0.179386,5.123359
2,clf,d_out,35,2,3,1,199,173,0.32175,5.244306
2,clf,d_out,36,2,4,0,47,19,0.06211,3.644848
2,clf,d_out,37,2,4,1,208,103,0.183862,5.195742
2,clf,d_out,38,2,5,0,72,23,0.19752,5.273902
2,clf,d_out,39,2,5,1,221,155,0.169837,3.564799
2,clf,d_out,40,2,6,0,77,22,0.242656,9.741378
2,clf,d_out,41,2,6,1,222,138,0.168869,6.868947
2,clf,d_out,42,2,7,0,82,26,0.17782,5.35838
2,clf,d_out,43,2,7,1,225,97,0.150363,4.087961
2,clf,d_out,44,2,8,0,106,110,0.143111,4.386441
2,clf,d_out,45,2,8,1,236,257,0.160349,4.018176
2,clf,d_out,46,2,9,0,119,12,0.196881,4.651612
2,clf,d_out,47,2,9,1,237,113,0.134572,4.895794
2,clf,d_out,48,3,4,0,51,24,0.268759,12.130758
2,clf,d_out,49,3,4,1,200,109,0.161654,6.189029
2,clf,d_out,50,3,5,0,63,45,0.203138,4.693651
2,clf,d_out,51,3,5,1,205,162,0.223954,10.326118
2,clf,d_out,52,3,6,0,68,50,0.164282,4.326594
2,clf,d_out,53,3,6,1,213,140,0.183824,5.190915
2,clf,d_out,54,3,7,0,76,34,0.110568,3.404799
2,clf,d_out,55,3,7,1,216,111,0.169672,2.593178
2,clf,d_out,56,3,8,0,87,128,0.176168,6.497973
2,clf,d_out,57,3,8,1,230,260,0.120674,4.505241
2,clf,d_out,58,3,9,0,90,16,0.125417,2.986479
2,clf,d_out,59,3,9,1,231,118,0.103173,3.538412
2,clf,d_out,60,4,5,0,33,52,0.264756,4.966664
2,clf,d_out,61,4,5,1,116,165,0.161188,5.73816
2,clf,d_out,62,4,6,0,42,54,0.146717,4.983294
2,clf,d_out,63,4,6,1,117,156,0.213841,6.343019
2,clf,d_out,64,4,7,0,48,36,0.135935,4.998636
2,clf,d_out,65,4,7,1,121,114,0.137117,4.037184
2,clf,d_out,66,4,8,0,49,134,0.08208,5.265355
2,clf,d_out,67,4,8,1,139,266,0.124638,4.577635
2,clf,d_out,68,4,9,0,56,20,0.200777,6.202764
2,clf,d_out,69,4,9,1,159,125,0.119188,3.368169
2,clf,d_out,70,5,6,0,59,66,0.193536,10.492075
2,clf,d_out,71,5,6,1,182,161,0.189568,5.450618
2,clf,d_out,72,5,7,0,102,41,0.130905,4.42867
2,clf,d_out,73,5,7,1,187,122,0.06982,3.123409
2,clf,d_out,74,5,8,0,120,146,0.174621,5.372593
2,clf,d_out,75,5,8,1,207,268,0.173854,3.210706
2,clf,d_out,76,5,9,0,127,58,0.157928,5.242294
2,clf,d_out,77,5,9,1,211,150,0.085317,3.872473
2,clf,d_out,78,6,7,0,88,60,0.249257,15.178427
2,clf,d_out,79,6,7,1,197,124,0.109274,5.093606
2,clf,d_out,80,6,8,0,91,177,0.175132,6.145617
2,clf,d_out,81,6,8,1,201,277,0.156359,6.759453
2,clf,d_out,82,6,9,0,98,62,0.123237,3.568068
2,clf,d_out,83,6,9,1,217,151,0.529795,9.135061
2,clf,d_out,84,7,8,0,70,179,0.144188,4.61328
2,clf,d_out,85,7,8,1,141,290,0.179086,3.899139
2,clf,d_out,86,7,9,0,75,73,0.306234,5.406857
2,clf,d_out,87,7,9,1,144,185,0.316348,4.930821
2,clf,d_out,88,8,9,0,184,78,0.11821,3.258991
2,clf,d_out,89,8,9,1,338,193,0.163654,6.443686
2,pre,d_h2,0,0,1,0,10,2,0.054947,1.313677
2,pre,d_h2,1,0,1,1,183,94,0.050378,1.243685
2,pre,d_h2,2,0,2,0,13,1,0.002783,1.042143
2,pre,d_h2,3,0,2,1,188,172,0.014344,1.077695
2,pre,d_h2,4,0,3,0,25,18,0.033055,1.20225
2,pre,d_h2,5,0,3,1,192,142,0.031668,1.222104
2,pre,d_h2,6,0,4,0,28,4,0.034543,1.211058
2,pre,d_h2,7,0,4,1,194,85,0.003402,1.052612
2,pre,d_h2,8,0,5,0,55,8,0.014406,1.099408
2,pre,d_h2,9,0,5,1,215,152,0.038673,1.22218
2,pre,d_h2,10,0,6,0,69,11,0.026482,1.120584
2,pre,d_h2,11,0,6,1,246,130,0.016853,1.082655
2,pre,d_h2,12,0,7,0,71,0,0.062215,1.35814
2,pre,d_h2,13,0,7,1,269,83,0.020454,1.14334
2,pre,d_h2,14,0,8,0,101,61,0.008767,1.11571
2,pre,d_h2,15,0,8,1,271,233,0.016535,1.087075
2,pre,d_h2,16,0,9,0,126,7,0.037348,1.205579
2,pre,d_h2,17,0,9,1,294,105,0.02566,1.165737
2,pre,d_h2,18,1,2,0,14,35,0.010605,1.061565
2,pre,d_h2,19,1,2,1,107,174,0.002291,1.058806
2,pre,d_h2,20,1,3,0,29,30,0.028157,1.156765
2,pre,d_h2,21,1,3,1,135,158,0.003583,1.134346
2,pre,d_h2,22,1,4,0,31,6,0.012008,1.074731
2,pre,d_h2,23,1,4,1,137,95,0.01209,1.06222
2,pre,d_h2,24,1,5,0,37,15,0.006123,1.089163
2,pre,d_h2,25,1,5,1,143,153,0.007473,1.059771
2,pre,d_h2,26,1,6,0,39,21,0.006459,1.035285
2,pre,d_h2,27,1,6,1,145,131,0.030446,1.195115
2,pre,d_h2,28,1,7,0,40,17,0.023316,1.111627
2,pre,d_h2,29,1,7,1,154,86,0.025142,1.181692
2,pre,d_h2,30,1,8,0,46,84,0.013986,1.061064
2,pre,d_h2,31,1,8,1,168,242,0.029434,1.146942
2,pre,d_h2,32,1,9,0,57,9,0.018026,1.092196
2,pre,d_h2,33,1,9,1,176,108,0.018977,1.104373
2,pre,d_h2,34,2,3,0,43,32,0.003506,1.099034
2,pre,d_h2,35,2,3,1,199,173,0.05921,1.358175
2,pre,d_h2,36,2,4,0,47,19,0.023361,1.122128
2,pre,d_h2,37,2,4,1,208,103,0.005805,1.206879
2,pre,d_h2,38,2,5,0,72,23,0.015471,1.076265
2,pre,d_h2,39,2,5,1,221,155,0.018249,1.10701
2,pre,d_h2,40,2,6,0,77,22,0.015674,1.068506
2,pre,d_h2,41,2,6,1,222,138,0.037307,1.203785
2,pre,d_h2,42,2,7,0,82,26,0.061619,1.43391
2,pre,d_h2,43,2,7,1,225,97,0.018667,1.072701
2,pre,d_h2,44,2,8,0,106,110,0.015234,1.08695
2,pre,d_h2,45,2,8,1,236,257,0.02894,1.14177
2,pre,d_h2,46,2,9,0,119,12,0.030323,1.142758
2,pre,d_h2,47,2,9,1,237,113,0.005394,1.054794
2,pre,d_h2,48,3,4,0,51,24,0.054566,1.313359
2,pre,d_h2,49,3,4,1,200,109,0.045056,1.210299
2,pre,d_h2,50,3,5,0,63,45,0.025164,1.141484
2,pre,d_h2,51,3,5,1,205,162,0.013298,1.068997
2,pre,d_h2,52,3,6,0,68,50,0.045648,1.280874
2,pre,d_h2,53,3,6,1,213,140,0.027191,1.140857
2,pre,d_h2,54,3,7,0,76,34,0.010351,1.063967
2,pre,d_h2,55,3,7,1,216,111,0.033829,1.211249
2,pre,d_h2,56,3,8,0,87,128,0.014285,1.079923
2,pre,d_h2,57,3,8,1,230,260,0.009641,1.079455
2,pre,d_h2,58,3,9,0,90,16,0.016556,1.087829
2,pre,d_h2,59,3,9,1,231,118,0.016994,1.074582
2,pre,d_h2,60,4,5,0,33,52,0.004753,1.049066
2,pre,d_h2,61,4,5,1,116,165,0.004396,1.103216
2,pre,d_h2,62,4,6,0,42,54,0.004963,1.054746
2,pre,d_h2,63,4,6,1,117,156,0.013915,1.079849
2,pre,d_h2,64,4,7,0,48,36,0.02569,1.110208
2,pre,d_h2,65,4,7,1,121,114,0.01675,1.079419
2,pre,d_h2,66,4,8,0,49,134,0.004536,1.079485
2,pre,d_h2,67,4,8,1,139,266,0.003636,1.061726
2,pre,d_h2,68,4,9,0,56,20,0.019277,1.138441
2,pre,d_h2,69,4,9,1,159,125,0.004264,1.048779
2,pre,d_h2,70,5,6,0,59,66,0.00508,1.078504
2,pre,d_h2,71,5,6,1,182,161,0.019276,1.103693
2,pre,d_h2,72,5,7,0,102,41,0.032188,1.143126
2,pre,d_h2,73,5,7,1,187,122,0.038579,1.204329
2,pre,d_h2,74,5,8,0,120,146,0.030323,1.15522
2,pre,d_h2,75,5,8,1,207,268,0.011773,1.076382
2,pre,d_h2,76,5,9,0,127,58,0.008634,1.060115
2,pre,d_h2,77,5,9,1,211,150,0.000783,1.091135
2,pre,d_h2,78,6,7,0,88,60,0.019506,1.102322
2,pre,d_h2,79,6,7,1,197,124,0.028684,1.161303
2,pre,d_h2,80,6,8,0,91,177,0.007467,1.052177
2,pre,d_h2,81,6,8,1,201,277,0.003351,1.041341
2,pre,d_h2,82,6,9,0,98,62,0.039971,1.220903
2,pre,d_h2,83,6,9,1,217,151,0.017291,1.178618
2,pre,d_h2,84,7,8,0,70,179,0.005639,1.097959
2,pre,d_h2,85,7,8,1,141,290,0.007119,1.072079
2,pre,d_h2,86,7,9,0,75,73,0.004235,1.28476
2,pre,d_h2,87,7,9,1,144,185,0.019341,1.104252
2,pre,d_h2,88,8,9,0,184,78,0.03096,1.218091
2,pre,d_h2,89,8,9,1,338,193,0.038571,1.18255
2,pre,d_h3,0,0,1,0,10,2,0.072102,1.356629
2,pre,d_h3,1,0,1,1,183,94,0.052583,1.251622
2,pre,d_h3,2,0,2,0,13,1,0.003388,1.063627
2,pre,d_h3,3,0,2,1,188,172,0.043095,1.232886
2,pre,d_h3,4,0,3,0,25,18,0.040411,1.260996
2,pre,d_h3,5,0,3,1,192,142,0.072622,1.574726
2,pre,d_h3,6,0,4,0,28,4,0.053001,1.361148
2,pre,d_h3,7,0,4,1,194,85,0.017426,1.136678
2,pre,d_h3,8,0,5,0,55,8,0.007481,1.193201
2,pre,d_h3,9,0,5,1,215,152,0.040617,1.190007
2,pre,d_h3,10,0,6,0,69,11,0.027404,1.165858
2,pre,d_h3,11,0,6,1,246,130,0.014493,1.085085
2,pre,d_h3,12,0,7,0,71,0,0.113817,1.649331
2,pre,d_h3,13,0,7,1,269,83,0.068712,1.437328
2,pre,d_h3,14,0,8,0,101,61,0.005725,1.102516
2,pre,d_h3,15,0,8,1,271,233,0.055168,1.252572
2,pre,d_h3,16,0,9,0,126,7,0.043187,1.253172
2,pre,d_h3,17,0,9,1,294,105,0.039636,1.324447
2,pre,d_h3,18,1,2,0,14,35,0.007993,1.123947
2,pre,d_h3,19,1,2,1,107,174,0.008918,1.3121
2,pre,d_h3,20,1,3,0,29,30,0.006403,1.126188
2,pre,d_h3,21,1,3,1,135,158,0.016494,1.443129
2,pre,d_h3,22,1,4,0,31,6,0.023891,1.156205
2,pre,d_h3,23,1,4,1,137,95,0.01745,1.166427
2,pre,d_h3,24,1,5,0,37,15,0.012008,1.290252
2,pre,d_h3,25,1,5,1,143,153,0.017816,1.338804
2,pre,d_h3,26,1,6,0,39,21,0.011771,1.162156
2,pre,d_h3,27,1,6,1,145,131,0.038474,1.252282
2,pre,d_h3,28,1,7,0,40,17,0.012345,1.148838
2,pre,d_h3,29,1,7,1,154,86,0.016223,1.192176
2,pre,d_h3,30,1,8,0,46,84,0.024529,1.127678
2,pre,d_h3,31,1,8,1,168,242,0.040979,1.224858
2,pre,d_h3,32,1,9,0,57,9,0.020333,1.126641
2,pre,d_h3,33,1,9,1,176,108,0.020176,1.159
2,pre,d_h3,34,2,3,0,43,32,0.013202,1.382056
2,pre,d_h3,35,2,3,1,199,173,0.067762,1.391295
2,pre,d_h3,36,2,4,0,47,19,0.024078,1.16412
2,pre,d_h3,37,2,4,1,208,103,0.016405,1.480524
2,pre,d_h3,38,2,5,0,72,23,0.014971,1.112455
2,pre,d_h3,39,2,5,1,221,155,0.020071,1.176332
2,pre,d_h3,40,2,6,0,77,22,0.026867,1.181069
2,pre,d_h3,41,2,6,1,222,138,0.045763,1.280926
2,pre,d_h3,42,2,7,0,82,26,0.082933,1.502378
2,pre,d_h3,43,2,7,1,225,97,0.024027,1.120907
2,pre,d_h3,44,2,8,0,106,110,0.01961,1.200072
2,pre,d_h3,45,2,8,1,236,257,0.056151,1.296222
2,pre,d_h3,46,2,9,0,119,12,0.064553,1.325715
2,pre,d_h3,47,2,9,1,237,113,0.011317,1.094836
2,pre,d_h3,48,3,4,0,51,24,0.07535,1.413302
2,pre,d_h3,49,3,4,1,200,109,0.056867,1.269159
2,pre,d_h3,50,3,5,0,63,45,0.04745,1.37721
2,pre,d_h3,51,3,5,1,205,162,0.013857,1.186179
2,pre,d_h3,52,3,6,0,68,50,0.051767,1.271552
2,pre,d_h3,53,3,6,1,213,140,0.045919,1.368778
2,pre,d_h3,54,3,7,0,76,34,0.013375,1.152074
2,pre,d_h3,55,3,7,1,216,111,0.044148,1.221454
2,pre,d_h3,56,3,8,0,87,128,0.008785,1.08878
2,pre,d_h3,57,3,8,1,230,260,0.018991,1.208542
2,pre,d_h3,58,3,9,0,90,16,0.043239,1.24577
2,pre,d_h3,59,3,9,1,231,118,0.030838,1.165569
2,pre,d_h3,60,4,5,0,33,52,0.006459,1.111498
2,pre,d_h3,61,4,5,1,116,165,0.00572,1.394835
2,pre,d_h3,62,4,6,0,42,54,0.003199,1.094148
2,pre,d_h3,63,4,6,1,117,156,0.02754,1.280625
2,pre,d_h3,64,4,7,0,48,36,0.062102,1.293479
2,pre,d_h3,65,4,7,1,121,114,0.051776,1.281206
2,pre,d_h3,66,4,8,0,49,134,0.015108,1.452713
2,pre,d_h3,67,4,8,1,139,266,0.008719,1.176
2,pre,d_h3,68,4,9,0,56,20,0.026958,1.170745
2,pre,d_h3,69,4,9,1,159,125,0.003774,1.110253
2,pre,d_h3,70,5,6,0,59,66,0.01588,1.172966
2,pre,d_h3,71,5,6,1,182,161,0.024026,1.126474
2,pre,d_h3,72,5,7,0,102,41,0.058535,1.329014
2,pre,d_h3,73,5,7,1,187,122,0.057757,1.283291
2,pre,d_h3,74,5,8,0,120,146,0.014168,1.073414
2,pre,d_h3,75,5,8,1,207,268,0.028744,1.159731
2,pre,d_h3,76,5,9,0,127,58,0.032226,1.204719
2,pre,d_h3,77,5,9,1,211,150,0.030317,1.446283
2,pre,d_h3,78,6,7,0,88,60,0.029781,1.207652
2,pre,d_h3,79,6,7,1,197,124,0.048608,1.351756
2,pre,d_h3,80,6,8,0,91,177,0.010112,1.080608
2,pre,d_h3,81,6,8,1,201,277,0.012125,1.071838
2,pre,d_h3,82,6,9,0,98,62,0.052198,1.329177
2,pre,d_h3,83,6,9,1,217,151,0.034761,1.443255
2,pre,d_h3,84,7,8,0,70,179,0.00385,1.173341
2,pre,d_h3,85,7,8,1,141,290,0.010784,1.099756
2,pre,d_h3,86,7,9,0,75,73,0.009244,1.918073
2,pre,d_h3,87,7,9,1,144,185,0.014168,1.135427
2,pre,d_h3,88,8,9,0,184,78,0.027111,1.170136
2,pre,d_h3,89,8,9,1,338,193,0.044348,1.236368
2,pre,d_out,0,0,1,0,10,2,0.086483,1.541602
2,pre,d_out,1,0,1,1,183,94,0.077286,1.362165
2,pre,d_out,2,0,2,0,13,1,0.028099,1.296765
2,pre,d_out,3,0,2,1,188,172,0.044637,1.268131
2,pre,d_out,4,0,3,0,25,18,0.055701,1.398705
2,pre,d_out,5,0,3,1,192,142,0.066166,1.599331
2,pre,d_out,6,0,4,0,28,4,0.055149,1.518296
2,pre,d_out,7,0,4,1,194,85,0.01017,1.098222
2,pre,d_out,8,0,5,0,55,8,0.023631,1.55481
2,pre,d_out,9,0,5,1,215,152,0.056371,1.340749
2,pre,d_out,10,0,6,0,69,11,0.031443,1.18745
2,pre,d_out,11,0,6,1,246,130,0.034944,1.169083
2,pre,d_out,12,0,7,0,71,0,0.132918,1.874462
2,pre,d_out,13,0,7,1,269,83,0.085298,1.502135
2,pre,d_out,14,0,8,0,101,61,0.015822,1.093756
2,pre,d_out,15,0,8,1,271,233,0.055343,1.298783
2,pre,d_out,16,0,9,0,126,7,0.07547,1.464968
2,pre,d_out,17,0,9,1,294,105,0.043027,1.450616
2,pre,d_out,18,1,2,0,14,35,0.020998,1.452184
2,pre,d_out,19,1,2,1,107,174,0.0262,1.433953
2,pre,d_out,20,1,3,0,29,30,0.029681,1.283644
2,pre,d_out,21,1,3,1,135,158,0.02932,1.72762
2,pre,d_out,22,1,4,0,31,6,0.014315,1.298039
2,pre,d_out,23,1,4,1,137,95,0.01132,1.489317
2,pre,d_out,24,1,5,0,37,15,0.032874,1.802759
2,pre,d_out,25,1,5,1,143,153,0.116495,2.030308
2,pre,d_out,26,1,6,0,39,21,0.074274,1.785508
2,pre,d_out,27,1,6,1,145,131,0.014606,1.280341
2,pre,d_out,28,1,7,0,40,17,0.022095,1.29046
2,pre,d_out,29,1,7,1,154,86,0.064366,1.620036
2,pre,d_out,30,1,8,0,46,84,0.005805,1.159353
2,pre,d_out,31,1,8,1,168,242,0.014923,1.690953
2,pre,d_out,32,1,9,0,57,9,0.037599,1.382715
2,pre,d_out,33,1,9,1,176,108,0.071576,1.788756
2,pre,d_out,34,2,3,0,43,32,0.026873,1.731937
2,pre,d_out,35,2,3,1,199,173,0.100993,1.581705
2,pre,d_out,36,2,4,0,47,19,0.036307,1.488024
2,pre,d_out,37,2,4,1,208,103,0.032961,1.661815
2,pre,d_out,38,2,5,0,72,23,0.072328,1.372394
2,pre,d_out,39,2,5,1,221,155,0.035644,1.346875
2,pre,d_out,40,2,6,0,77,22,0.041161,1.257812
2,pre,d_out,41,2,6,1,222,138,0.051872,1.239315
2,pre,d_out,42,2,7,0,82,26,0.11508,1.801939
2,pre,d_out,43,2,7,1,225,97,0.021466,1.169173
2,pre,d_out,44,2,8,0,106,110,0.035975,1.268031
2,pre,d_out,45,2,8,1,236,257,0.055054,1.355434
2,pre,d_out,46,2,9,0,119,12,0.065755,1.389235
2,pre,d_out,47,2,9,1,237,113,0.046022,1.388487
2,pre,d_out,48,3,4,0,51,24,0.102449,1.554819
2,pre,d_out,49,3,4,1,200,109,0.082285,1.416254
2,pre,d_out,50,3,5,0,63,45,0.069439,1.473153
2,pre,d_out,51,3,5,1,205,162,0.011752,1.60816
2,pre,d_out,52,3,6,0,68,50,0.06922,1.425086
2,pre,d_out,53,3,6,1,213,140,0.046937,1.49753
2,pre,d_out,54,3,7,0,76,34,0.023532,1.258633
2,pre,d_out,55,3,7,1,216,111,0.050759,1.338227
2,pre,d_out,56,3,8,0,87,128,0.005012,1.094303
2,pre,d_out,57,3,8,1,230,260,0.049645,1.519645
2,pre,d_out,58,3,9,0,90,16,0.029907,1.258871
2,pre,d_out,59,3,9,1,231,118,0.075894,1.36933
2,pre,d_out,60,4,5,0,33,52,0.043092,1.392377
2,pre,d_out,61,4,5,1,116,165,0.03812,1.868758
2,pre,d_out,62,4,6,0,42,54,0.005232,1.212776
2,pre,d_out,63,4,6,1,117,156,0.018379,1.507608
2,pre,d_out,64,4,7,0,48,36,0.066166,1.380029
2,pre,d_out,65,4,7,1,121,114,0.034071,1.319398
2,pre,d_out,66,4,8,0,49,134,0.011855,1.610271
2,pre,d_out,67,4,8,1,139,266,0.026733,1.290983
2,pre,d_out,68,4,9,0,56,20,0.03903,1.345319
2,pre,d_out,69,4,9,1,159,125,0.031277,1.253092
2,pre,d_out,70,5,6,0,59,66,0.039751,1.416141
2,pre,d_out,71,5,6,1,182,161,0.005186,1.131734
2,pre,d_out,72,5,7,0,102,41,0.07431,1.351535
2,pre,d_out,73,5,7,1,187,122,0.046706,1.273065
2,pre,d_out,74,5,8,0,120,146,0.051878,1.24034
2,pre,d_out,75,5,8,1,207,268,0.017461,1.137953
2,pre,d_out,76,5,9,0,127,58,0.045262,1.294062
2,pre,d_out,77,5,9,1,211,150,0.040791,1.664843
2,pre,d_out,78,6,7,0,88,60,0.077866,1.613383
2,pre,d_out,79,6,7,1,197,124,0.076184,1.631439
2,pre,d_out,80,6,8,0,91,177,0.029188,1.216352
2,pre,d_out,81,6,8,1,201,277,0.044274,1.2572
2,pre,d_out,82,6,9,0,98,62,0.049797,1.298568
2,pre,d_out,83,6,9,1,217,151,0.032714,1.426538
2,pre,d_out,84,7,8,0,70,179,0.03553,1.539388
2,pre,d_out,85,7,8,1,141,290,0.063356,1.327109
2,pre,d_out,86,7,9,0,75,73,0.027385,3.064321
2,pre,d_out,87,7,9,1,144,185,0.028909,1.261032
2,pre,d_out,88,8,9,0,184,78,0.029336,1.317211
2,pre,d_out,89,8,9,1,338,193,0.058422,1.494157
